Transaction_ID,Account_ID,Transaction_Date,Transaction_Time,Transaction_Type,Amount,Merchant_Name,City,Device_Type,Is_Fraud,Fraud_Reason
900001,500000003,2026-11-16,18:00:09,RTGS,88215,Zomato,Kolkata,Laptop,No,Normal Transaction
900002,500000037,2026-07-14,08:17:43,IMPS,9070,Zomato,Lucknow,POS,No,Normal Transaction
900003,500000012,2026-09-19,08:08:12,RTGS,78979,DMart,Pune,ATM,No,Normal Transaction
900004,500000079,2026-03-27,16:08:24,Credit Card,23339,DMart,Mumbai,POS,No,Normal Transaction
900005,500000005,2026-10-29,11:01:50,NEFT,21618,Uber,Kolkata,Mobile,No,Normal Transaction
900006,500000069,2026-10-25,16:38:26,IMPS,28497,Amazon,Pune,POS,No,Normal Transaction
900007,500000001,2026-10-31,19:00:29,UPI,49501,Paytm,Lucknow,POS,No,Normal Transaction
900008,500000026,2026-02-25,00:26:27,NEFT,3601,Reliance,Bengaluru,Mobile,No,Normal Transaction
900009,500000054,2026-01-18,05:50:35,IMPS,56298,Zomato,Mumbai,ATM,No,Normal Transaction
900010,500000086,2026-08-11,08:35:40,UPI,82268,Swiggy,Bengaluru,ATM,No,Normal Transaction
900011,500000013,2026-04-16,02:55:08,Credit Card,27697,DMart,Pune,POS,No,Normal Transaction
900012,500000012,2026-11-08,10:51:08,UPI,48813,Zomato,Hyderabad,ATM,No,Normal Transaction
900013,500000154,2026-09-17,04:42:35,UPI,50471,Reliance,Lucknow,ATM,Yes,High Amount
900014,500000019,2026-12-10,10:02:27,UPI,38090,Uber,Bengaluru,ATM,No,Normal Transaction
900015,500000065,2026-09-21,08:20:09,ATM,13737,PhonePe,Delhi,POS,No,Normal Transaction
900016,500000121,2026-01-08,05:34:36,IMPS,19085,IRCTC,Bengaluru,Laptop,No,Normal Transaction
900017,500000160,2026-09-13,10:10:43,UPI,92075,DMart,Lucknow,Mobile,No,Normal Transaction
900018,500000004,2026-02-03,12:33:52,ATM,94512,Reliance,Pune,ATM,No,Normal Transaction
900019,500000127,2026-02-16,21:09:28,UPI,47256,Zomato,Lucknow,POS,No,Normal Transaction
900020,500000180,2026-08-19,06:40:36,UPI,45366,IRCTC,Hyderabad,Laptop,No,Normal Transaction
900021,500000054,2026-03-27,11:30:33,Credit Card,33241,Zomato,Pune,ATM,No,Normal Transaction
900022,500000055,2026-09-01,18:21:46,RTGS,62736,IRCTC,Hyderabad,Mobile,No,Normal Transaction
900023,500000086,2026-09-18,01:36:47,NEFT,28581,Flipkart,Hyderabad,ATM,No,Normal Transaction
900024,500000154,2026-04-05,06:26:32,NEFT,79796,Flipkart,Pune,ATM,No,Normal Transaction
900025,500000172,2026-10-28,16:59:53,Debit Card,23100,Paytm,Delhi,Mobile,No,Normal Transaction
900026,500000050,2026-07-19,05:25:55,Credit Card,56578,Amazon,Hyderabad,Mobile,No,Normal Transaction
900027,500000112,2026-07-18,01:19:20,UPI,85958,Swiggy,Lucknow,Laptop,No,Normal Transaction
900028,500000132,2026-11-08,04:56:18,Credit Card,33118,Zomato,Hyderabad,Mobile,No,Normal Transaction
900029,500000066,2026-02-08,02:18:49,NEFT,76655,Swiggy,Bengaluru,POS,No,Normal Transaction
900030,500000077,2026-03-27,16:31:41,Debit Card,45432,PhonePe,Hyderabad,POS,No,Normal Transaction
900031,500000069,2026-03-21,13:25:19,ATM,49863,Swiggy,Kolkata,Mobile,No,Normal Transaction
900032,500000117,2026-07-21,17:11:57,RTGS,75720,Flipkart,Lucknow,POS,No,Normal Transaction
900033,500000103,2026-03-17,11:15:36,NEFT,56938,Reliance,Bengaluru,Laptop,No,Normal Transaction
900034,500000110,2026-10-22,14:12:46,UPI,52577,Reliance,Bengaluru,POS,No,Normal Transaction
900035,500000029,2026-10-06,11:42:53,ATM,30386,Swiggy,Lucknow,Mobile,No,Normal Transaction
900036,500000027,2026-01-23,11:35:19,UPI,42769,Swiggy,Pune,ATM,Yes,Different City
900037,500000175,2026-11-20,15:53:09,RTGS,519,Amazon,Mumbai,POS,No,Normal Transaction
900038,500000171,2026-10-27,21:51:29,RTGS,54364,Uber,Mumbai,Laptop,Yes,High Amount
900039,500000038,2026-05-12,17:42:19,NEFT,79178,Paytm,Delhi,POS,No,Normal Transaction
900040,500000141,2026-01-21,07:01:37,RTGS,63375,Paytm,Lucknow,POS,No,Normal Transaction
900041,500000020,2026-06-12,11:25:00,UPI,98104,Zomato,Pune,ATM,No,Normal Transaction
900042,500000177,2026-02-28,23:54:36,Debit Card,81144,Paytm,Kolkata,POS,No,Normal Transaction
900043,500000115,2026-09-19,11:19:11,IMPS,89411,PhonePe,Lucknow,ATM,No,Normal Transaction
900044,500000055,2026-01-25,05:19:55,Debit Card,58070,Uber,Mumbai,POS,No,Normal Transaction
900045,500000085,2026-01-15,21:57:21,IMPS,6876,Flipkart,Lucknow,Mobile,No,Normal Transaction
900046,500000045,2026-05-28,11:17:13,UPI,96935,PhonePe,Bengaluru,POS,No,Normal Transaction
900047,500000017,2026-06-16,20:38:38,UPI,62286,IRCTC,Bengaluru,ATM,No,Normal Transaction
900048,500000088,2026-09-23,01:34:09,IMPS,96026,Reliance,Mumbai,Mobile,No,Normal Transaction
900049,500000123,2026-02-17,20:27:25,IMPS,68992,Flipkart,Lucknow,POS,No,Normal Transaction
900050,500000019,2026-01-15,21:08:59,UPI,7176,Paytm,Pune,Mobile,No,Normal Transaction
900051,500000040,2026-11-29,16:29:15,Debit Card,68504,PhonePe,Lucknow,Mobile,No,Normal Transaction
900052,500000039,2026-06-22,15:02:45,IMPS,90418,DMart,Mumbai,POS,No,Normal Transaction
900053,500000080,2026-09-12,18:58:31,Credit Card,45914,IRCTC,Pune,Laptop,No,Normal Transaction
900054,500000176,2026-11-30,16:16:16,RTGS,97670,Amazon,Mumbai,POS,No,Normal Transaction
900055,500000085,2026-06-26,01:28:43,RTGS,97932,Uber,Hyderabad,Mobile,No,Normal Transaction
900056,500000133,2026-09-25,13:56:08,NEFT,93133,Paytm,Bengaluru,POS,No,Normal Transaction
900057,500000168,2026-03-16,06:31:30,Debit Card,98939,PhonePe,Delhi,Mobile,No,Normal Transaction
900058,500000089,2026-02-12,10:02:33,Credit Card,522,Swiggy,Pune,Mobile,No,Normal Transaction
900059,500000129,2026-03-08,02:06:09,UPI,45938,Swiggy,Pune,Mobile,No,Normal Transaction
900060,500000031,2026-08-19,19:18:39,IMPS,76140,Zomato,Lucknow,POS,No,Normal Transaction
900061,500000006,2026-03-26,14:21:36,IMPS,97494,Amazon,Pune,Mobile,No,Normal Transaction
900062,500000147,2026-05-31,20:54:37,Credit Card,36743,Amazon,Pune,ATM,No,Normal Transaction
900063,500000135,2026-06-20,23:28:15,RTGS,18821,PhonePe,Lucknow,POS,Yes,Different City
900064,500000009,2026-06-19,12:58:06,UPI,50101,Flipkart,Kolkata,POS,No,Normal Transaction
900065,500000113,2026-01-28,09:44:33,Credit Card,91707,Swiggy,Pune,POS,Yes,Different City
900066,500000149,2026-07-15,05:23:26,RTGS,66608,Flipkart,Pune,ATM,No,Normal Transaction
900067,500000039,2026-11-02,07:52:23,NEFT,89042,Uber,Mumbai,Mobile,No,Normal Transaction
900068,500000147,2026-07-17,20:12:10,UPI,633,IRCTC,Bengaluru,Laptop,No,Normal Transaction
900069,500000158,2026-08-07,19:11:06,Credit Card,44368,Zomato,Hyderabad,POS,No,Normal Transaction
900070,500000180,2026-09-29,11:59:39,RTGS,15435,IRCTC,Pune,POS,Yes,Different City
900071,500000034,2026-07-19,20:51:25,ATM,44443,Uber,Pune,ATM,No,Normal Transaction
900072,500000155,2026-01-14,14:16:31,UPI,49904,Uber,Pune,Laptop,No,Normal Transaction
900073,500000022,2026-02-10,21:14:10,NEFT,70794,Paytm,Lucknow,Laptop,No,Normal Transaction
900074,500000161,2026-01-16,14:20:03,Credit Card,52388,Swiggy,Bengaluru,POS,No,Normal Transaction
900075,500000079,2026-08-06,01:56:22,UPI,16147,DMart,Bengaluru,ATM,No,Normal Transaction
900076,500000144,2026-10-23,20:06:58,Debit Card,91026,Reliance,Kolkata,Mobile,No,Normal Transaction
900077,500000091,2026-11-06,08:37:05,Debit Card,46066,Zomato,Hyderabad,Mobile,No,Normal Transaction
900078,500000033,2026-10-05,19:50:19,NEFT,9287,Swiggy,Lucknow,Mobile,No,Normal Transaction
900079,500000097,2026-05-07,15:22:44,IMPS,89484,Uber,Mumbai,POS,No,Normal Transaction
900080,500000168,2026-09-17,08:30:01,RTGS,11661,PhonePe,Mumbai,POS,No,Normal Transaction
900081,500000115,2026-07-29,21:25:36,IMPS,88203,Uber,Kolkata,Laptop,No,Normal Transaction
900082,500000085,2026-03-30,16:41:27,UPI,64611,IRCTC,Delhi,Mobile,No,Normal Transaction
900083,500000093,2026-12-04,11:43:07,NEFT,45070,Uber,Kolkata,Mobile,No,Normal Transaction
900084,500000162,2026-09-05,11:40:56,RTGS,40491,Flipkart,Delhi,Mobile,No,Normal Transaction
900085,500000042,2026-07-25,07:40:53,RTGS,13956,Paytm,Lucknow,Laptop,No,Normal Transaction
900086,500000175,2026-10-15,21:46:21,UPI,58133,DMart,Mumbai,ATM,No,Normal Transaction
900087,500000124,2026-11-27,08:20:19,Debit Card,3799,Flipkart,Lucknow,Mobile,No,Normal Transaction
900088,500000138,2026-10-23,05:43:33,ATM,42697,DMart,Mumbai,Laptop,No,Normal Transaction
900089,500000171,2026-06-13,23:12:15,RTGS,91790,Reliance,Delhi,ATM,No,Normal Transaction
900090,500000068,2026-09-16,07:44:57,RTGS,49821,DMart,Mumbai,POS,No,Normal Transaction
900091,500000052,2026-11-03,03:35:19,Debit Card,10648,Amazon,Kolkata,ATM,No,Normal Transaction
900092,500000116,2026-08-02,00:57:52,NEFT,93553,Zomato,Lucknow,Mobile,No,Normal Transaction
900093,500000109,2026-06-16,02:35:23,NEFT,68692,Reliance,Bengaluru,ATM,No,Normal Transaction
900094,500000078,2026-05-23,02:04:51,UPI,63157,Reliance,Pune,ATM,No,Normal Transaction
900095,500000070,2026-07-13,11:23:20,RTGS,60829,IRCTC,Hyderabad,POS,Yes,Multiple Transactions
900096,500000166,2026-08-03,17:25:46,UPI,98405,PhonePe,Lucknow,Laptop,No,Normal Transaction
900097,500000073,2026-08-23,01:48:01,Debit Card,962,Amazon,Bengaluru,Laptop,No,Normal Transaction
900098,500000077,2026-10-11,15:27:39,NEFT,51089,Zomato,Bengaluru,Mobile,No,Normal Transaction
900099,500000142,2026-04-26,09:03:35,Credit Card,42953,Paytm,Mumbai,ATM,No,Normal Transaction
900100,500000057,2026-03-14,19:36:59,UPI,84116,IRCTC,Pune,Laptop,No,Normal Transaction
900101,500000114,2026-04-25,18:25:43,ATM,65552,Paytm,Hyderabad,Laptop,No,Normal Transaction
900102,500000038,2026-10-23,08:34:58,NEFT,70677,IRCTC,Kolkata,POS,No,Normal Transaction
900103,500000092,2026-02-03,11:45:46,RTGS,53234,Uber,Mumbai,ATM,No,Normal Transaction
900104,500000035,2026-09-21,00:09:24,ATM,3463,IRCTC,Kolkata,ATM,No,Normal Transaction
900105,500000037,2026-12-29,17:22:12,RTGS,56367,Uber,Delhi,Mobile,No,Normal Transaction
900106,500000038,2026-05-11,01:23:57,RTGS,32315,IRCTC,Lucknow,Mobile,No,Normal Transaction
900107,500000037,2026-08-14,18:50:36,Credit Card,6180,DMart,Lucknow,Laptop,No,Normal Transaction
900108,500000068,2026-02-15,11:37:19,Credit Card,30671,Amazon,Delhi,ATM,No,Normal Transaction
900109,500000133,2026-12-11,02:38:06,Debit Card,81121,Flipkart,Kolkata,POS,No,Normal Transaction
900110,500000179,2026-12-05,09:19:48,Debit Card,87798,PhonePe,Hyderabad,Mobile,No,Normal Transaction
900111,500000125,2026-06-01,22:27:20,NEFT,21963,Reliance,Pune,Mobile,Yes,Multiple Transactions
900112,500000171,2026-12-01,02:58:18,RTGS,79149,IRCTC,Delhi,Mobile,No,Normal Transaction
900113,500000002,2026-02-08,09:30:04,ATM,20264,Amazon,Pune,Mobile,No,Normal Transaction
900114,500000148,2026-11-12,09:27:28,Credit Card,53934,Amazon,Kolkata,Laptop,No,Normal Transaction
900115,500000143,2026-03-26,17:10:59,NEFT,51490,Uber,Bengaluru,POS,No,Normal Transaction
900116,500000031,2026-05-27,00:02:15,UPI,58834,IRCTC,Delhi,Laptop,No,Normal Transaction
900117,500000022,2026-08-09,07:02:24,NEFT,13223,Amazon,Mumbai,POS,No,Normal Transaction
900118,500000063,2026-10-03,05:25:25,Debit Card,92391,Reliance,Hyderabad,Laptop,No,Normal Transaction
900119,500000008,2026-11-20,17:17:27,Credit Card,59335,Zomato,Mumbai,Mobile,No,Normal Transaction
900120,500000120,2026-04-10,12:00:22,Credit Card,34579,DMart,Delhi,Mobile,No,Normal Transaction
900121,500000061,2026-08-23,00:56:16,NEFT,92186,Swiggy,Bengaluru,ATM,No,Normal Transaction
900122,500000127,2026-02-04,04:29:16,Debit Card,38050,IRCTC,Delhi,ATM,No,Normal Transaction
900123,500000170,2026-07-16,20:16:32,Credit Card,86323,DMart,Kolkata,Mobile,No,Normal Transaction
900124,500000019,2026-01-19,15:47:49,RTGS,58199,DMart,Bengaluru,Laptop,No,Normal Transaction
900125,500000122,2026-05-21,05:18:42,NEFT,10321,Reliance,Hyderabad,Laptop,No,Normal Transaction
900126,500000133,2026-04-20,07:04:27,RTGS,77680,Zomato,Kolkata,Mobile,No,Normal Transaction
900127,500000144,2026-05-10,14:39:12,IMPS,32268,Flipkart,Hyderabad,Mobile,No,Normal Transaction
900128,500000008,2026-01-28,18:56:50,Debit Card,12135,PhonePe,Delhi,POS,No,Normal Transaction
900129,500000023,2026-12-28,07:46:40,ATM,74227,Swiggy,Kolkata,Laptop,No,Normal Transaction
900130,500000101,2026-04-19,09:25:07,IMPS,91028,Flipkart,Hyderabad,POS,No,Normal Transaction
900131,500000076,2026-05-08,12:14:35,Credit Card,6251,Amazon,Lucknow,Mobile,No,Normal Transaction
900132,500000070,2026-10-28,01:36:51,RTGS,32938,DMart,Mumbai,Mobile,No,Normal Transaction
900133,500000146,2026-06-18,14:49:17,ATM,6762,DMart,Hyderabad,ATM,No,Normal Transaction
900134,500000082,2026-12-19,15:26:47,Credit Card,10556,Flipkart,Mumbai,Mobile,No,Normal Transaction
900135,500000160,2026-02-16,08:37:26,NEFT,37766,Uber,Mumbai,ATM,No,Normal Transaction
900136,500000143,2026-12-03,02:02:10,ATM,54980,PhonePe,Delhi,Laptop,No,Normal Transaction
900137,500000053,2026-08-15,13:28:00,Debit Card,17559,Paytm,Pune,Mobile,No,Normal Transaction
900138,500000119,2026-12-10,01:04:22,Credit Card,4971,Amazon,Mumbai,ATM,No,Normal Transaction
900139,500000091,2026-03-19,20:07:07,RTGS,7488,Amazon,Delhi,ATM,No,Normal Transaction
900140,500000130,2026-05-18,17:41:55,IMPS,12748,PhonePe,Pune,Mobile,No,Normal Transaction
900141,500000170,2026-06-13,14:17:38,ATM,95713,IRCTC,Hyderabad,Laptop,No,Normal Transaction
900142,500000145,2026-03-11,18:48:44,NEFT,14980,Swiggy,Delhi,ATM,No,Normal Transaction
900143,500000135,2026-04-29,17:41:09,IMPS,16201,Paytm,Pune,POS,No,Normal Transaction
900144,500000090,2026-01-28,15:53:10,ATM,45926,IRCTC,Hyderabad,Laptop,No,Normal Transaction
900145,500000021,2026-07-01,00:16:29,IMPS,78090,Paytm,Mumbai,Mobile,No,Normal Transaction
900146,500000140,2026-01-22,00:18:16,ATM,15304,Reliance,Bengaluru,POS,No,Normal Transaction
900147,500000117,2026-11-26,04:06:55,IMPS,43421,Amazon,Mumbai,ATM,No,Normal Transaction
900148,500000158,2026-04-13,07:05:07,RTGS,2357,IRCTC,Bengaluru,ATM,No,Normal Transaction
900149,500000059,2026-08-28,05:56:21,RTGS,70528,PhonePe,Pune,ATM,No,Normal Transaction
900150,500000001,2026-04-13,02:26:37,NEFT,54628,Reliance,Bengaluru,POS,No,Normal Transaction
900151,500000173,2026-08-22,12:28:53,Debit Card,65740,Flipkart,Hyderabad,Laptop,No,Normal Transaction
900152,500000145,2026-02-05,18:09:39,Credit Card,33558,Reliance,Delhi,Mobile,No,Normal Transaction
900153,500000046,2026-04-09,23:11:14,Debit Card,69586,IRCTC,Bengaluru,Laptop,No,Normal Transaction
900154,500000064,2026-11-30,13:38:04,IMPS,79094,PhonePe,Kolkata,POS,No,Normal Transaction
900155,500000090,2026-12-17,22:15:43,UPI,12940,Amazon,Mumbai,ATM,No,Normal Transaction
900156,500000040,2026-06-07,21:43:24,NEFT,12633,Swiggy,Bengaluru,Laptop,No,Normal Transaction
900157,500000020,2026-09-02,06:49:01,RTGS,62701,Amazon,Mumbai,POS,No,Normal Transaction
900158,500000109,2026-01-01,07:10:03,ATM,57038,Paytm,Pune,POS,No,Normal Transaction
900159,500000178,2026-12-28,12:55:39,Credit Card,89541,Uber,Kolkata,POS,No,Normal Transaction
900160,500000111,2026-06-04,22:19:38,Credit Card,43963,IRCTC,Bengaluru,Mobile,No,Normal Transaction
900161,500000011,2026-07-17,20:22:41,NEFT,47215,PhonePe,Bengaluru,ATM,No,Normal Transaction
900162,500000120,2026-02-04,08:12:53,Credit Card,46522,Swiggy,Hyderabad,Mobile,No,Normal Transaction
900163,500000111,2026-09-19,09:26:21,Credit Card,82200,PhonePe,Lucknow,POS,No,Normal Transaction
900164,500000160,2026-04-16,12:11:50,NEFT,3876,DMart,Bengaluru,Laptop,No,Normal Transaction
900165,500000143,2026-09-05,15:53:28,NEFT,5331,Amazon,Delhi,POS,No,Normal Transaction
900166,500000043,2026-10-25,20:26:02,IMPS,34032,Reliance,Mumbai,POS,Yes,Multiple Transactions
900167,500000105,2026-04-15,11:09:01,ATM,22078,Reliance,Hyderabad,Laptop,No,Normal Transaction
900168,500000089,2026-07-25,07:35:43,NEFT,5293,Flipkart,Delhi,POS,No,Normal Transaction
900169,500000109,2026-09-05,09:25:15,Debit Card,75318,Uber,Lucknow,POS,No,Normal Transaction
900170,500000106,2026-05-10,10:58:01,NEFT,30901,Paytm,Hyderabad,POS,No,Normal Transaction
900171,500000039,2026-08-25,07:42:58,UPI,54076,Paytm,Hyderabad,Mobile,No,Normal Transaction
900172,500000053,2026-05-09,21:20:33,Credit Card,91948,Swiggy,Kolkata,Mobile,No,Normal Transaction
900173,500000078,2026-12-25,09:20:18,RTGS,94889,Paytm,Lucknow,POS,No,Normal Transaction
900174,500000039,2026-03-19,12:07:30,NEFT,7096,Amazon,Bengaluru,POS,No,Normal Transaction
900175,500000166,2026-10-10,08:57:55,Credit Card,33392,Zomato,Mumbai,Mobile,No,Normal Transaction
900176,500000044,2026-04-25,19:06:11,UPI,76213,DMart,Lucknow,ATM,No,Normal Transaction
900177,500000009,2026-07-26,03:57:23,Credit Card,64198,PhonePe,Hyderabad,POS,No,Normal Transaction
900178,500000153,2026-04-07,01:32:12,ATM,20493,PhonePe,Kolkata,POS,No,Normal Transaction
900179,500000165,2026-02-08,00:12:14,IMPS,6013,PhonePe,Kolkata,Mobile,No,Normal Transaction
900180,500000146,2026-03-29,00:56:15,Credit Card,98132,Zomato,Delhi,ATM,No,Normal Transaction
900181,500000035,2026-11-29,16:00:43,Credit Card,11768,Amazon,Pune,ATM,No,Normal Transaction
900182,500000140,2026-02-07,21:36:55,IMPS,22534,Flipkart,Delhi,POS,Yes,Midnight Transaction
900183,500000127,2026-03-30,06:54:09,Debit Card,66235,PhonePe,Bengaluru,POS,No,Normal Transaction
900184,500000078,2026-02-18,04:43:00,Credit Card,86733,DMart,Mumbai,Laptop,No,Normal Transaction
900185,500000038,2026-12-21,17:45:37,RTGS,99086,Swiggy,Lucknow,Mobile,No,Normal Transaction
900186,500000144,2026-01-14,04:59:11,RTGS,95149,Flipkart,Pune,Laptop,No,Normal Transaction
900187,500000083,2026-02-26,20:49:24,IMPS,42156,Zomato,Lucknow,ATM,No,Normal Transaction
900188,500000154,2026-12-18,14:47:52,UPI,94417,IRCTC,Mumbai,Laptop,No,Normal Transaction
900189,500000135,2026-08-25,05:11:37,RTGS,31155,Zomato,Bengaluru,Laptop,No,Normal Transaction
900190,500000097,2026-07-01,12:25:48,NEFT,49107,IRCTC,Bengaluru,Mobile,No,Normal Transaction
900191,500000105,2026-11-03,21:04:35,ATM,82147,IRCTC,Delhi,Mobile,No,Normal Transaction
900192,500000072,2026-11-09,07:56:41,RTGS,82832,DMart,Kolkata,ATM,No,Normal Transaction
900193,500000037,2026-02-23,05:40:15,NEFT,17606,DMart,Pune,ATM,No,Normal Transaction
900194,500000041,2026-09-26,04:48:48,RTGS,19631,Flipkart,Bengaluru,Mobile,No,Normal Transaction
900195,500000053,2026-11-02,09:22:37,ATM,48507,Uber,Mumbai,Mobile,No,Normal Transaction
900196,500000067,2026-10-26,11:07:50,RTGS,87588,Reliance,Lucknow,POS,No,Normal Transaction
900197,500000113,2026-12-17,14:07:09,IMPS,19867,Swiggy,Pune,Mobile,No,Normal Transaction
900198,500000144,2026-02-20,05:05:03,RTGS,62282,PhonePe,Hyderabad,Laptop,No,Normal Transaction
900199,500000003,2026-05-06,09:01:52,ATM,23375,Uber,Delhi,Laptop,No,Normal Transaction
900200,500000037,2026-11-16,11:06:15,IMPS,85605,IRCTC,Hyderabad,POS,No,Normal Transaction
900201,500000024,2026-06-13,01:45:28,NEFT,80828,DMart,Bengaluru,ATM,No,Normal Transaction
900202,500000006,2026-02-24,00:51:37,Debit Card,18735,Amazon,Pune,POS,No,Normal Transaction
900203,500000025,2026-08-03,01:02:35,Credit Card,21626,DMart,Pune,POS,No,Normal Transaction
900204,500000026,2026-04-11,10:55:08,IMPS,68503,Paytm,Bengaluru,Mobile,No,Normal Transaction
900205,500000152,2026-08-04,09:37:34,ATM,18226,Amazon,Hyderabad,POS,No,Normal Transaction
900206,500000075,2026-07-31,08:46:19,Credit Card,41305,Flipkart,Mumbai,ATM,No,Normal Transaction
900207,500000057,2026-07-19,09:15:20,UPI,4995,Flipkart,Bengaluru,Laptop,No,Normal Transaction
900208,500000073,2026-11-28,16:22:33,RTGS,55869,PhonePe,Bengaluru,ATM,No,Normal Transaction
900209,500000087,2026-07-11,16:20:34,RTGS,74565,Paytm,Bengaluru,ATM,No,Normal Transaction
900210,500000114,2026-10-31,22:18:38,RTGS,1471,Zomato,Bengaluru,Mobile,No,Normal Transaction
900211,500000070,2026-05-28,09:44:28,UPI,94587,Paytm,Kolkata,Mobile,No,Normal Transaction
900212,500000143,2026-01-10,07:48:05,NEFT,91152,Reliance,Lucknow,Laptop,No,Normal Transaction
900213,500000033,2026-08-08,11:38:39,NEFT,12108,Reliance,Mumbai,Mobile,No,Normal Transaction
900214,500000046,2026-04-21,13:22:23,UPI,52169,IRCTC,Bengaluru,Mobile,No,Normal Transaction
900215,500000140,2026-06-05,03:18:09,RTGS,1137,Zomato,Pune,ATM,No,Normal Transaction
900216,500000051,2026-09-20,19:26:50,Credit Card,88248,Uber,Bengaluru,Laptop,No,Normal Transaction
900217,500000040,2026-06-18,20:47:50,RTGS,32345,Amazon,Delhi,POS,No,Normal Transaction
900218,500000108,2026-03-05,11:27:03,NEFT,2680,Reliance,Pune,Mobile,No,Normal Transaction
900219,500000154,2026-09-09,17:34:54,Debit Card,81558,DMart,Hyderabad,Mobile,No,Normal Transaction
900220,500000036,2026-09-30,10:15:39,UPI,46002,Zomato,Pune,Laptop,No,Normal Transaction
900221,500000011,2026-09-13,04:16:09,ATM,59986,Reliance,Mumbai,POS,No,Normal Transaction
900222,500000118,2026-10-28,00:39:41,IMPS,20187,Amazon,Kolkata,ATM,No,Normal Transaction
900223,500000119,2026-10-08,00:52:02,NEFT,90921,Swiggy,Pune,POS,No,Normal Transaction
900224,500000039,2026-11-16,09:44:18,NEFT,14081,Uber,Bengaluru,ATM,No,Normal Transaction
900225,500000014,2026-07-01,22:41:31,NEFT,73184,IRCTC,Hyderabad,Laptop,No,Normal Transaction
900226,500000165,2026-08-29,00:25:15,ATM,13701,Zomato,Bengaluru,ATM,No,Normal Transaction
900227,500000121,2026-05-19,21:20:23,Debit Card,40578,PhonePe,Bengaluru,ATM,No,Normal Transaction
900228,500000087,2026-03-03,07:41:25,UPI,32490,PhonePe,Bengaluru,Mobile,No,Normal Transaction
900229,500000154,2026-12-24,12:01:19,Debit Card,21431,Reliance,Kolkata,POS,No,Normal Transaction
900230,500000031,2026-11-23,05:49:53,UPI,24893,Paytm,Pune,Mobile,No,Normal Transaction
900231,500000146,2026-08-23,11:56:00,IMPS,73107,PhonePe,Pune,Laptop,No,Normal Transaction
900232,500000166,2026-06-07,06:28:12,ATM,99250,Uber,Kolkata,Mobile,No,Normal Transaction
900233,500000173,2026-05-23,21:31:32,UPI,25508,Swiggy,Hyderabad,Mobile,No,Normal Transaction
900234,500000109,2026-06-22,08:10:08,UPI,20863,Uber,Bengaluru,Laptop,No,Normal Transaction
900235,500000179,2026-08-10,22:04:54,IMPS,85623,DMart,Bengaluru,Mobile,No,Normal Transaction
900236,500000168,2026-09-30,04:56:01,Credit Card,3835,Amazon,Pune,Laptop,No,Normal Transaction
900237,500000031,2026-06-25,01:03:03,ATM,75433,Uber,Hyderabad,POS,No,Normal Transaction
900238,500000019,2026-07-11,00:10:14,ATM,14058,DMart,Delhi,ATM,No,Normal Transaction
900239,500000047,2026-12-16,18:51:27,ATM,90285,Amazon,Bengaluru,Mobile,No,Normal Transaction
900240,500000013,2026-07-24,01:44:38,UPI,59780,Amazon,Lucknow,Mobile,No,Normal Transaction
900241,500000084,2026-01-04,05:48:47,RTGS,98702,Paytm,Bengaluru,POS,No,Normal Transaction
900242,500000160,2026-09-22,05:38:36,Credit Card,82638,Swiggy,Bengaluru,POS,No,Normal Transaction
900243,500000116,2026-01-05,09:06:05,NEFT,35261,IRCTC,Mumbai,Mobile,Yes,Different City
900244,500000158,2026-03-31,06:32:45,NEFT,84671,Reliance,Pune,Laptop,No,Normal Transaction
900245,500000062,2026-09-19,01:53:27,Debit Card,19323,Zomato,Kolkata,Laptop,No,Normal Transaction
900246,500000141,2026-10-22,11:59:15,Debit Card,85590,PhonePe,Pune,POS,No,Normal Transaction
900247,500000128,2026-01-05,18:23:44,ATM,32973,Zomato,Bengaluru,ATM,No,Normal Transaction
900248,500000096,2026-05-05,13:48:00,NEFT,80084,Paytm,Lucknow,POS,No,Normal Transaction
900249,500000044,2026-09-24,04:49:33,NEFT,72549,DMart,Mumbai,POS,No,Normal Transaction
900250,500000129,2026-04-16,00:56:50,UPI,62815,IRCTC,Pune,Laptop,No,Normal Transaction
900251,500000113,2026-08-13,02:07:46,IMPS,8887,IRCTC,Hyderabad,Laptop,No,Normal Transaction
900252,500000171,2026-02-27,02:42:59,UPI,88350,Zomato,Kolkata,POS,No,Normal Transaction
900253,500000104,2026-02-14,04:54:40,IMPS,29198,Reliance,Bengaluru,ATM,No,Normal Transaction
900254,500000087,2026-03-29,08:47:37,IMPS,58810,Uber,Bengaluru,ATM,No,Normal Transaction
900255,500000180,2026-11-08,19:36:51,UPI,3028,Amazon,Hyderabad,Mobile,No,Normal Transaction
900256,500000160,2026-05-10,06:11:28,ATM,79386,Amazon,Lucknow,Mobile,No,Normal Transaction
900257,500000180,2026-05-05,19:03:51,RTGS,64897,Reliance,Bengaluru,POS,No,Normal Transaction
900258,500000119,2026-02-06,04:21:03,UPI,89350,Uber,Delhi,Laptop,No,Normal Transaction
900259,500000057,2026-11-14,12:34:42,NEFT,17834,Zomato,Hyderabad,POS,Yes,Different City
900260,500000028,2026-07-23,09:32:31,RTGS,69302,IRCTC,Pune,Mobile,No,Normal Transaction
900261,500000005,2026-07-31,20:40:58,Debit Card,48394,Uber,Kolkata,Laptop,No,Normal Transaction
900262,500000038,2026-06-20,23:06:45,Debit Card,29981,Uber,Pune,POS,No,Normal Transaction
900263,500000099,2026-03-19,08:11:30,Credit Card,66862,IRCTC,Delhi,Laptop,No,Normal Transaction
900264,500000046,2026-05-29,11:54:46,NEFT,6593,Swiggy,Hyderabad,Laptop,No,Normal Transaction
900265,500000088,2026-10-07,05:25:41,IMPS,3665,Paytm,Mumbai,Mobile,No,Normal Transaction
900266,500000102,2026-08-30,04:55:54,NEFT,43683,Amazon,Pune,ATM,No,Normal Transaction
900267,500000008,2026-07-13,21:21:46,RTGS,2775,Reliance,Lucknow,Laptop,No,Normal Transaction
900268,500000079,2026-08-23,01:29:36,NEFT,54035,Uber,Hyderabad,Laptop,No,Normal Transaction
900269,500000178,2026-12-15,03:33:09,NEFT,22040,IRCTC,Bengaluru,POS,No,Normal Transaction
900270,500000076,2026-02-27,02:38:03,IMPS,34572,IRCTC,Pune,Mobile,No,Normal Transaction
900271,500000044,2026-01-28,23:04:50,Debit Card,39165,PhonePe,Bengaluru,ATM,No,Normal Transaction
900272,500000161,2026-05-25,04:21:56,UPI,72231,Amazon,Mumbai,ATM,No,Normal Transaction
900273,500000049,2026-09-27,11:38:42,Credit Card,64327,IRCTC,Pune,Laptop,No,Normal Transaction
900274,500000018,2026-04-10,10:46:01,Credit Card,19677,Amazon,Mumbai,Laptop,No,Normal Transaction
900275,500000167,2026-06-17,11:38:35,RTGS,22332,PhonePe,Bengaluru,Laptop,No,Normal Transaction
900276,500000109,2026-07-11,20:22:52,NEFT,1116,PhonePe,Delhi,POS,No,Normal Transaction
900277,500000035,2026-08-11,13:40:46,Credit Card,17798,Swiggy,Lucknow,Mobile,No,Normal Transaction
900278,500000113,2026-05-26,11:22:11,NEFT,88908,Swiggy,Mumbai,Mobile,No,Normal Transaction
900279,500000031,2026-11-28,18:34:47,RTGS,11269,Zomato,Lucknow,ATM,No,Normal Transaction
900280,500000142,2026-04-27,18:11:23,UPI,2855,IRCTC,Delhi,Laptop,No,Normal Transaction
900281,500000001,2026-03-20,07:31:59,Credit Card,28645,Swiggy,Lucknow,Laptop,No,Normal Transaction
900282,500000065,2026-01-06,00:45:42,UPI,33946,Reliance,Lucknow,POS,No,Normal Transaction
900283,500000014,2026-04-09,13:21:35,ATM,26297,Paytm,Delhi,ATM,No,Normal Transaction
900284,500000126,2026-01-06,19:33:33,NEFT,33989,Swiggy,Hyderabad,POS,No,Normal Transaction
900285,500000045,2026-05-18,08:24:43,UPI,21579,Zomato,Mumbai,ATM,No,Normal Transaction
900286,500000061,2026-11-28,01:01:36,NEFT,8088,DMart,Bengaluru,Mobile,No,Normal Transaction
900287,500000045,2026-08-02,23:55:36,NEFT,15865,Reliance,Hyderabad,Mobile,No,Normal Transaction
900288,500000019,2026-05-29,13:49:22,UPI,88501,PhonePe,Pune,ATM,No,Normal Transaction
900289,500000076,2026-02-24,09:25:30,UPI,87749,Uber,Kolkata,ATM,No,Normal Transaction
900290,500000034,2026-03-04,20:58:44,NEFT,98209,Amazon,Bengaluru,ATM,No,Normal Transaction
900291,500000038,2026-12-17,00:09:07,Debit Card,17641,Flipkart,Lucknow,Mobile,No,Normal Transaction
900292,500000071,2026-03-23,08:14:32,IMPS,30324,PhonePe,Pune,POS,No,Normal Transaction
900293,500000145,2026-07-22,18:33:16,IMPS,4423,Flipkart,Lucknow,Laptop,No,Normal Transaction
900294,500000087,2026-08-01,03:52:15,Credit Card,88568,Flipkart,Mumbai,POS,No,Normal Transaction
900295,500000007,2026-04-09,18:00:29,NEFT,75466,IRCTC,Hyderabad,Mobile,No,Normal Transaction
900296,500000013,2026-12-26,12:04:59,Debit Card,64213,Swiggy,Delhi,Laptop,No,Normal Transaction
900297,500000082,2026-09-12,23:36:39,Credit Card,48163,IRCTC,Hyderabad,Mobile,No,Normal Transaction
900298,500000015,2026-02-06,11:27:31,NEFT,2344,Paytm,Lucknow,Mobile,No,Normal Transaction
900299,500000104,2026-10-16,23:58:07,IMPS,26248,Flipkart,Pune,POS,No,Normal Transaction
900300,500000156,2026-11-21,11:15:51,RTGS,67230,DMart,Delhi,Laptop,No,Normal Transaction
900301,500000115,2026-02-23,08:22:17,RTGS,11170,Paytm,Mumbai,Laptop,No,Normal Transaction
900302,500000109,2026-08-15,21:37:14,Credit Card,2093,Amazon,Mumbai,Laptop,No,Normal Transaction
900303,500000007,2026-07-11,11:31:47,ATM,62144,Flipkart,Lucknow,POS,No,Normal Transaction
900304,500000150,2026-01-24,06:49:55,Credit Card,54328,IRCTC,Kolkata,POS,No,Normal Transaction
900305,500000090,2026-05-05,06:57:57,Debit Card,41049,Reliance,Mumbai,ATM,No,Normal Transaction
900306,500000136,2026-05-02,13:34:37,Credit Card,96158,Amazon,Pune,POS,No,Normal Transaction
900307,500000175,2026-01-13,13:14:20,IMPS,94382,Uber,Mumbai,Mobile,No,Normal Transaction
900308,500000080,2026-12-03,06:13:20,Credit Card,78663,Flipkart,Pune,POS,No,Normal Transaction
900309,500000094,2026-10-15,08:19:01,Debit Card,3724,Uber,Kolkata,POS,Yes,Multiple Transactions
900310,500000128,2026-03-28,20:32:35,Credit Card,83663,Flipkart,Hyderabad,POS,No,Normal Transaction
900311,500000148,2026-10-27,03:45:21,IMPS,59593,Reliance,Hyderabad,Laptop,No,Normal Transaction
900312,500000112,2026-07-02,18:00:30,RTGS,70790,PhonePe,Mumbai,POS,No,Normal Transaction
900313,500000056,2026-07-23,03:18:36,ATM,96187,Amazon,Kolkata,ATM,No,Normal Transaction
900314,500000027,2026-04-25,12:20:37,RTGS,3280,Zomato,Lucknow,POS,No,Normal Transaction
900315,500000079,2026-09-16,03:12:54,Debit Card,99258,IRCTC,Hyderabad,Mobile,No,Normal Transaction
900316,500000025,2026-03-03,12:04:41,Credit Card,55185,Zomato,Mumbai,Laptop,No,Normal Transaction
900317,500000132,2026-11-25,23:02:23,NEFT,78927,Swiggy,Mumbai,Mobile,No,Normal Transaction
900318,500000062,2026-06-20,22:26:06,Debit Card,47996,Uber,Mumbai,Laptop,No,Normal Transaction
900319,500000126,2026-06-01,02:24:06,IMPS,67302,Paytm,Hyderabad,POS,No,Normal Transaction
900320,500000166,2026-10-13,03:04:39,ATM,41767,PhonePe,Kolkata,Mobile,No,Normal Transaction
900321,500000014,2026-10-09,02:14:25,Credit Card,63385,Uber,Bengaluru,ATM,No,Normal Transaction
900322,500000035,2026-11-21,11:14:45,Debit Card,32602,Paytm,Pune,POS,No,Normal Transaction
900323,500000078,2026-06-26,14:42:40,UPI,43048,Reliance,Pune,ATM,No,Normal Transaction
900324,500000154,2026-05-17,13:32:32,Debit Card,72563,PhonePe,Pune,Mobile,No,Normal Transaction
900325,500000054,2026-08-09,21:26:34,UPI,96914,IRCTC,Delhi,ATM,No,Normal Transaction
900326,500000093,2026-03-06,15:37:52,Credit Card,20767,Swiggy,Pune,Mobile,No,Normal Transaction
900327,500000021,2026-11-18,02:35:57,ATM,55392,Zomato,Pune,Laptop,No,Normal Transaction
900328,500000152,2026-02-18,22:30:39,UPI,3523,Amazon,Delhi,POS,No,Normal Transaction
900329,500000126,2026-05-21,21:33:42,ATM,77255,PhonePe,Pune,Mobile,No,Normal Transaction
900330,500000116,2026-04-27,13:39:59,IMPS,24229,DMart,Hyderabad,POS,No,Normal Transaction
900331,500000039,2026-04-13,20:19:45,ATM,38815,IRCTC,Delhi,ATM,No,Normal Transaction
900332,500000174,2026-12-19,10:11:32,Debit Card,16432,Swiggy,Lucknow,POS,No,Normal Transaction
900333,500000179,2026-05-15,22:20:07,ATM,6261,Uber,Delhi,ATM,No,Normal Transaction
900334,500000015,2026-09-24,19:54:16,IMPS,28900,IRCTC,Mumbai,Laptop,No,Normal Transaction
900335,500000064,2026-07-23,02:44:02,ATM,52819,PhonePe,Lucknow,POS,No,Normal Transaction
900336,500000136,2026-01-21,08:40:43,RTGS,72692,Amazon,Delhi,POS,No,Normal Transaction
900337,500000074,2026-11-14,07:53:18,Credit Card,33395,Uber,Delhi,Mobile,No,Normal Transaction
900338,500000117,2026-03-19,04:25:14,Debit Card,33373,Reliance,Lucknow,ATM,No,Normal Transaction
900339,500000121,2026-12-01,14:54:56,Debit Card,47874,Flipkart,Hyderabad,Mobile,No,Normal Transaction
900340,500000046,2026-10-19,23:08:28,Debit Card,97940,PhonePe,Mumbai,Mobile,No,Normal Transaction
900341,500000014,2026-10-13,00:42:20,UPI,71144,Zomato,Pune,ATM,No,Normal Transaction
900342,500000151,2026-03-27,08:50:40,Credit Card,23141,Reliance,Pune,Mobile,No,Normal Transaction
900343,500000076,2026-10-17,15:36:48,IMPS,48764,DMart,Delhi,Laptop,No,Normal Transaction
900344,500000082,2026-12-17,13:26:23,RTGS,26601,Flipkart,Pune,Mobile,No,Normal Transaction
900345,500000055,2026-11-13,03:43:36,UPI,7908,DMart,Delhi,Laptop,No,Normal Transaction
900346,500000055,2026-01-20,05:00:31,ATM,79824,IRCTC,Bengaluru,Mobile,No,Normal Transaction
900347,500000076,2026-05-10,17:04:24,Credit Card,83221,Flipkart,Hyderabad,Laptop,No,Normal Transaction
900348,500000169,2026-04-10,04:45:52,ATM,4850,Uber,Kolkata,Laptop,No,Normal Transaction
900349,500000088,2026-12-16,18:31:40,UPI,60028,Reliance,Mumbai,Mobile,No,Normal Transaction
900350,500000139,2026-08-25,08:40:13,IMPS,53767,PhonePe,Hyderabad,POS,No,Normal Transaction
900351,500000002,2026-07-18,07:04:12,Credit Card,59101,Paytm,Kolkata,ATM,No,Normal Transaction
900352,500000028,2026-02-22,10:43:56,Debit Card,91259,Amazon,Bengaluru,Laptop,No,Normal Transaction
900353,500000068,2026-01-02,12:35:44,Credit Card,6963,DMart,Kolkata,POS,No,Normal Transaction
900354,500000086,2026-07-07,23:32:04,RTGS,33587,Swiggy,Mumbai,Laptop,No,Normal Transaction
900355,500000158,2026-09-30,02:26:48,NEFT,30977,Zomato,Lucknow,POS,No,Normal Transaction
900356,500000113,2026-01-10,03:42:37,Credit Card,91511,Flipkart,Kolkata,ATM,No,Normal Transaction
900357,500000096,2026-10-31,20:10:06,ATM,47968,PhonePe,Bengaluru,Laptop,No,Normal Transaction
900358,500000088,2026-02-14,19:59:58,IMPS,45817,DMart,Lucknow,POS,No,Normal Transaction
900359,500000120,2026-12-12,06:05:59,IMPS,26167,Amazon,Delhi,Laptop,No,Normal Transaction
900360,500000046,2026-09-05,01:27:59,Debit Card,34715,Zomato,Bengaluru,POS,No,Normal Transaction
900361,500000117,2026-11-14,01:31:40,NEFT,83893,Reliance,Hyderabad,ATM,No,Normal Transaction
900362,500000017,2026-08-10,00:54:35,RTGS,30481,Uber,Mumbai,Mobile,No,Normal Transaction
900363,500000015,2026-05-03,11:09:47,IMPS,94713,Flipkart,Lucknow,Laptop,No,Normal Transaction
900364,500000026,2026-09-12,04:35:10,IMPS,71504,Swiggy,Delhi,ATM,No,Normal Transaction
900365,500000055,2026-01-30,03:26:20,UPI,84623,Flipkart,Bengaluru,Laptop,No,Normal Transaction
900366,500000117,2026-08-21,11:29:59,Debit Card,49539,Reliance,Delhi,Mobile,No,Normal Transaction
900367,500000014,2026-02-26,15:30:49,RTGS,90554,PhonePe,Hyderabad,ATM,No,Normal Transaction
900368,500000130,2026-05-08,03:27:44,RTGS,66209,DMart,Lucknow,ATM,No,Normal Transaction
900369,500000149,2026-05-05,09:06:39,Credit Card,42207,IRCTC,Lucknow,Mobile,No,Normal Transaction
900370,500000159,2026-12-25,09:37:36,NEFT,80845,Flipkart,Mumbai,ATM,No,Normal Transaction
900371,500000149,2026-01-23,10:25:47,NEFT,7837,Swiggy,Hyderabad,Mobile,No,Normal Transaction
900372,500000170,2026-07-21,08:51:46,Debit Card,76601,Zomato,Mumbai,POS,No,Normal Transaction
900373,500000037,2026-04-28,05:38:20,RTGS,11290,PhonePe,Hyderabad,Mobile,No,Normal Transaction
900374,500000117,2026-05-07,06:24:16,Debit Card,3558,Flipkart,Lucknow,POS,No,Normal Transaction
900375,500000071,2026-06-02,05:41:08,RTGS,29493,Amazon,Mumbai,POS,No,Normal Transaction
900376,500000161,2026-09-17,00:12:54,Debit Card,88454,Flipkart,Kolkata,Mobile,No,Normal Transaction
900377,500000174,2026-03-22,03:16:22,RTGS,95251,DMart,Delhi,Mobile,No,Normal Transaction
900378,500000036,2026-12-20,20:02:20,IMPS,57096,Reliance,Delhi,Mobile,No,Normal Transaction
900379,500000081,2026-04-24,10:41:57,RTGS,7580,Swiggy,Pune,ATM,No,Normal Transaction
900380,500000008,2026-09-05,04:44:52,IMPS,70899,Flipkart,Delhi,ATM,No,Normal Transaction
900381,500000042,2026-04-16,01:06:55,Credit Card,58566,Uber,Pune,Mobile,No,Normal Transaction
900382,500000154,2026-02-15,15:12:52,IMPS,92751,Uber,Hyderabad,POS,No,Normal Transaction
900383,500000044,2026-02-09,12:59:42,RTGS,98089,Amazon,Kolkata,ATM,No,Normal Transaction
900384,500000064,2026-08-02,05:47:50,Debit Card,74482,PhonePe,Hyderabad,Mobile,No,Normal Transaction
900385,500000079,2026-08-29,08:47:56,RTGS,76137,PhonePe,Hyderabad,ATM,No,Normal Transaction
900386,500000025,2026-11-13,15:43:57,Credit Card,76757,Paytm,Pune,POS,No,Normal Transaction
900387,500000107,2026-12-14,13:38:16,RTGS,99276,Reliance,Mumbai,ATM,No,Normal Transaction
900388,500000149,2026-07-31,11:56:33,Credit Card,63827,Reliance,Kolkata,Mobile,No,Normal Transaction
900389,500000080,2026-07-06,19:27:59,ATM,73435,Swiggy,Hyderabad,Mobile,No,Normal Transaction
900390,500000111,2026-03-31,05:05:46,UPI,40666,Swiggy,Mumbai,ATM,No,Normal Transaction
900391,500000122,2026-02-15,05:17:33,IMPS,65976,PhonePe,Mumbai,ATM,No,Normal Transaction
900392,500000162,2026-08-18,20:28:49,ATM,20770,Reliance,Lucknow,Laptop,No,Normal Transaction
900393,500000012,2026-03-20,03:14:22,UPI,2551,Uber,Hyderabad,POS,No,Normal Transaction
900394,500000087,2026-10-16,20:09:41,UPI,96250,Amazon,Delhi,Mobile,No,Normal Transaction
900395,500000025,2026-05-26,08:09:49,RTGS,34304,IRCTC,Pune,Mobile,No,Normal Transaction
900396,500000042,2026-01-29,00:48:18,UPI,45466,Amazon,Kolkata,POS,No,Normal Transaction
900397,500000045,2026-09-11,05:42:03,NEFT,91251,Reliance,Mumbai,POS,No,Normal Transaction
900398,500000155,2026-01-08,11:42:02,RTGS,9754,Reliance,Pune,Laptop,No,Normal Transaction
900399,500000014,2026-07-23,16:26:03,Debit Card,1558,Reliance,Mumbai,POS,No,Normal Transaction
900400,500000073,2026-10-17,10:43:57,Credit Card,81583,IRCTC,Lucknow,Laptop,No,Normal Transaction
900401,500000032,2026-10-23,02:16:15,NEFT,65999,DMart,Lucknow,Laptop,No,Normal Transaction
900402,500000027,2026-01-03,12:37:27,ATM,89917,Uber,Delhi,Laptop,No,Normal Transaction
900403,500000044,2026-09-22,04:54:26,ATM,69122,DMart,Mumbai,POS,No,Normal Transaction
900404,500000010,2026-12-17,21:11:22,Credit Card,12308,PhonePe,Kolkata,Laptop,No,Normal Transaction
900405,500000085,2026-11-05,11:34:06,UPI,21100,Swiggy,Pune,Mobile,No,Normal Transaction
900406,500000023,2026-11-14,15:28:12,UPI,85619,Zomato,Pune,POS,No,Normal Transaction
900407,500000165,2026-03-12,20:36:45,NEFT,30624,IRCTC,Bengaluru,Mobile,No,Normal Transaction
900408,500000099,2026-07-21,00:34:23,Debit Card,70720,IRCTC,Kolkata,POS,No,Normal Transaction
900409,500000021,2026-09-28,08:03:59,NEFT,53690,DMart,Pune,Laptop,No,Normal Transaction
900410,500000134,2026-09-16,03:36:48,ATM,10550,IRCTC,Delhi,Laptop,No,Normal Transaction
900411,500000105,2026-07-16,11:13:42,Debit Card,78135,Amazon,Bengaluru,POS,No,Normal Transaction
900412,500000175,2026-06-24,01:51:40,ATM,39601,IRCTC,Bengaluru,Mobile,No,Normal Transaction
900413,500000071,2026-07-26,18:51:27,UPI,2312,Amazon,Kolkata,ATM,No,Normal Transaction
900414,500000022,2026-05-17,21:56:44,Debit Card,5697,PhonePe,Hyderabad,POS,No,Normal Transaction
900415,500000070,2026-06-25,01:52:51,RTGS,68643,Flipkart,Lucknow,Laptop,No,Normal Transaction
900416,500000113,2026-05-04,19:40:42,IMPS,83531,IRCTC,Lucknow,POS,No,Normal Transaction
900417,500000009,2026-11-30,08:54:01,Debit Card,49292,Flipkart,Delhi,Laptop,No,Normal Transaction
900418,500000159,2026-01-28,13:58:08,RTGS,97310,DMart,Lucknow,Laptop,No,Normal Transaction
900419,500000027,2026-02-26,18:53:03,IMPS,15612,Paytm,Hyderabad,Laptop,No,Normal Transaction
900420,500000122,2026-03-08,15:07:12,UPI,37414,DMart,Hyderabad,POS,No,Normal Transaction
900421,500000073,2026-02-27,08:42:56,ATM,58433,DMart,Lucknow,ATM,No,Normal Transaction
900422,500000173,2026-09-17,08:19:14,Debit Card,23424,Zomato,Pune,Mobile,No,Normal Transaction
900423,500000145,2026-05-19,07:24:48,ATM,5131,IRCTC,Kolkata,Laptop,No,Normal Transaction
900424,500000038,2026-02-24,13:52:48,Credit Card,94622,Amazon,Pune,Mobile,No,Normal Transaction
900425,500000006,2026-01-05,17:09:44,RTGS,37900,Zomato,Mumbai,Mobile,No,Normal Transaction
900426,500000128,2026-04-11,02:20:14,IMPS,88382,DMart,Hyderabad,Mobile,No,Normal Transaction
900427,500000010,2026-07-03,06:56:23,RTGS,89283,Uber,Lucknow,POS,No,Normal Transaction
900428,500000159,2026-04-07,16:13:44,IMPS,92518,Uber,Lucknow,Laptop,No,Normal Transaction
900429,500000161,2026-03-19,09:38:34,ATM,98446,Flipkart,Lucknow,ATM,No,Normal Transaction
900430,500000061,2026-03-09,05:44:18,UPI,98393,Flipkart,Delhi,Laptop,No,Normal Transaction
900431,500000109,2026-04-24,05:49:51,Debit Card,49231,PhonePe,Bengaluru,Laptop,No,Normal Transaction
900432,500000073,2026-10-15,06:21:59,Credit Card,7733,Paytm,Delhi,ATM,No,Normal Transaction
900433,500000071,2026-12-26,10:42:14,UPI,41810,IRCTC,Hyderabad,Mobile,No,Normal Transaction
900434,500000156,2026-08-07,20:51:03,RTGS,9474,Swiggy,Bengaluru,ATM,No,Normal Transaction
900435,500000160,2026-10-08,06:31:21,Credit Card,19919,Reliance,Hyderabad,Laptop,No,Normal Transaction
900436,500000004,2026-05-19,16:06:39,Debit Card,41950,Paytm,Lucknow,ATM,No,Normal Transaction
900437,500000174,2026-01-25,20:30:36,Debit Card,2289,Flipkart,Bengaluru,POS,Yes,Midnight Transaction
900438,500000103,2026-07-04,00:33:49,UPI,54773,IRCTC,Bengaluru,Mobile,No,Normal Transaction
900439,500000020,2026-12-12,08:48:36,UPI,64302,Zomato,Lucknow,Laptop,No,Normal Transaction
900440,500000093,2026-01-14,06:10:53,IMPS,32154,Uber,Kolkata,Mobile,No,Normal Transaction
900441,500000152,2026-04-05,00:03:17,Debit Card,7908,IRCTC,Lucknow,POS,No,Normal Transaction
900442,500000098,2026-04-12,20:16:25,UPI,6815,Flipkart,Mumbai,POS,No,Normal Transaction
900443,500000169,2026-07-13,10:42:42,UPI,23125,PhonePe,Kolkata,POS,No,Normal Transaction
900444,500000057,2026-07-03,06:06:58,UPI,5934,Uber,Mumbai,POS,No,Normal Transaction
900445,500000052,2026-05-07,18:47:52,RTGS,86516,PhonePe,Bengaluru,POS,No,Normal Transaction
900446,500000132,2026-09-10,01:53:19,IMPS,54599,DMart,Mumbai,POS,No,Normal Transaction
900447,500000098,2026-07-25,04:16:40,RTGS,52730,DMart,Pune,ATM,No,Normal Transaction
900448,500000003,2026-05-12,19:17:42,ATM,22283,PhonePe,Bengaluru,ATM,No,Normal Transaction
900449,500000087,2026-01-30,09:25:15,IMPS,44378,Reliance,Pune,ATM,No,Normal Transaction
900450,500000005,2026-11-29,05:59:50,ATM,88580,Zomato,Lucknow,POS,No,Normal Transaction
900451,500000153,2026-02-01,13:32:37,IMPS,22625,Uber,Delhi,Mobile,No,Normal Transaction
900452,500000049,2026-10-17,10:48:46,RTGS,68404,Amazon,Hyderabad,Laptop,No,Normal Transaction
900453,500000167,2026-05-05,14:37:20,Credit Card,70489,Amazon,Delhi,Mobile,No,Normal Transaction
900454,500000064,2026-07-16,16:24:35,NEFT,6880,Uber,Mumbai,ATM,No,Normal Transaction
900455,500000112,2026-05-05,12:18:22,IMPS,45836,Swiggy,Bengaluru,Mobile,No,Normal Transaction
900456,500000144,2026-03-06,05:01:09,NEFT,17157,Zomato,Delhi,POS,No,Normal Transaction
900457,500000081,2026-11-18,15:56:24,ATM,59086,Flipkart,Mumbai,ATM,No,Normal Transaction
900458,500000141,2026-04-25,00:13:47,RTGS,88012,Zomato,Mumbai,POS,No,Normal Transaction
900459,500000065,2026-08-24,20:46:00,RTGS,57119,IRCTC,Delhi,Mobile,No,Normal Transaction
900460,500000132,2026-05-13,08:34:27,UPI,59700,Flipkart,Delhi,Laptop,No,Normal Transaction
900461,500000109,2026-11-03,16:43:50,Credit Card,54793,Swiggy,Pune,Mobile,No,Normal Transaction
900462,500000055,2026-03-15,04:42:58,IMPS,61129,Uber,Bengaluru,Mobile,No,Normal Transaction
900463,500000180,2026-08-04,18:56:36,IMPS,41659,Reliance,Bengaluru,ATM,No,Normal Transaction
900464,500000046,2026-08-17,14:38:22,RTGS,32557,IRCTC,Bengaluru,Laptop,No,Normal Transaction
900465,500000072,2026-10-29,12:50:36,RTGS,45069,Zomato,Mumbai,ATM,No,Normal Transaction
900466,500000104,2026-07-18,05:26:46,Credit Card,98125,Zomato,Mumbai,Laptop,No,Normal Transaction
900467,500000121,2026-12-05,06:53:42,RTGS,71781,Amazon,Delhi,Laptop,No,Normal Transaction
900468,500000020,2026-09-07,16:24:36,ATM,44407,Swiggy,Hyderabad,POS,No,Normal Transaction
900469,500000080,2026-10-07,02:32:39,Credit Card,55693,IRCTC,Pune,POS,No,Normal Transaction
900470,500000010,2026-02-01,20:21:38,RTGS,48188,Uber,Delhi,Mobile,No,Normal Transaction
900471,500000058,2026-02-02,18:41:26,UPI,84808,Amazon,Hyderabad,POS,No,Normal Transaction
900472,500000150,2026-07-08,09:22:41,UPI,64263,Zomato,Mumbai,ATM,No,Normal Transaction
900473,500000127,2026-03-26,12:24:46,UPI,45116,Swiggy,Mumbai,Laptop,No,Normal Transaction
900474,500000074,2026-06-27,02:40:39,IMPS,87896,Flipkart,Mumbai,POS,No,Normal Transaction
900475,500000039,2026-07-11,13:42:09,ATM,18226,Paytm,Pune,Mobile,No,Normal Transaction
900476,500000044,2026-06-12,14:27:22,Debit Card,35849,Reliance,Mumbai,Mobile,No,Normal Transaction
900477,500000062,2026-09-02,06:51:48,NEFT,61542,Amazon,Lucknow,Laptop,No,Normal Transaction
900478,500000137,2026-10-03,09:54:32,NEFT,39730,Zomato,Bengaluru,Laptop,No,Normal Transaction
900479,500000064,2026-08-03,23:10:28,RTGS,43805,PhonePe,Bengaluru,Mobile,No,Normal Transaction
900480,500000075,2026-06-11,20:28:49,UPI,28834,Amazon,Mumbai,ATM,No,Normal Transaction
900481,500000092,2026-01-13,23:20:06,UPI,30827,Reliance,Pune,Mobile,No,Normal Transaction
900482,500000070,2026-04-29,09:54:29,RTGS,76903,DMart,Delhi,POS,No,Normal Transaction
900483,500000045,2026-05-02,02:45:53,ATM,61227,Flipkart,Delhi,Mobile,No,Normal Transaction
900484,500000156,2026-08-24,04:37:33,NEFT,94762,IRCTC,Hyderabad,ATM,No,Normal Transaction
900485,500000107,2026-06-04,11:50:31,IMPS,42246,Uber,Mumbai,ATM,No,Normal Transaction
900486,500000017,2026-04-02,18:06:18,UPI,96340,IRCTC,Kolkata,Laptop,No,Normal Transaction
900487,500000137,2026-11-14,22:47:30,Credit Card,10409,Paytm,Lucknow,POS,No,Normal Transaction
900488,500000175,2026-11-12,17:33:04,UPI,23133,Swiggy,Pune,Mobile,No,Normal Transaction
900489,500000014,2026-01-31,03:08:41,IMPS,93105,IRCTC,Bengaluru,Laptop,No,Normal Transaction
900490,500000023,2026-10-08,08:02:08,IMPS,48320,Amazon,Pune,ATM,No,Normal Transaction
900491,500000156,2026-03-18,22:36:46,Credit Card,15646,Amazon,Kolkata,POS,No,Normal Transaction
900492,500000058,2026-10-09,09:56:29,NEFT,53162,Flipkart,Bengaluru,ATM,No,Normal Transaction
900493,500000114,2026-10-11,19:36:44,Credit Card,81574,IRCTC,Lucknow,ATM,No,Normal Transaction
900494,500000163,2026-05-22,01:03:51,UPI,8258,Uber,Mumbai,Laptop,Yes,Multiple Transactions
900495,500000163,2026-03-22,13:09:59,UPI,25931,Swiggy,Mumbai,Mobile,No,Normal Transaction
900496,500000067,2026-05-27,19:37:27,UPI,59260,PhonePe,Hyderabad,POS,No,Normal Transaction
900497,500000057,2026-05-26,04:15:21,ATM,32500,Amazon,Mumbai,ATM,No,Normal Transaction
900498,500000065,2026-11-20,08:53:00,NEFT,76173,Amazon,Delhi,Mobile,No,Normal Transaction
900499,500000022,2026-07-28,22:19:25,Credit Card,54082,DMart,Pune,POS,No,Normal Transaction
900500,500000086,2026-07-01,09:45:52,Credit Card,6015,Zomato,Hyderabad,Laptop,Yes,Multiple Transactions
900501,500000051,2026-11-02,05:47:51,IMPS,81450,Reliance,Kolkata,Mobile,No,Normal Transaction
900502,500000090,2026-11-21,23:33:33,IMPS,10373,Zomato,Mumbai,Laptop,No,Normal Transaction
900503,500000138,2026-06-27,05:29:10,ATM,67277,Paytm,Lucknow,POS,No,Normal Transaction
900504,500000088,2026-04-19,14:49:43,ATM,50578,Reliance,Bengaluru,Mobile,No,Normal Transaction
900505,500000019,2026-08-28,21:16:01,UPI,14243,Amazon,Hyderabad,ATM,No,Normal Transaction
900506,500000115,2026-06-20,05:56:59,UPI,91834,DMart,Mumbai,Laptop,No,Normal Transaction
900507,500000121,2026-08-16,09:55:43,Debit Card,87678,Amazon,Bengaluru,ATM,No,Normal Transaction
900508,500000139,2026-11-05,14:48:47,Debit Card,83100,Amazon,Lucknow,ATM,No,Normal Transaction
900509,500000029,2026-03-21,20:23:37,NEFT,72159,IRCTC,Lucknow,Mobile,No,Normal Transaction
900510,500000035,2026-07-04,00:34:46,NEFT,71350,Swiggy,Mumbai,Mobile,No,Normal Transaction
900511,500000153,2026-09-15,03:25:42,IMPS,98753,IRCTC,Hyderabad,Mobile,No,Normal Transaction
900512,500000157,2026-11-30,23:14:21,ATM,8887,PhonePe,Mumbai,ATM,No,Normal Transaction
900513,500000175,2026-01-28,13:29:58,NEFT,95403,Reliance,Mumbai,Laptop,No,Normal Transaction
900514,500000078,2026-10-14,03:43:21,UPI,42133,Amazon,Delhi,ATM,No,Normal Transaction
900515,500000116,2026-10-18,09:19:38,ATM,18408,Uber,Pune,Mobile,No,Normal Transaction
900516,500000085,2026-12-19,16:45:42,NEFT,67445,Amazon,Hyderabad,ATM,No,Normal Transaction
900517,500000028,2026-01-27,15:40:07,Debit Card,20141,Reliance,Pune,Mobile,No,Normal Transaction
900518,500000053,2026-09-29,09:54:18,ATM,83773,Reliance,Pune,Mobile,No,Normal Transaction
900519,500000076,2026-05-21,15:51:44,IMPS,12091,Flipkart,Lucknow,Mobile,No,Normal Transaction
900520,500000050,2026-07-16,21:00:20,IMPS,97804,Swiggy,Pune,Laptop,No,Normal Transaction
900521,500000176,2026-07-27,06:55:07,UPI,14475,Swiggy,Delhi,Laptop,No,Normal Transaction
900522,500000142,2026-04-18,21:03:24,IMPS,82484,Zomato,Mumbai,Laptop,No,Normal Transaction
900523,500000055,2026-07-30,06:23:36,Credit Card,61053,Swiggy,Delhi,POS,No,Normal Transaction
900524,500000084,2026-05-10,10:11:01,IMPS,88010,IRCTC,Delhi,Mobile,No,Normal Transaction
900525,500000037,2026-01-10,03:01:40,RTGS,82263,Paytm,Lucknow,POS,No,Normal Transaction
900526,500000138,2026-01-10,13:46:54,Debit Card,20357,Uber,Mumbai,Laptop,No,Normal Transaction
900527,500000013,2026-02-06,01:20:57,ATM,89095,Reliance,Delhi,POS,No,Normal Transaction
900528,500000177,2026-03-11,02:05:57,Debit Card,8584,Zomato,Lucknow,ATM,No,Normal Transaction
900529,500000003,2026-10-24,17:14:22,UPI,1033,Zomato,Pune,ATM,No,Normal Transaction
900530,500000057,2026-09-30,11:00:47,IMPS,249,IRCTC,Kolkata,POS,No,Normal Transaction
900531,500000041,2026-08-12,15:26:36,Debit Card,87174,Amazon,Bengaluru,POS,No,Normal Transaction
900532,500000091,2026-07-11,02:53:24,RTGS,84352,IRCTC,Kolkata,Laptop,No,Normal Transaction
900533,500000077,2026-07-14,08:59:44,Debit Card,25836,Swiggy,Lucknow,Laptop,No,Normal Transaction
900534,500000046,2026-11-08,09:05:14,Debit Card,28947,IRCTC,Pune,Mobile,No,Normal Transaction
900535,500000108,2026-01-05,04:41:13,ATM,66109,PhonePe,Delhi,POS,No,Normal Transaction
900536,500000125,2026-02-28,13:24:41,Credit Card,43909,Amazon,Pune,POS,No,Normal Transaction
900537,500000109,2026-09-05,16:01:55,Credit Card,55972,DMart,Mumbai,Laptop,No,Normal Transaction
900538,500000119,2026-06-14,17:55:37,NEFT,9005,PhonePe,Delhi,Laptop,No,Normal Transaction
900539,500000011,2026-04-25,01:17:27,Credit Card,58956,Reliance,Lucknow,POS,No,Normal Transaction
900540,500000130,2026-04-03,07:09:56,NEFT,83381,PhonePe,Hyderabad,POS,No,Normal Transaction
900541,500000134,2026-02-12,06:20:24,IMPS,30579,IRCTC,Hyderabad,POS,No,Normal Transaction
900542,500000132,2026-05-05,06:35:14,RTGS,34140,DMart,Hyderabad,Mobile,No,Normal Transaction
900543,500000004,2026-04-27,04:09:25,RTGS,49675,Paytm,Kolkata,Mobile,No,Normal Transaction
900544,500000146,2026-01-16,02:53:00,Debit Card,2902,Amazon,Hyderabad,Laptop,No,Normal Transaction
900545,500000089,2026-06-05,12:53:22,NEFT,45310,Amazon,Lucknow,POS,No,Normal Transaction
900546,500000043,2026-05-31,08:02:23,ATM,42871,Paytm,Bengaluru,ATM,No,Normal Transaction
900547,500000031,2026-03-07,02:21:50,UPI,55261,Flipkart,Delhi,Laptop,No,Normal Transaction
900548,500000147,2026-08-09,02:18:27,Credit Card,74556,Uber,Lucknow,POS,No,Normal Transaction
900549,500000108,2026-02-24,11:20:19,Credit Card,46982,Paytm,Bengaluru,Laptop,No,Normal Transaction
900550,500000104,2026-12-26,07:09:47,ATM,89488,DMart,Pune,ATM,No,Normal Transaction
900551,500000134,2026-07-09,17:22:25,Credit Card,62591,Flipkart,Mumbai,ATM,No,Normal Transaction
900552,500000048,2026-12-19,05:19:36,NEFT,91131,Zomato,Pune,POS,No,Normal Transaction
900553,500000100,2026-12-13,12:34:56,Debit Card,65987,Zomato,Bengaluru,Mobile,No,Normal Transaction
900554,500000134,2026-12-11,17:32:17,ATM,30337,Swiggy,Delhi,ATM,No,Normal Transaction
900555,500000135,2026-11-22,07:52:45,Debit Card,92863,Uber,Delhi,Laptop,No,Normal Transaction
900556,500000092,2026-11-05,04:19:00,ATM,81302,Swiggy,Delhi,Laptop,No,Normal Transaction
900557,500000168,2026-01-05,20:07:26,UPI,70343,Zomato,Lucknow,ATM,No,Normal Transaction
900558,500000104,2026-01-07,11:09:17,NEFT,98838,Flipkart,Bengaluru,ATM,No,Normal Transaction
900559,500000054,2026-08-31,11:31:38,RTGS,39409,PhonePe,Hyderabad,POS,No,Normal Transaction
900560,500000071,2026-08-27,02:53:33,Debit Card,39665,Flipkart,Pune,Laptop,No,Normal Transaction
900561,500000134,2026-12-11,15:40:16,IMPS,7421,Flipkart,Pune,Mobile,No,Normal Transaction
900562,500000016,2026-05-07,03:11:19,Debit Card,81309,DMart,Lucknow,ATM,No,Normal Transaction
900563,500000112,2026-09-12,08:38:13,RTGS,56848,Uber,Pune,Laptop,No,Normal Transaction
900564,500000008,2026-05-06,05:03:31,NEFT,17632,IRCTC,Kolkata,Laptop,No,Normal Transaction
900565,500000160,2026-03-14,08:19:29,RTGS,6788,PhonePe,Mumbai,Mobile,No,Normal Transaction
900566,500000065,2026-02-04,01:59:33,IMPS,66704,Paytm,Delhi,ATM,No,Normal Transaction
900567,500000079,2026-05-24,04:28:45,UPI,92312,Amazon,Lucknow,Laptop,No,Normal Transaction
900568,500000121,2026-06-01,04:50:29,IMPS,26954,Flipkart,Pune,Laptop,No,Normal Transaction
900569,500000120,2026-04-24,02:15:10,UPI,80130,Zomato,Pune,Mobile,No,Normal Transaction
900570,500000033,2026-01-29,20:50:12,Credit Card,50097,IRCTC,Hyderabad,Mobile,No,Normal Transaction
900571,500000064,2026-01-31,23:14:51,Debit Card,57647,Flipkart,Lucknow,Mobile,No,Normal Transaction
900572,500000023,2026-07-25,17:05:20,Debit Card,31965,Uber,Mumbai,Laptop,No,Normal Transaction
900573,500000171,2026-07-16,15:50:37,ATM,53452,DMart,Mumbai,ATM,No,Normal Transaction
900574,500000016,2026-02-24,08:22:26,IMPS,64303,DMart,Pune,Mobile,No,Normal Transaction
900575,500000123,2026-03-16,12:50:05,IMPS,84451,Paytm,Hyderabad,ATM,No,Normal Transaction
900576,500000036,2026-07-10,09:49:57,RTGS,78360,PhonePe,Pune,Laptop,No,Normal Transaction
900577,500000158,2026-01-31,06:20:23,UPI,74279,Flipkart,Bengaluru,Mobile,No,Normal Transaction
900578,500000150,2026-10-21,12:36:05,ATM,16484,Reliance,Bengaluru,Laptop,No,Normal Transaction
900579,500000092,2026-09-24,04:31:20,UPI,48054,Reliance,Hyderabad,Laptop,No,Normal Transaction
900580,500000176,2026-01-11,03:33:28,ATM,3120,Swiggy,Delhi,POS,Yes,High Amount
900581,500000121,2026-11-23,14:23:53,RTGS,68230,IRCTC,Lucknow,Laptop,No,Normal Transaction
900582,500000097,2026-01-19,02:17:06,IMPS,73416,IRCTC,Pune,Mobile,No,Normal Transaction
900583,500000124,2026-07-12,02:59:58,IMPS,50917,Reliance,Mumbai,POS,Yes,High Amount
900584,500000072,2026-06-28,09:24:25,Credit Card,8256,Paytm,Pune,ATM,No,Normal Transaction
900585,500000145,2026-11-18,15:52:43,RTGS,8141,Swiggy,Hyderabad,Laptop,No,Normal Transaction
900586,500000035,2026-12-14,10:45:04,UPI,82615,Reliance,Delhi,ATM,No,Normal Transaction
900587,500000165,2026-04-13,16:50:23,NEFT,76730,Zomato,Mumbai,POS,No,Normal Transaction
900588,500000024,2026-03-21,06:38:08,Debit Card,52650,Paytm,Kolkata,POS,No,Normal Transaction
900589,500000165,2026-08-26,13:39:40,NEFT,43969,Zomato,Lucknow,ATM,No,Normal Transaction
900590,500000134,2026-06-27,14:21:14,UPI,17121,IRCTC,Pune,POS,No,Normal Transaction
900591,500000104,2026-11-29,20:38:53,IMPS,23490,Zomato,Delhi,ATM,No,Normal Transaction
900592,500000109,2026-03-08,08:34:18,ATM,83458,Zomato,Kolkata,Laptop,No,Normal Transaction
900593,500000136,2026-11-26,21:43:49,ATM,85457,DMart,Bengaluru,Laptop,No,Normal Transaction
900594,500000106,2026-01-09,01:21:33,RTGS,1230,Swiggy,Mumbai,Laptop,No,Normal Transaction
900595,500000169,2026-02-19,03:34:34,UPI,32934,Flipkart,Bengaluru,Mobile,No,Normal Transaction
900596,500000012,2026-08-01,06:03:50,NEFT,81079,Zomato,Bengaluru,Mobile,No,Normal Transaction
900597,500000092,2026-08-12,04:35:35,IMPS,79496,Reliance,Mumbai,POS,No,Normal Transaction
900598,500000001,2026-07-15,03:12:23,Credit Card,41400,Paytm,Bengaluru,POS,No,Normal Transaction
900599,500000064,2026-11-13,17:57:32,RTGS,79256,Uber,Hyderabad,ATM,No,Normal Transaction
900600,500000004,2026-04-24,23:42:23,IMPS,54344,PhonePe,Bengaluru,ATM,No,Normal Transaction
900601,500000084,2026-05-26,13:31:45,Debit Card,38504,Uber,Pune,Mobile,No,Normal Transaction
900602,500000167,2026-06-10,05:18:24,NEFT,70938,IRCTC,Hyderabad,ATM,No,Normal Transaction
900603,500000069,2026-03-15,11:57:10,Credit Card,20952,Flipkart,Delhi,POS,Yes,Multiple Transactions
900604,500000070,2026-04-21,05:52:53,RTGS,61493,Swiggy,Kolkata,Mobile,No,Normal Transaction
900605,500000155,2026-11-20,11:47:33,Debit Card,94850,Amazon,Mumbai,Mobile,No,Normal Transaction
900606,500000036,2026-02-25,06:43:53,ATM,88151,PhonePe,Mumbai,Laptop,Yes,Different City
900607,500000104,2026-07-27,21:25:24,IMPS,90840,Uber,Kolkata,Mobile,No,Normal Transaction
900608,500000032,2026-04-13,23:22:24,UPI,115,Zomato,Pune,POS,No,Normal Transaction
900609,500000114,2026-02-10,23:18:17,RTGS,82936,Uber,Mumbai,Mobile,No,Normal Transaction
900610,500000076,2026-08-11,00:34:55,Credit Card,75251,Reliance,Hyderabad,Mobile,No,Normal Transaction
900611,500000092,2026-10-21,05:10:00,Debit Card,50766,Zomato,Bengaluru,Laptop,No,Normal Transaction
900612,500000015,2026-05-24,20:19:32,UPI,12305,Paytm,Delhi,Laptop,No,Normal Transaction
900613,500000031,2026-11-20,05:54:45,UPI,84586,Reliance,Lucknow,ATM,No,Normal Transaction
900614,500000106,2026-06-03,04:10:42,UPI,31478,IRCTC,Delhi,Laptop,No,Normal Transaction
900615,500000164,2026-11-18,08:53:13,Credit Card,8241,Swiggy,Kolkata,Laptop,No,Normal Transaction
900616,500000062,2026-01-21,22:09:39,Credit Card,85707,Amazon,Bengaluru,Mobile,No,Normal Transaction
900617,500000114,2026-01-14,19:06:49,Debit Card,19867,Flipkart,Delhi,Mobile,No,Normal Transaction
900618,500000025,2026-11-29,17:03:38,NEFT,95159,IRCTC,Lucknow,POS,No,Normal Transaction
900619,500000169,2026-11-25,05:54:10,ATM,77074,Amazon,Delhi,POS,No,Normal Transaction
900620,500000174,2026-08-07,19:36:53,RTGS,65915,Paytm,Bengaluru,Mobile,No,Normal Transaction
900621,500000166,2026-06-25,04:21:42,Debit Card,53443,Flipkart,Hyderabad,Mobile,No,Normal Transaction
900622,500000096,2026-11-05,11:06:39,IMPS,14416,Flipkart,Kolkata,POS,Yes,Midnight Transaction
900623,500000126,2026-10-04,02:57:19,IMPS,89645,Uber,Hyderabad,ATM,No,Normal Transaction
900624,500000084,2026-06-09,08:53:00,RTGS,29390,PhonePe,Bengaluru,Laptop,No,Normal Transaction
900625,500000067,2026-02-20,12:12:12,Credit Card,39724,Amazon,Lucknow,Laptop,No,Normal Transaction
900626,500000152,2026-10-25,16:05:01,NEFT,30184,IRCTC,Hyderabad,ATM,No,Normal Transaction
900627,500000015,2026-11-02,23:10:57,ATM,78172,Amazon,Delhi,POS,No,Normal Transaction
900628,500000016,2026-11-09,13:20:56,Debit Card,30867,IRCTC,Pune,Laptop,No,Normal Transaction
900629,500000138,2026-01-25,02:08:40,Credit Card,20294,Zomato,Pune,POS,No,Normal Transaction
900630,500000031,2026-03-12,15:55:25,UPI,51580,DMart,Delhi,Laptop,No,Normal Transaction
900631,500000170,2026-08-27,12:41:57,IMPS,44037,PhonePe,Bengaluru,Mobile,Yes,Different City
900632,500000120,2026-02-21,22:01:03,ATM,936,Uber,Kolkata,Mobile,No,Normal Transaction
900633,500000133,2026-01-11,18:47:30,RTGS,52613,Paytm,Hyderabad,ATM,No,Normal Transaction
900634,500000113,2026-09-26,13:47:38,ATM,56316,Zomato,Mumbai,ATM,No,Normal Transaction
900635,500000009,2026-07-04,16:31:07,RTGS,42926,IRCTC,Kolkata,Laptop,No,Normal Transaction
900636,500000013,2026-02-25,20:05:38,NEFT,60259,Uber,Lucknow,Laptop,No,Normal Transaction
900637,500000138,2026-09-09,06:21:26,ATM,91355,DMart,Lucknow,Laptop,No,Normal Transaction
900638,500000034,2026-08-22,16:07:09,UPI,13131,Paytm,Lucknow,Mobile,No,Normal Transaction
900639,500000105,2026-05-09,00:27:25,NEFT,6584,Paytm,Delhi,Laptop,No,Normal Transaction
900640,500000004,2026-10-15,22:01:38,ATM,6234,Amazon,Bengaluru,Laptop,No,Normal Transaction
900641,500000100,2026-08-12,08:19:46,Debit Card,61879,IRCTC,Bengaluru,ATM,No,Normal Transaction
900642,500000110,2026-11-10,20:20:38,Credit Card,94311,DMart,Delhi,ATM,Yes,High Amount
900643,500000005,2026-12-19,13:09:27,Credit Card,19737,Reliance,Bengaluru,Laptop,No,Normal Transaction
900644,500000121,2026-08-15,01:48:32,Credit Card,77371,Paytm,Mumbai,ATM,No,Normal Transaction
900645,500000114,2026-05-21,12:44:33,RTGS,88297,Flipkart,Mumbai,Laptop,No,Normal Transaction
900646,500000108,2026-12-29,13:09:57,NEFT,85636,Amazon,Lucknow,POS,No,Normal Transaction
900647,500000059,2026-10-19,22:06:56,RTGS,95143,Uber,Lucknow,POS,No,Normal Transaction
900648,500000048,2026-09-24,13:59:27,ATM,49992,Reliance,Hyderabad,Laptop,No,Normal Transaction
900649,500000077,2026-09-07,04:23:48,NEFT,84376,Paytm,Pune,ATM,No,Normal Transaction
900650,500000118,2026-03-02,16:55:19,RTGS,29301,Reliance,Bengaluru,ATM,Yes,Multiple Transactions
900651,500000083,2026-01-09,03:01:20,IMPS,55001,Swiggy,Bengaluru,Mobile,No,Normal Transaction
900652,500000157,2026-11-11,22:46:15,Debit Card,88737,PhonePe,Lucknow,Laptop,No,Normal Transaction
900653,500000037,2026-11-17,18:24:37,NEFT,36082,Uber,Bengaluru,POS,No,Normal Transaction
900654,500000020,2026-08-31,05:54:48,Debit Card,36740,Amazon,Delhi,ATM,No,Normal Transaction
900655,500000166,2026-02-20,20:56:44,NEFT,72488,Swiggy,Mumbai,Laptop,No,Normal Transaction
900656,500000128,2026-10-26,14:45:58,Debit Card,40115,Paytm,Bengaluru,Mobile,No,Normal Transaction
900657,500000170,2026-09-28,03:37:09,Debit Card,96097,DMart,Pune,Laptop,No,Normal Transaction
900658,500000169,2026-05-24,03:18:07,ATM,45387,DMart,Lucknow,Laptop,No,Normal Transaction
900659,500000175,2026-05-03,02:49:48,ATM,18452,IRCTC,Hyderabad,POS,No,Normal Transaction
900660,500000086,2026-04-07,04:10:38,ATM,57934,IRCTC,Kolkata,Laptop,No,Normal Transaction
900661,500000033,2026-04-10,10:30:17,RTGS,92988,IRCTC,Bengaluru,ATM,No,Normal Transaction
900662,500000077,2026-04-21,06:00:43,Debit Card,45713,Swiggy,Pune,Laptop,No,Normal Transaction
900663,500000153,2026-08-15,11:36:57,ATM,69863,PhonePe,Lucknow,POS,No,Normal Transaction
900664,500000161,2026-05-22,13:24:30,ATM,3396,Amazon,Hyderabad,Mobile,No,Normal Transaction
900665,500000151,2026-04-07,12:37:35,IMPS,95279,Uber,Bengaluru,Laptop,No,Normal Transaction
900666,500000149,2026-06-05,19:03:55,ATM,39426,Uber,Delhi,Mobile,No,Normal Transaction
900667,500000107,2026-09-28,20:19:06,UPI,82592,Reliance,Lucknow,ATM,No,Normal Transaction
900668,500000174,2026-10-04,09:18:39,UPI,67534,Amazon,Hyderabad,ATM,No,Normal Transaction
900669,500000176,2026-12-01,19:58:30,Credit Card,21161,DMart,Delhi,POS,No,Normal Transaction
900670,500000093,2026-04-17,06:03:05,NEFT,47626,Amazon,Mumbai,Laptop,No,Normal Transaction
900671,500000009,2026-08-26,23:48:19,RTGS,1551,Reliance,Pune,Mobile,No,Normal Transaction
900672,500000179,2026-04-22,14:25:16,ATM,90500,PhonePe,Hyderabad,ATM,No,Normal Transaction
900673,500000066,2026-10-17,11:30:34,NEFT,68497,Flipkart,Delhi,ATM,No,Normal Transaction
900674,500000053,2026-10-11,10:09:02,UPI,50349,Swiggy,Hyderabad,ATM,No,Normal Transaction
900675,500000056,2026-05-02,05:20:53,RTGS,66862,Amazon,Kolkata,Mobile,No,Normal Transaction
900676,500000141,2026-02-07,12:13:39,NEFT,12384,DMart,Bengaluru,POS,No,Normal Transaction
900677,500000021,2026-04-01,23:39:42,ATM,40199,Swiggy,Delhi,POS,No,Normal Transaction
900678,500000083,2026-02-17,16:38:45,UPI,47557,Paytm,Hyderabad,Mobile,No,Normal Transaction
900679,500000122,2026-03-21,14:24:28,RTGS,25903,IRCTC,Kolkata,Mobile,No,Normal Transaction
900680,500000055,2026-07-16,12:39:42,IMPS,19269,Amazon,Bengaluru,ATM,No,Normal Transaction
900681,500000180,2026-12-20,13:49:45,Debit Card,2229,PhonePe,Pune,Mobile,No,Normal Transaction
900682,500000046,2026-03-31,17:18:03,Credit Card,28565,IRCTC,Bengaluru,ATM,No,Normal Transaction
900683,500000074,2026-09-09,17:21:46,Credit Card,80995,Reliance,Lucknow,Laptop,No,Normal Transaction
900684,500000149,2026-03-22,06:48:00,NEFT,5364,Zomato,Mumbai,ATM,No,Normal Transaction
900685,500000168,2026-04-30,06:30:39,ATM,44155,Amazon,Pune,Laptop,No,Normal Transaction
900686,500000015,2026-04-14,22:22:34,UPI,43626,IRCTC,Lucknow,ATM,No,Normal Transaction
900687,500000104,2026-09-12,14:54:47,Debit Card,28758,Uber,Hyderabad,Laptop,No,Normal Transaction
900688,500000174,2026-08-18,04:59:56,ATM,45463,Zomato,Bengaluru,Laptop,Yes,High Amount
900689,500000142,2026-10-09,03:04:04,RTGS,53629,DMart,Kolkata,POS,No,Normal Transaction
900690,500000158,2026-06-17,14:18:09,ATM,89168,PhonePe,Kolkata,POS,No,Normal Transaction
900691,500000084,2026-09-14,08:03:12,Debit Card,1798,Paytm,Kolkata,Laptop,No,Normal Transaction
900692,500000081,2026-03-11,21:29:59,IMPS,76066,IRCTC,Hyderabad,ATM,No,Normal Transaction
900693,500000073,2026-06-07,21:32:26,ATM,65389,Amazon,Lucknow,Mobile,No,Normal Transaction
900694,500000117,2026-07-28,19:21:00,NEFT,50898,Zomato,Pune,POS,No,Normal Transaction
900695,500000169,2026-12-08,13:16:36,NEFT,55447,Paytm,Mumbai,ATM,No,Normal Transaction
900696,500000105,2026-03-27,05:28:10,RTGS,27257,Reliance,Pune,ATM,No,Normal Transaction
900697,500000047,2026-09-15,08:24:55,ATM,73706,Uber,Lucknow,POS,No,Normal Transaction
900698,500000164,2026-10-02,04:39:21,UPI,8745,Amazon,Bengaluru,Laptop,No,Normal Transaction
900699,500000076,2026-11-12,14:07:13,Credit Card,25224,Amazon,Delhi,Laptop,No,Normal Transaction
900700,500000134,2026-07-28,21:11:15,Debit Card,95721,Amazon,Pune,Laptop,No,Normal Transaction
900701,500000117,2026-07-03,06:16:31,ATM,68349,Swiggy,Pune,POS,No,Normal Transaction
900702,500000155,2026-03-09,15:53:23,NEFT,51002,IRCTC,Kolkata,POS,No,Normal Transaction
900703,500000134,2026-01-14,08:13:51,Debit Card,40902,Reliance,Lucknow,POS,No,Normal Transaction
900704,500000095,2026-10-21,23:42:49,Debit Card,3424,Flipkart,Bengaluru,ATM,No,Normal Transaction
900705,500000155,2026-06-22,16:31:14,RTGS,45131,Uber,Bengaluru,Mobile,No,Normal Transaction
900706,500000148,2026-05-31,08:08:01,NEFT,91167,IRCTC,Lucknow,ATM,No,Normal Transaction
900707,500000152,2026-09-22,02:45:19,NEFT,70703,PhonePe,Hyderabad,ATM,No,Normal Transaction
900708,500000092,2026-01-30,17:23:42,RTGS,87254,IRCTC,Mumbai,POS,No,Normal Transaction
900709,500000110,2026-12-24,21:07:58,ATM,53904,Flipkart,Lucknow,ATM,No,Normal Transaction
900710,500000123,2026-02-12,03:48:28,NEFT,93352,Paytm,Lucknow,Mobile,No,Normal Transaction
900711,500000149,2026-11-28,01:54:11,ATM,17148,IRCTC,Bengaluru,ATM,No,Normal Transaction
900712,500000114,2026-07-20,23:49:21,ATM,17128,DMart,Lucknow,Mobile,No,Normal Transaction
900713,500000162,2026-08-20,08:05:54,Debit Card,71574,IRCTC,Bengaluru,POS,No,Normal Transaction
900714,500000104,2026-11-14,01:49:26,Debit Card,1595,Paytm,Hyderabad,POS,No,Normal Transaction
900715,500000096,2026-06-10,17:20:24,RTGS,18027,DMart,Bengaluru,Mobile,No,Normal Transaction
900716,500000113,2026-09-12,05:16:24,IMPS,79386,IRCTC,Pune,ATM,No,Normal Transaction
900717,500000093,2026-03-08,04:37:00,IMPS,51126,Zomato,Delhi,Laptop,No,Normal Transaction
900718,500000110,2026-10-24,17:57:36,RTGS,33245,Swiggy,Bengaluru,Mobile,No,Normal Transaction
900719,500000163,2026-01-14,19:37:16,RTGS,14212,DMart,Pune,Laptop,No,Normal Transaction
900720,500000158,2026-05-15,01:35:55,RTGS,40648,Reliance,Bengaluru,Mobile,No,Normal Transaction
900721,500000117,2026-04-29,22:03:54,NEFT,47466,Uber,Kolkata,Mobile,No,Normal Transaction
900722,500000059,2026-09-05,01:38:05,IMPS,76865,Zomato,Hyderabad,Mobile,No,Normal Transaction
900723,500000085,2026-10-15,00:52:05,Debit Card,82027,Reliance,Hyderabad,POS,No,Normal Transaction
900724,500000134,2026-05-02,20:34:43,RTGS,38233,Paytm,Kolkata,POS,No,Normal Transaction
900725,500000135,2026-07-29,04:51:35,Debit Card,59023,Uber,Bengaluru,ATM,No,Normal Transaction
900726,500000123,2026-01-13,18:07:50,RTGS,19136,Swiggy,Kolkata,Mobile,No,Normal Transaction
900727,500000057,2026-05-20,16:55:39,Debit Card,39741,DMart,Pune,POS,No,Normal Transaction
900728,500000032,2026-01-18,20:10:35,Debit Card,30514,Amazon,Hyderabad,Laptop,No,Normal Transaction
900729,500000040,2026-08-28,02:43:32,NEFT,81421,PhonePe,Mumbai,Laptop,No,Normal Transaction
900730,500000067,2026-01-28,06:38:09,IMPS,76990,IRCTC,Delhi,POS,No,Normal Transaction
900731,500000052,2026-10-28,04:59:31,NEFT,25365,Zomato,Bengaluru,Mobile,No,Normal Transaction
900732,500000179,2026-04-20,21:48:55,ATM,95322,DMart,Hyderabad,POS,No,Normal Transaction
900733,500000077,2026-12-21,02:48:44,UPI,2296,DMart,Mumbai,POS,No,Normal Transaction
900734,500000073,2026-03-27,17:36:17,UPI,83538,Uber,Lucknow,Mobile,No,Normal Transaction
900735,500000131,2026-04-16,17:18:28,ATM,47966,DMart,Delhi,Laptop,No,Normal Transaction
900736,500000048,2026-12-28,20:39:00,UPI,50963,Paytm,Kolkata,ATM,No,Normal Transaction
900737,500000028,2026-04-28,08:27:20,IMPS,92732,PhonePe,Mumbai,POS,No,Normal Transaction
900738,500000114,2026-10-30,08:53:09,IMPS,73183,Uber,Bengaluru,Laptop,No,Normal Transaction
900739,500000167,2026-07-09,04:57:12,ATM,10611,IRCTC,Kolkata,Mobile,No,Normal Transaction
900740,500000053,2026-02-05,09:33:09,NEFT,56273,Paytm,Bengaluru,Laptop,No,Normal Transaction
900741,500000120,2026-06-30,07:55:34,ATM,96471,Zomato,Lucknow,POS,No,Normal Transaction
900742,500000038,2026-05-05,02:47:48,ATM,85303,Zomato,Hyderabad,Mobile,No,Normal Transaction
900743,500000086,2026-10-01,17:54:46,NEFT,19871,IRCTC,Mumbai,Mobile,No,Normal Transaction
900744,500000019,2026-05-31,11:40:31,NEFT,22526,DMart,Kolkata,ATM,No,Normal Transaction
900745,500000011,2026-05-31,04:29:18,IMPS,42869,Zomato,Kolkata,ATM,No,Normal Transaction
900746,500000164,2026-07-18,05:09:26,IMPS,50050,DMart,Bengaluru,Laptop,No,Normal Transaction
900747,500000124,2026-12-06,22:13:11,IMPS,96047,Swiggy,Hyderabad,Mobile,No,Normal Transaction
900748,500000009,2026-09-14,14:15:56,Debit Card,52205,PhonePe,Hyderabad,Mobile,No,Normal Transaction
900749,500000046,2026-03-06,19:13:20,RTGS,87294,Uber,Kolkata,POS,No,Normal Transaction
900750,500000013,2026-02-14,00:58:44,RTGS,55984,Reliance,Kolkata,ATM,No,Normal Transaction
900751,500000092,2026-03-16,05:15:40,ATM,15288,PhonePe,Delhi,ATM,No,Normal Transaction
900752,500000027,2026-04-02,21:33:36,Credit Card,74156,Swiggy,Bengaluru,ATM,No,Normal Transaction
900753,500000127,2026-10-24,11:34:36,IMPS,35676,Paytm,Pune,POS,No,Normal Transaction
900754,500000091,2026-08-04,11:01:18,Debit Card,40741,Swiggy,Kolkata,Laptop,No,Normal Transaction
900755,500000105,2026-05-23,12:07:21,Debit Card,97118,Zomato,Hyderabad,Mobile,No,Normal Transaction
900756,500000050,2026-06-03,01:58:09,Credit Card,64463,Uber,Delhi,POS,Yes,Midnight Transaction
900757,500000046,2026-07-23,16:21:56,NEFT,4423,Reliance,Lucknow,Mobile,No,Normal Transaction
900758,500000048,2026-02-13,21:55:49,ATM,65098,Swiggy,Lucknow,POS,No,Normal Transaction
900759,500000011,2026-09-14,15:57:32,NEFT,9381,Swiggy,Delhi,POS,No,Normal Transaction
900760,500000111,2026-07-21,20:24:25,Credit Card,16351,Amazon,Kolkata,POS,No,Normal Transaction
900761,500000018,2026-02-23,23:35:29,RTGS,2938,Zomato,Pune,Laptop,No,Normal Transaction
900762,500000050,2026-07-29,18:13:51,Debit Card,22886,Amazon,Lucknow,ATM,No,Normal Transaction
900763,500000174,2026-10-15,18:10:02,IMPS,66474,Swiggy,Delhi,POS,No,Normal Transaction
900764,500000033,2026-06-03,23:50:42,IMPS,63112,Amazon,Hyderabad,ATM,No,Normal Transaction
900765,500000035,2026-01-01,10:41:04,UPI,66637,Reliance,Kolkata,POS,Yes,Multiple Transactions
900766,500000034,2026-01-04,22:14:45,NEFT,88004,IRCTC,Lucknow,ATM,No,Normal Transaction
900767,500000163,2026-01-04,02:21:24,UPI,4894,IRCTC,Hyderabad,ATM,No,Normal Transaction
900768,500000157,2026-11-13,16:11:55,UPI,41705,PhonePe,Mumbai,POS,No,Normal Transaction
900769,500000082,2026-05-01,20:39:26,NEFT,37483,Flipkart,Lucknow,Mobile,No,Normal Transaction
900770,500000022,2026-06-19,05:33:10,ATM,60389,PhonePe,Mumbai,ATM,No,Normal Transaction
900771,500000123,2026-02-10,08:59:22,IMPS,17565,IRCTC,Hyderabad,Laptop,No,Normal Transaction
900772,500000174,2026-12-03,16:38:59,NEFT,63026,PhonePe,Lucknow,POS,No,Normal Transaction
900773,500000144,2026-09-05,23:55:16,RTGS,15009,Flipkart,Kolkata,Mobile,No,Normal Transaction
900774,500000040,2026-10-13,22:59:33,IMPS,6293,IRCTC,Hyderabad,Mobile,No,Normal Transaction
900775,500000040,2026-04-26,02:39:29,IMPS,58372,Paytm,Hyderabad,ATM,No,Normal Transaction
900776,500000076,2026-02-28,16:16:38,UPI,66911,Paytm,Delhi,Mobile,No,Normal Transaction
900777,500000139,2026-09-24,07:38:01,Credit Card,94465,Flipkart,Lucknow,Mobile,No,Normal Transaction
900778,500000066,2026-05-22,21:13:42,IMPS,91488,Reliance,Kolkata,POS,No,Normal Transaction
900779,500000015,2026-04-18,01:48:40,RTGS,89725,PhonePe,Delhi,ATM,No,Normal Transaction
900780,500000081,2026-06-19,15:41:23,Debit Card,25712,Uber,Bengaluru,Mobile,No,Normal Transaction
900781,500000109,2026-01-09,23:45:18,RTGS,28306,Amazon,Hyderabad,ATM,No,Normal Transaction
900782,500000049,2026-02-05,14:29:27,UPI,60420,IRCTC,Hyderabad,Mobile,No,Normal Transaction
900783,500000058,2026-11-03,21:25:52,ATM,53131,Swiggy,Delhi,POS,No,Normal Transaction
900784,500000163,2026-02-18,17:52:27,IMPS,91577,Paytm,Lucknow,POS,No,Normal Transaction
900785,500000021,2026-07-25,17:27:21,UPI,90450,Zomato,Pune,Mobile,No,Normal Transaction
900786,500000138,2026-05-10,16:31:38,IMPS,78835,Paytm,Pune,ATM,No,Normal Transaction
900787,500000097,2026-01-20,18:40:15,RTGS,48193,Zomato,Delhi,ATM,No,Normal Transaction
900788,500000084,2026-09-08,22:46:19,NEFT,96353,DMart,Bengaluru,Mobile,No,Normal Transaction
900789,500000096,2026-07-18,09:10:51,Debit Card,69877,PhonePe,Kolkata,Laptop,No,Normal Transaction
900790,500000011,2026-11-25,06:37:51,UPI,76290,Amazon,Hyderabad,ATM,No,Normal Transaction
900791,500000142,2026-02-22,03:16:32,NEFT,32169,Flipkart,Bengaluru,Mobile,No,Normal Transaction
900792,500000100,2026-11-29,10:56:01,NEFT,35407,Uber,Delhi,Mobile,No,Normal Transaction
900793,500000022,2026-03-09,04:47:52,NEFT,74681,IRCTC,Pune,Mobile,No,Normal Transaction
900794,500000070,2026-04-04,06:56:58,Credit Card,62729,DMart,Lucknow,Mobile,No,Normal Transaction
900795,500000058,2026-08-02,11:03:51,NEFT,57546,Zomato,Mumbai,POS,No,Normal Transaction
900796,500000115,2026-07-22,09:29:25,RTGS,85234,Paytm,Delhi,POS,No,Normal Transaction
900797,500000167,2026-02-03,05:18:43,Debit Card,10904,Swiggy,Hyderabad,Laptop,No,Normal Transaction
900798,500000103,2026-09-05,10:02:25,NEFT,54764,Swiggy,Mumbai,POS,No,Normal Transaction
900799,500000109,2026-10-09,04:46:18,Credit Card,95749,Uber,Mumbai,Mobile,No,Normal Transaction
900800,500000008,2026-07-10,14:10:20,UPI,11878,PhonePe,Lucknow,ATM,No,Normal Transaction
900801,500000126,2026-09-08,10:26:53,IMPS,90091,Uber,Lucknow,Laptop,No,Normal Transaction
900802,500000045,2026-01-31,19:41:34,RTGS,71743,Zomato,Kolkata,Mobile,No,Normal Transaction
900803,500000105,2026-06-29,05:15:40,NEFT,45593,IRCTC,Kolkata,Laptop,No,Normal Transaction
900804,500000033,2026-06-05,06:22:21,NEFT,20513,PhonePe,Mumbai,POS,No,Normal Transaction
900805,500000070,2026-04-28,16:52:22,UPI,58142,Paytm,Bengaluru,Laptop,No,Normal Transaction
900806,500000049,2026-01-12,03:37:01,RTGS,93635,Paytm,Kolkata,POS,No,Normal Transaction
900807,500000091,2026-08-29,17:31:29,RTGS,46616,Swiggy,Mumbai,POS,No,Normal Transaction
900808,500000158,2026-10-21,12:37:40,IMPS,55299,PhonePe,Pune,ATM,No,Normal Transaction
900809,500000051,2026-05-07,01:21:13,Credit Card,59103,Uber,Delhi,Mobile,No,Normal Transaction
900810,500000130,2026-10-18,14:34:12,IMPS,66622,PhonePe,Delhi,ATM,No,Normal Transaction
900811,500000064,2026-09-13,18:59:26,Debit Card,98705,Paytm,Mumbai,Mobile,No,Normal Transaction
900812,500000103,2026-07-18,19:05:45,Credit Card,25060,Flipkart,Delhi,ATM,No,Normal Transaction
900813,500000007,2026-09-01,23:24:28,RTGS,2929,Zomato,Pune,Laptop,No,Normal Transaction
900814,500000109,2026-03-24,07:41:48,UPI,80873,Uber,Kolkata,ATM,No,Normal Transaction
900815,500000042,2026-08-08,07:52:46,Credit Card,28578,Flipkart,Bengaluru,POS,No,Normal Transaction
900816,500000053,2026-06-16,06:40:56,Debit Card,27752,Flipkart,Lucknow,POS,No,Normal Transaction
900817,500000005,2026-02-12,03:32:17,ATM,31839,Reliance,Mumbai,POS,No,Normal Transaction
900818,500000089,2026-07-15,19:40:15,NEFT,63897,IRCTC,Kolkata,Laptop,No,Normal Transaction
900819,500000044,2026-02-09,03:36:40,NEFT,69563,DMart,Pune,POS,No,Normal Transaction
900820,500000176,2026-04-26,22:03:04,NEFT,99487,Uber,Delhi,ATM,No,Normal Transaction
900821,500000177,2026-07-29,02:08:36,Credit Card,90793,Zomato,Hyderabad,POS,No,Normal Transaction
900822,500000047,2026-06-04,15:06:35,Credit Card,9619,Swiggy,Pune,Mobile,No,Normal Transaction
900823,500000062,2026-12-08,10:51:48,Credit Card,17026,PhonePe,Mumbai,POS,No,Normal Transaction
900824,500000103,2026-10-27,13:16:18,NEFT,89461,Flipkart,Lucknow,POS,No,Normal Transaction
900825,500000126,2026-05-16,12:18:13,UPI,20969,PhonePe,Lucknow,ATM,No,Normal Transaction
900826,500000128,2026-11-06,17:41:15,NEFT,73859,Flipkart,Hyderabad,POS,No,Normal Transaction
900827,500000132,2026-12-10,11:23:28,UPI,96154,Zomato,Delhi,Mobile,No,Normal Transaction
900828,500000166,2026-06-02,01:23:19,ATM,11232,Reliance,Bengaluru,Laptop,No,Normal Transaction
900829,500000042,2026-01-10,21:30:44,NEFT,78687,Flipkart,Kolkata,POS,No,Normal Transaction
900830,500000037,2026-11-28,20:06:22,IMPS,11352,IRCTC,Hyderabad,POS,No,Normal Transaction
900831,500000141,2026-02-26,18:20:54,ATM,16768,Amazon,Delhi,ATM,No,Normal Transaction
900832,500000170,2026-08-11,21:23:03,UPI,4364,Amazon,Bengaluru,Mobile,No,Normal Transaction
900833,500000176,2026-12-13,09:04:43,Credit Card,70653,Paytm,Lucknow,POS,No,Normal Transaction
900834,500000051,2026-06-17,10:28:02,IMPS,90909,Paytm,Lucknow,ATM,No,Normal Transaction
900835,500000059,2026-07-22,18:39:06,RTGS,59788,Swiggy,Hyderabad,Mobile,No,Normal Transaction
900836,500000086,2026-05-07,06:23:25,Debit Card,60689,Amazon,Bengaluru,Laptop,No,Normal Transaction
900837,500000111,2026-02-05,16:15:55,UPI,68666,Uber,Delhi,Laptop,No,Normal Transaction
900838,500000044,2026-01-25,12:44:19,RTGS,92331,Uber,Mumbai,Laptop,No,Normal Transaction
900839,500000095,2026-06-11,10:01:43,NEFT,32795,Zomato,Delhi,POS,No,Normal Transaction
900840,500000120,2026-08-11,10:59:08,ATM,48772,Reliance,Kolkata,POS,No,Normal Transaction
900841,500000076,2026-12-27,02:20:23,NEFT,9434,Paytm,Mumbai,POS,No,Normal Transaction
900842,500000107,2026-07-04,15:34:54,IMPS,19660,Reliance,Bengaluru,Laptop,No,Normal Transaction
900843,500000152,2026-01-12,03:38:14,ATM,87944,PhonePe,Kolkata,ATM,No,Normal Transaction
900844,500000034,2026-12-03,09:40:02,IMPS,23252,PhonePe,Pune,Mobile,No,Normal Transaction
900845,500000180,2026-12-04,19:41:31,ATM,91268,Amazon,Hyderabad,POS,No,Normal Transaction
900846,500000015,2026-07-30,12:49:26,Debit Card,96736,Swiggy,Delhi,Mobile,No,Normal Transaction
900847,500000106,2026-11-29,11:59:17,ATM,84946,Swiggy,Pune,Laptop,No,Normal Transaction
900848,500000061,2026-07-31,00:25:29,UPI,32214,Swiggy,Delhi,Mobile,No,Normal Transaction
900849,500000128,2026-06-06,22:05:38,ATM,30055,Zomato,Mumbai,POS,No,Normal Transaction
900850,500000051,2026-10-28,06:19:36,UPI,12789,Amazon,Hyderabad,Mobile,No,Normal Transaction
900851,500000046,2026-02-24,18:48:19,RTGS,66429,PhonePe,Mumbai,ATM,No,Normal Transaction
900852,500000098,2026-09-29,22:19:43,UPI,29659,DMart,Mumbai,ATM,No,Normal Transaction
900853,500000161,2026-09-30,12:08:41,NEFT,21656,IRCTC,Bengaluru,POS,No,Normal Transaction
900854,500000106,2026-07-25,04:15:22,UPI,21163,IRCTC,Hyderabad,Laptop,No,Normal Transaction
900855,500000007,2026-01-11,20:27:03,IMPS,34039,PhonePe,Lucknow,ATM,No,Normal Transaction
900856,500000027,2026-11-04,17:43:40,UPI,80716,Zomato,Lucknow,ATM,No,Normal Transaction
900857,500000008,2026-12-29,12:02:25,ATM,91788,PhonePe,Bengaluru,ATM,No,Normal Transaction
900858,500000046,2026-10-23,16:25:45,IMPS,21823,Amazon,Delhi,POS,No,Normal Transaction
900859,500000013,2026-02-07,11:05:54,ATM,39995,Amazon,Hyderabad,POS,No,Normal Transaction
900860,500000110,2026-06-12,01:20:48,Credit Card,61904,Paytm,Delhi,ATM,No,Normal Transaction
900861,500000010,2026-11-29,06:17:11,RTGS,28055,Uber,Lucknow,Mobile,No,Normal Transaction
900862,500000135,2026-07-13,15:25:58,Credit Card,16092,PhonePe,Hyderabad,POS,No,Normal Transaction
900863,500000024,2026-02-22,03:04:50,IMPS,5129,Uber,Lucknow,Mobile,No,Normal Transaction
900864,500000106,2026-04-24,22:45:28,NEFT,16943,DMart,Lucknow,POS,No,Normal Transaction
900865,500000124,2026-05-29,10:32:12,ATM,33203,Amazon,Mumbai,Laptop,No,Normal Transaction
900866,500000121,2026-03-18,14:23:01,ATM,50674,Flipkart,Delhi,ATM,No,Normal Transaction
900867,500000129,2026-06-06,13:59:20,Debit Card,80318,IRCTC,Delhi,Mobile,No,Normal Transaction
900868,500000104,2026-02-23,21:38:42,NEFT,27328,Reliance,Mumbai,Mobile,No,Normal Transaction
900869,500000074,2026-08-27,22:34:50,Credit Card,57482,Flipkart,Kolkata,ATM,No,Normal Transaction
900870,500000158,2026-11-22,16:35:26,UPI,35805,Uber,Lucknow,Laptop,No,Normal Transaction
900871,500000141,2026-08-21,20:42:16,Credit Card,15159,Zomato,Delhi,Mobile,No,Normal Transaction
900872,500000031,2026-08-22,23:13:45,NEFT,79339,PhonePe,Lucknow,Mobile,No,Normal Transaction
900873,500000160,2026-02-01,05:56:20,Debit Card,69256,Swiggy,Bengaluru,Mobile,No,Normal Transaction
900874,500000134,2026-06-08,12:38:12,Credit Card,70537,Reliance,Kolkata,POS,No,Normal Transaction
900875,500000094,2026-10-11,00:28:08,UPI,62173,Paytm,Pune,POS,No,Normal Transaction
900876,500000143,2026-09-29,00:54:24,IMPS,81153,Flipkart,Lucknow,Mobile,No,Normal Transaction
900877,500000072,2026-09-19,21:36:13,UPI,78575,Swiggy,Bengaluru,POS,No,Normal Transaction
900878,500000075,2026-08-12,18:27:22,Credit Card,58995,Amazon,Kolkata,Laptop,No,Normal Transaction
900879,500000105,2026-08-06,01:38:16,UPI,76732,IRCTC,Pune,ATM,No,Normal Transaction
900880,500000131,2026-11-20,03:09:12,UPI,4352,DMart,Pune,POS,No,Normal Transaction
900881,500000130,2026-06-27,04:17:02,UPI,36213,Swiggy,Delhi,POS,No,Normal Transaction
900882,500000009,2026-05-01,23:39:53,Credit Card,3868,Amazon,Delhi,Mobile,No,Normal Transaction
900883,500000121,2026-08-12,08:54:19,Credit Card,69106,IRCTC,Mumbai,Mobile,No,Normal Transaction
900884,500000144,2026-08-20,14:08:14,ATM,55377,Flipkart,Bengaluru,Mobile,No,Normal Transaction
900885,500000097,2026-02-02,22:34:01,Credit Card,68008,Paytm,Lucknow,POS,No,Normal Transaction
900886,500000002,2026-01-08,07:08:49,UPI,27955,Flipkart,Kolkata,Mobile,No,Normal Transaction
900887,500000003,2026-08-19,21:47:37,Credit Card,40727,Zomato,Kolkata,POS,No,Normal Transaction
900888,500000103,2026-08-22,18:32:13,NEFT,88442,Paytm,Delhi,ATM,No,Normal Transaction
900889,500000130,2026-03-21,02:26:23,Debit Card,92954,Paytm,Hyderabad,ATM,No,Normal Transaction
900890,500000069,2026-01-11,15:29:34,RTGS,44523,IRCTC,Delhi,Mobile,No,Normal Transaction
900891,500000167,2026-05-16,23:08:30,UPI,84705,Flipkart,Pune,Laptop,No,Normal Transaction
900892,500000015,2026-12-30,02:02:26,ATM,79366,Paytm,Hyderabad,Mobile,No,Normal Transaction
900893,500000087,2026-06-01,13:37:52,IMPS,55268,Flipkart,Kolkata,Mobile,No,Normal Transaction
900894,500000080,2026-07-06,23:51:53,IMPS,89780,Zomato,Kolkata,POS,No,Normal Transaction
900895,500000102,2026-06-09,01:14:58,IMPS,60796,IRCTC,Pune,ATM,No,Normal Transaction
900896,500000010,2026-08-29,13:47:43,ATM,90946,DMart,Delhi,ATM,No,Normal Transaction
900897,500000109,2026-04-29,04:35:00,ATM,46563,Uber,Pune,ATM,No,Normal Transaction
900898,500000062,2026-12-31,23:50:48,NEFT,13439,DMart,Lucknow,Mobile,No,Normal Transaction
900899,500000118,2026-05-06,07:07:51,ATM,1521,IRCTC,Bengaluru,Laptop,No,Normal Transaction
900900,500000058,2026-05-17,19:58:44,NEFT,75861,Amazon,Kolkata,Laptop,No,Normal Transaction
900901,500000151,2026-07-13,16:46:17,ATM,89531,Swiggy,Hyderabad,Mobile,No,Normal Transaction
900902,500000002,2026-03-18,04:42:36,UPI,30324,PhonePe,Delhi,Laptop,No,Normal Transaction
900903,500000064,2026-05-28,04:04:35,Debit Card,9756,Uber,Pune,ATM,No,Normal Transaction
900904,500000150,2026-12-17,18:58:15,RTGS,18876,Paytm,Delhi,POS,No,Normal Transaction
900905,500000178,2026-12-16,00:39:30,NEFT,8497,IRCTC,Mumbai,Laptop,No,Normal Transaction
900906,500000154,2026-02-25,15:24:26,Debit Card,61924,Swiggy,Hyderabad,POS,No,Normal Transaction
900907,500000158,2026-06-03,12:17:46,Debit Card,20701,Reliance,Bengaluru,ATM,No,Normal Transaction
900908,500000104,2026-04-01,18:11:48,Debit Card,52797,Amazon,Pune,ATM,No,Normal Transaction
900909,500000057,2026-01-26,09:05:06,UPI,94694,Uber,Delhi,Laptop,No,Normal Transaction
900910,500000163,2026-02-27,02:30:34,NEFT,99310,Flipkart,Bengaluru,ATM,No,Normal Transaction
900911,500000018,2026-03-19,03:19:44,NEFT,75393,Flipkart,Lucknow,POS,No,Normal Transaction
900912,500000076,2026-06-24,12:57:44,ATM,55143,IRCTC,Delhi,POS,No,Normal Transaction
900913,500000150,2026-05-26,07:24:31,NEFT,53456,Amazon,Delhi,POS,No,Normal Transaction
900914,500000158,2026-06-27,05:44:39,UPI,20227,IRCTC,Bengaluru,Mobile,No,Normal Transaction
900915,500000013,2026-07-21,15:11:04,NEFT,84859,Zomato,Kolkata,ATM,No,Normal Transaction
900916,500000022,2026-03-04,11:29:31,NEFT,17881,Amazon,Mumbai,POS,No,Normal Transaction
900917,500000020,2026-02-20,00:53:39,ATM,19601,DMart,Lucknow,Laptop,No,Normal Transaction
900918,500000016,2026-05-23,01:57:24,ATM,35482,Zomato,Lucknow,Mobile,No,Normal Transaction
900919,500000064,2026-11-17,08:07:53,IMPS,10989,DMart,Hyderabad,Laptop,No,Normal Transaction
900920,500000136,2026-03-11,11:24:39,IMPS,81890,DMart,Delhi,Mobile,No,Normal Transaction
900921,500000080,2026-09-17,09:40:03,Credit Card,683,Reliance,Pune,Laptop,No,Normal Transaction
900922,500000160,2026-09-18,01:20:36,IMPS,87258,Paytm,Bengaluru,POS,No,Normal Transaction
900923,500000097,2026-01-17,18:17:26,Credit Card,5438,Uber,Mumbai,Laptop,No,Normal Transaction
900924,500000168,2026-09-07,13:18:54,ATM,97553,Swiggy,Pune,Laptop,No,Normal Transaction
900925,500000175,2026-02-13,17:15:07,UPI,45992,IRCTC,Delhi,Mobile,No,Normal Transaction
900926,500000077,2026-05-27,14:31:34,Debit Card,24518,Flipkart,Kolkata,Laptop,No,Normal Transaction
900927,500000022,2026-04-30,14:34:43,IMPS,89753,IRCTC,Mumbai,ATM,No,Normal Transaction
900928,500000133,2026-02-22,05:08:03,IMPS,35899,PhonePe,Mumbai,Mobile,No,Normal Transaction
900929,500000107,2026-05-24,11:35:24,NEFT,67063,IRCTC,Mumbai,Mobile,No,Normal Transaction
900930,500000093,2026-05-01,05:59:59,Credit Card,15792,PhonePe,Hyderabad,POS,No,Normal Transaction
900931,500000024,2026-05-31,03:39:44,ATM,1773,Flipkart,Bengaluru,Mobile,No,Normal Transaction
900932,500000114,2026-05-03,11:17:27,Credit Card,65087,Flipkart,Kolkata,Mobile,No,Normal Transaction
900933,500000152,2026-02-12,06:43:04,UPI,30909,Zomato,Delhi,ATM,No,Normal Transaction
900934,500000013,2026-03-09,13:13:39,Debit Card,56418,IRCTC,Pune,POS,No,Normal Transaction
900935,500000082,2026-04-07,10:51:53,Debit Card,76260,Uber,Mumbai,POS,No,Normal Transaction
900936,500000043,2026-07-11,21:37:24,NEFT,13997,Paytm,Mumbai,ATM,No,Normal Transaction
900937,500000162,2026-11-29,13:18:22,ATM,70771,Zomato,Mumbai,POS,No,Normal Transaction
900938,500000080,2026-12-08,00:20:00,Debit Card,53844,Flipkart,Bengaluru,ATM,No,Normal Transaction
900939,500000036,2026-05-24,07:53:04,Debit Card,77163,IRCTC,Hyderabad,Mobile,No,Normal Transaction
900940,500000065,2026-06-18,06:03:11,Debit Card,7915,Amazon,Mumbai,Mobile,No,Normal Transaction
900941,500000107,2026-11-20,15:54:00,UPI,96227,DMart,Bengaluru,POS,No,Normal Transaction
900942,500000028,2026-07-23,09:04:38,NEFT,73303,Swiggy,Lucknow,Laptop,No,Normal Transaction
900943,500000106,2026-08-03,06:49:49,Debit Card,95785,Flipkart,Delhi,ATM,No,Normal Transaction
900944,500000034,2026-07-10,15:04:20,Debit Card,85931,Amazon,Delhi,Laptop,No,Normal Transaction
900945,500000174,2026-02-26,18:48:37,Credit Card,64567,Uber,Delhi,Mobile,No,Normal Transaction
900946,500000131,2026-07-17,22:28:50,Debit Card,18000,Amazon,Pune,ATM,No,Normal Transaction
900947,500000011,2026-04-06,12:39:18,Debit Card,75878,Flipkart,Pune,Mobile,No,Normal Transaction
900948,500000135,2026-04-12,17:23:05,ATM,57227,Uber,Pune,POS,No,Normal Transaction
900949,500000086,2026-06-19,21:22:31,Debit Card,65915,Zomato,Lucknow,Mobile,No,Normal Transaction
900950,500000028,2026-12-05,02:44:31,IMPS,98200,Flipkart,Lucknow,Laptop,No,Normal Transaction
900951,500000064,2026-04-20,05:40:44,Credit Card,83949,PhonePe,Mumbai,Laptop,No,Normal Transaction
900952,500000146,2026-12-14,23:39:09,IMPS,91494,IRCTC,Mumbai,Mobile,No,Normal Transaction
900953,500000037,2026-03-27,07:30:48,UPI,74853,PhonePe,Hyderabad,Laptop,No,Normal Transaction
900954,500000049,2026-05-26,01:16:11,NEFT,80313,DMart,Lucknow,POS,Yes,High Amount
900955,500000017,2026-08-29,09:57:22,NEFT,65968,Swiggy,Kolkata,ATM,No,Normal Transaction
900956,500000161,2026-12-05,12:11:06,Credit Card,25018,PhonePe,Bengaluru,ATM,No,Normal Transaction
900957,500000146,2026-12-12,01:09:37,NEFT,19876,Paytm,Mumbai,ATM,No,Normal Transaction
900958,500000047,2026-10-28,13:18:42,IMPS,17201,Paytm,Kolkata,POS,No,Normal Transaction
900959,500000121,2026-06-22,06:19:24,UPI,79908,DMart,Delhi,ATM,No,Normal Transaction
900960,500000052,2026-07-15,19:46:41,Debit Card,71053,Paytm,Kolkata,ATM,No,Normal Transaction
900961,500000165,2026-10-22,18:24:01,ATM,47173,DMart,Kolkata,POS,No,Normal Transaction
900962,500000073,2026-01-07,06:17:11,IMPS,48036,DMart,Hyderabad,POS,No,Normal Transaction
900963,500000055,2026-12-04,11:42:39,NEFT,67271,Zomato,Lucknow,Mobile,No,Normal Transaction
900964,500000053,2026-06-05,02:46:49,NEFT,16402,PhonePe,Kolkata,Mobile,No,Normal Transaction
900965,500000171,2026-02-16,05:29:21,NEFT,10602,Uber,Kolkata,POS,No,Normal Transaction
900966,500000100,2026-06-16,22:09:31,Credit Card,95376,IRCTC,Delhi,POS,No,Normal Transaction
900967,500000049,2026-03-12,15:53:41,NEFT,19669,Paytm,Lucknow,POS,No,Normal Transaction
900968,500000092,2026-02-04,17:33:10,IMPS,34747,Swiggy,Delhi,Laptop,No,Normal Transaction
900969,500000169,2026-06-01,18:34:16,Credit Card,75491,Swiggy,Delhi,Laptop,No,Normal Transaction
900970,500000071,2026-10-18,01:58:26,IMPS,40070,Swiggy,Delhi,Laptop,No,Normal Transaction
900971,500000104,2026-05-19,14:39:20,ATM,71378,Reliance,Kolkata,ATM,No,Normal Transaction
900972,500000160,2026-10-19,07:51:01,IMPS,46664,Paytm,Bengaluru,ATM,No,Normal Transaction
900973,500000030,2026-04-05,19:45:26,Credit Card,39552,PhonePe,Bengaluru,Mobile,No,Normal Transaction
900974,500000069,2026-08-11,20:02:24,UPI,64578,IRCTC,Mumbai,POS,No,Normal Transaction
900975,500000065,2026-01-06,22:49:32,IMPS,73114,Flipkart,Hyderabad,ATM,No,Normal Transaction
900976,500000097,2026-01-21,15:00:31,IMPS,86352,Amazon,Hyderabad,POS,No,Normal Transaction
900977,500000178,2026-11-12,17:10:14,NEFT,14441,Amazon,Delhi,Mobile,No,Normal Transaction
900978,500000142,2026-09-26,05:52:08,ATM,91370,Reliance,Lucknow,ATM,No,Normal Transaction
900979,500000040,2026-10-04,22:42:17,IMPS,23307,PhonePe,Hyderabad,POS,No,Normal Transaction
900980,500000123,2026-04-04,05:24:11,Credit Card,7635,Amazon,Kolkata,Laptop,No,Normal Transaction
900981,500000049,2026-09-20,16:04:50,NEFT,40654,Uber,Delhi,ATM,No,Normal Transaction
900982,500000088,2026-06-20,10:35:03,Debit Card,88409,Uber,Pune,ATM,No,Normal Transaction
900983,500000053,2026-04-18,23:45:40,ATM,93780,Uber,Bengaluru,ATM,No,Normal Transaction
900984,500000069,2026-08-18,06:58:06,RTGS,32052,PhonePe,Kolkata,ATM,No,Normal Transaction
900985,500000026,2026-10-14,17:18:41,IMPS,75330,Zomato,Mumbai,ATM,No,Normal Transaction
900986,500000058,2026-06-09,00:50:51,UPI,79661,Amazon,Mumbai,POS,No,Normal Transaction
900987,500000088,2026-02-11,21:38:59,Credit Card,65586,Zomato,Bengaluru,ATM,No,Normal Transaction
900988,500000010,2026-09-22,19:13:47,UPI,65944,PhonePe,Pune,Mobile,No,Normal Transaction
900989,500000155,2026-04-15,07:19:08,IMPS,39844,Zomato,Mumbai,POS,No,Normal Transaction
900990,500000012,2026-08-18,01:46:01,RTGS,39642,Amazon,Mumbai,Mobile,No,Normal Transaction
900991,500000104,2026-10-12,21:25:52,Credit Card,25158,Zomato,Delhi,Laptop,No,Normal Transaction
900992,500000130,2026-07-23,17:40:47,UPI,85570,Uber,Mumbai,Laptop,No,Normal Transaction
900993,500000132,2026-05-01,19:46:18,UPI,87670,Paytm,Hyderabad,POS,No,Normal Transaction
900994,500000062,2026-11-08,18:21:41,UPI,98493,Reliance,Bengaluru,Mobile,No,Normal Transaction
900995,500000030,2026-04-08,00:21:57,RTGS,59366,Swiggy,Kolkata,ATM,No,Normal Transaction
900996,500000060,2026-07-16,17:29:09,RTGS,91056,IRCTC,Lucknow,POS,No,Normal Transaction
900997,500000148,2026-10-16,16:17:07,ATM,63034,DMart,Lucknow,Mobile,No,Normal Transaction
900998,500000011,2026-10-30,12:26:10,Credit Card,81111,Zomato,Lucknow,Mobile,No,Normal Transaction
900999,500000034,2026-03-08,20:35:09,UPI,35236,DMart,Bengaluru,Laptop,No,Normal Transaction
901000,500000063,2026-11-10,07:12:50,Debit Card,61826,PhonePe,Delhi,ATM,No,Normal Transaction
901001,500000134,2026-04-08,21:42:04,Debit Card,45500,Zomato,Kolkata,Laptop,No,Normal Transaction
901002,500000008,2026-02-22,19:04:51,Debit Card,87957,PhonePe,Bengaluru,POS,No,Normal Transaction
901003,500000118,2026-10-27,10:17:49,UPI,12074,Amazon,Lucknow,Mobile,No,Normal Transaction
901004,500000051,2026-02-16,12:51:27,IMPS,66496,Uber,Delhi,ATM,No,Normal Transaction
901005,500000156,2026-07-12,22:52:23,Debit Card,49275,PhonePe,Delhi,Laptop,No,Normal Transaction
901006,500000076,2026-07-19,01:48:43,NEFT,92163,Swiggy,Hyderabad,ATM,No,Normal Transaction
901007,500000082,2026-11-25,03:37:04,Debit Card,95772,DMart,Pune,ATM,No,Normal Transaction
901008,500000031,2026-05-10,00:41:34,RTGS,21503,Uber,Delhi,Mobile,No,Normal Transaction
901009,500000167,2026-01-16,04:26:41,Credit Card,48952,Flipkart,Pune,ATM,No,Normal Transaction
901010,500000034,2026-11-29,11:54:25,NEFT,46117,Flipkart,Hyderabad,Mobile,No,Normal Transaction
901011,500000127,2026-11-15,17:37:56,RTGS,28274,Flipkart,Lucknow,ATM,No,Normal Transaction
901012,500000149,2026-02-21,02:36:49,NEFT,34038,Zomato,Bengaluru,POS,No,Normal Transaction
901013,500000075,2026-07-15,01:47:59,UPI,32097,Flipkart,Hyderabad,ATM,No,Normal Transaction
901014,500000026,2026-02-01,18:52:36,RTGS,66533,Amazon,Pune,POS,No,Normal Transaction
901015,500000037,2026-07-26,12:32:21,Credit Card,4069,Uber,Lucknow,ATM,No,Normal Transaction
901016,500000015,2026-09-05,16:58:59,IMPS,48249,Paytm,Pune,POS,No,Normal Transaction
901017,500000117,2026-01-09,21:55:57,Debit Card,85690,Swiggy,Lucknow,POS,No,Normal Transaction
901018,500000148,2026-07-02,15:26:45,NEFT,68142,Zomato,Delhi,POS,No,Normal Transaction
901019,500000145,2026-01-08,14:26:57,ATM,92173,PhonePe,Pune,Laptop,No,Normal Transaction
901020,500000034,2026-06-23,16:57:38,Debit Card,37197,Flipkart,Lucknow,POS,No,Normal Transaction
901021,500000018,2026-12-03,15:39:47,UPI,34841,Amazon,Lucknow,Mobile,No,Normal Transaction
901022,500000042,2026-09-09,02:41:03,UPI,24829,Amazon,Delhi,POS,No,Normal Transaction
901023,500000062,2027-01-01,23:24:47,ATM,39439,Amazon,Pune,ATM,Yes,Different City
901024,500000124,2026-08-07,02:49:30,Debit Card,2224,DMart,Bengaluru,POS,No,Normal Transaction
901025,500000097,2026-09-08,11:34:36,RTGS,37621,Paytm,Delhi,POS,No,Normal Transaction
901026,500000170,2026-02-11,10:04:00,RTGS,41080,Zomato,Bengaluru,ATM,No,Normal Transaction
901027,500000173,2026-01-08,12:09:43,UPI,71211,Amazon,Kolkata,Mobile,No,Normal Transaction
901028,500000138,2026-09-22,17:32:03,IMPS,21911,Amazon,Bengaluru,Laptop,No,Normal Transaction
901029,500000151,2026-08-02,21:58:35,Debit Card,68486,Zomato,Lucknow,ATM,Yes,High Amount
901030,500000111,2026-08-09,19:46:06,UPI,56421,Paytm,Mumbai,Laptop,No,Normal Transaction
901031,500000049,2026-08-30,13:25:52,IMPS,46459,Zomato,Bengaluru,ATM,No,Normal Transaction
901032,500000059,2026-02-23,07:22:25,Debit Card,17844,Paytm,Kolkata,Mobile,No,Normal Transaction
901033,500000027,2026-03-02,13:52:49,Debit Card,93320,Amazon,Mumbai,ATM,No,Normal Transaction
901034,500000038,2026-01-14,02:39:03,Credit Card,63323,PhonePe,Pune,Laptop,No,Normal Transaction
901035,500000027,2026-10-07,21:39:14,Debit Card,92196,IRCTC,Lucknow,Mobile,Yes,Different City
901036,500000083,2026-03-25,13:08:33,IMPS,51710,Reliance,Pune,Laptop,No,Normal Transaction
901037,500000061,2026-03-20,06:25:51,Credit Card,68362,Paytm,Bengaluru,ATM,No,Normal Transaction
901038,500000080,2026-01-01,06:17:07,Credit Card,95503,Zomato,Delhi,Laptop,No,Normal Transaction
901039,500000127,2026-01-15,20:27:01,UPI,58730,Paytm,Mumbai,Mobile,No,Normal Transaction
901040,500000028,2026-08-30,14:56:04,RTGS,85373,Zomato,Hyderabad,ATM,No,Normal Transaction
901041,500000013,2026-11-08,03:59:42,RTGS,86680,Swiggy,Bengaluru,Mobile,No,Normal Transaction
901042,500000140,2026-07-22,00:55:13,Debit Card,8168,Uber,Hyderabad,POS,No,Normal Transaction
901043,500000101,2026-01-03,20:34:56,RTGS,77159,Reliance,Mumbai,ATM,No,Normal Transaction
901044,500000176,2026-05-30,03:04:06,ATM,30914,Paytm,Delhi,Laptop,No,Normal Transaction
901045,500000086,2026-09-26,20:35:46,UPI,5685,PhonePe,Hyderabad,ATM,No,Normal Transaction
901046,500000111,2026-07-02,20:23:31,Credit Card,38443,Flipkart,Pune,Mobile,No,Normal Transaction
901047,500000060,2026-04-20,13:06:38,Credit Card,82270,Swiggy,Kolkata,Laptop,No,Normal Transaction
901048,500000021,2026-10-18,22:50:57,Credit Card,35041,Reliance,Kolkata,ATM,No,Normal Transaction
901049,500000145,2026-05-31,15:51:54,IMPS,54144,DMart,Hyderabad,ATM,No,Normal Transaction
901050,500000063,2026-02-01,22:14:12,NEFT,22509,Swiggy,Pune,Mobile,No,Normal Transaction
901051,500000083,2026-10-11,15:36:21,NEFT,6342,Swiggy,Mumbai,ATM,No,Normal Transaction
901052,500000024,2026-09-25,23:44:26,UPI,2530,Paytm,Delhi,ATM,No,Normal Transaction
901053,500000175,2026-06-14,19:59:26,Credit Card,26094,Paytm,Hyderabad,Laptop,No,Normal Transaction
901054,500000126,2026-08-19,07:50:49,UPI,26752,Swiggy,Hyderabad,ATM,No,Normal Transaction
901055,500000152,2026-12-29,19:26:37,RTGS,70266,PhonePe,Bengaluru,ATM,No,Normal Transaction
901056,500000020,2026-02-22,08:22:34,Credit Card,26210,Reliance,Pune,POS,No,Normal Transaction
901057,500000047,2026-09-06,17:12:24,IMPS,97526,Paytm,Pune,POS,No,Normal Transaction
901058,500000010,2026-08-22,10:29:36,IMPS,76929,IRCTC,Mumbai,ATM,No,Normal Transaction
901059,500000161,2026-01-19,11:04:46,NEFT,89471,Zomato,Hyderabad,Laptop,No,Normal Transaction
901060,500000126,2026-10-09,04:00:40,UPI,81288,Swiggy,Hyderabad,Mobile,No,Normal Transaction
901061,500000076,2026-03-11,12:17:41,NEFT,4732,Amazon,Mumbai,Laptop,No,Normal Transaction
901062,500000095,2026-01-28,17:02:37,IMPS,10225,Zomato,Pune,Laptop,No,Normal Transaction
901063,500000107,2026-05-21,14:11:12,Debit Card,63413,DMart,Lucknow,Mobile,No,Normal Transaction
901064,500000178,2026-06-12,04:57:03,Debit Card,80093,Uber,Delhi,ATM,No,Normal Transaction
901065,500000161,2026-10-24,14:15:26,NEFT,37218,DMart,Bengaluru,POS,No,Normal Transaction
901066,500000099,2026-06-17,12:07:01,RTGS,42115,Zomato,Bengaluru,POS,No,Normal Transaction
901067,500000071,2026-09-11,02:05:55,Credit Card,72039,PhonePe,Pune,Laptop,No,Normal Transaction
901068,500000088,2026-12-12,05:30:23,RTGS,29025,Flipkart,Delhi,Laptop,No,Normal Transaction
901069,500000061,2026-10-21,21:35:09,ATM,76969,Swiggy,Pune,POS,No,Normal Transaction
901070,500000097,2026-12-30,15:04:18,Credit Card,61668,Reliance,Delhi,Laptop,No,Normal Transaction
901071,500000137,2026-01-01,02:19:05,Credit Card,26256,Uber,Lucknow,Laptop,No,Normal Transaction
901072,500000095,2026-05-13,15:17:15,Credit Card,93184,DMart,Lucknow,Laptop,Yes,Multiple Transactions
901073,500000038,2026-09-20,23:11:58,ATM,21501,Uber,Kolkata,ATM,No,Normal Transaction
901074,500000080,2026-08-04,17:09:15,ATM,25001,Reliance,Kolkata,POS,No,Normal Transaction
901075,500000055,2026-09-19,05:07:39,RTGS,90699,IRCTC,Delhi,Laptop,No,Normal Transaction
901076,500000076,2026-10-10,19:21:10,NEFT,91874,IRCTC,Delhi,POS,No,Normal Transaction
901077,500000161,2026-06-06,03:28:13,IMPS,19924,IRCTC,Delhi,ATM,No,Normal Transaction
901078,500000024,2026-01-20,16:47:38,Credit Card,57778,Zomato,Delhi,Laptop,No,Normal Transaction
901079,500000085,2026-05-22,00:37:13,RTGS,23113,PhonePe,Pune,POS,No,Normal Transaction
901080,500000139,2026-04-26,22:47:16,Debit Card,98288,Reliance,Mumbai,POS,No,Normal Transaction
901081,500000055,2026-01-03,23:48:57,RTGS,46325,IRCTC,Mumbai,ATM,No,Normal Transaction
901082,500000146,2026-11-22,11:34:02,RTGS,10752,Swiggy,Lucknow,Laptop,No,Normal Transaction
901083,500000073,2026-10-15,01:50:07,RTGS,79467,Uber,Hyderabad,Mobile,No,Normal Transaction
901084,500000009,2026-04-19,13:59:48,RTGS,3524,Flipkart,Mumbai,POS,No,Normal Transaction
901085,500000178,2026-10-13,06:14:46,NEFT,24458,Uber,Hyderabad,Mobile,No,Normal Transaction
901086,500000138,2026-06-21,06:35:24,UPI,46596,PhonePe,Lucknow,Laptop,No,Normal Transaction
901087,500000037,2026-04-19,15:35:14,NEFT,8626,Uber,Bengaluru,POS,No,Normal Transaction
901088,500000139,2026-08-03,01:53:26,RTGS,68997,Uber,Delhi,ATM,No,Normal Transaction
901089,500000125,2026-12-30,23:01:06,Credit Card,59926,IRCTC,Hyderabad,Mobile,No,Normal Transaction
901090,500000003,2026-05-03,08:15:58,UPI,61505,Paytm,Lucknow,POS,No,Normal Transaction
901091,500000059,2026-02-11,23:44:32,Debit Card,39409,Amazon,Hyderabad,Mobile,No,Normal Transaction
901092,500000107,2026-06-20,08:03:40,IMPS,82835,Flipkart,Hyderabad,Laptop,No,Normal Transaction
901093,500000081,2026-07-20,18:02:38,IMPS,27505,Uber,Hyderabad,POS,No,Normal Transaction
901094,500000088,2026-01-30,05:09:43,Debit Card,65358,IRCTC,Mumbai,ATM,No,Normal Transaction
901095,500000090,2026-08-17,05:43:24,Debit Card,93219,Uber,Pune,Mobile,No,Normal Transaction
901096,500000077,2026-06-24,05:52:15,RTGS,47888,DMart,Delhi,POS,No,Normal Transaction
901097,500000087,2026-11-26,06:36:47,RTGS,86778,Flipkart,Bengaluru,Laptop,No,Normal Transaction
901098,500000169,2026-12-11,01:46:06,Credit Card,26161,Zomato,Mumbai,Mobile,No,Normal Transaction
901099,500000147,2026-07-31,01:30:50,NEFT,85711,Swiggy,Bengaluru,ATM,No,Normal Transaction
901100,500000138,2026-08-19,19:59:55,RTGS,20450,PhonePe,Lucknow,Mobile,No,Normal Transaction
901101,500000071,2026-11-08,03:39:04,IMPS,14029,DMart,Mumbai,ATM,No,Normal Transaction
901102,500000130,2026-07-14,11:13:27,IMPS,13640,Reliance,Mumbai,POS,No,Normal Transaction
901103,500000136,2026-07-19,14:41:41,Debit Card,43221,Swiggy,Mumbai,ATM,No,Normal Transaction
901104,500000171,2026-02-17,23:06:48,RTGS,87944,Reliance,Kolkata,ATM,No,Normal Transaction
901105,500000045,2026-11-10,19:41:48,UPI,21805,Reliance,Delhi,Laptop,No,Normal Transaction
901106,500000007,2026-01-24,11:21:15,Credit Card,28804,Swiggy,Delhi,Mobile,No,Normal Transaction
901107,500000121,2026-09-18,21:46:16,NEFT,79734,Swiggy,Mumbai,ATM,No,Normal Transaction
901108,500000016,2026-03-02,21:39:20,Credit Card,57335,Flipkart,Hyderabad,ATM,No,Normal Transaction
901109,500000075,2026-03-16,22:31:59,Debit Card,7751,Reliance,Hyderabad,ATM,No,Normal Transaction
901110,500000165,2026-10-23,09:06:29,RTGS,69632,DMart,Kolkata,POS,No,Normal Transaction
901111,500000010,2026-07-09,07:12:45,UPI,46282,DMart,Lucknow,Mobile,No,Normal Transaction
901112,500000137,2026-04-07,12:24:05,RTGS,35054,PhonePe,Mumbai,Laptop,No,Normal Transaction
901113,500000047,2026-05-22,09:06:38,UPI,39883,Swiggy,Kolkata,POS,No,Normal Transaction
901114,500000078,2026-05-29,18:12:02,UPI,6054,IRCTC,Kolkata,Laptop,No,Normal Transaction
901115,500000051,2026-07-20,16:27:29,Debit Card,31486,Swiggy,Kolkata,ATM,No,Normal Transaction
901116,500000128,2026-07-09,20:44:49,RTGS,30788,Paytm,Kolkata,POS,No,Normal Transaction
901117,500000044,2026-06-27,17:35:56,Debit Card,13769,Flipkart,Bengaluru,POS,No,Normal Transaction
901118,500000122,2026-03-07,18:39:47,Credit Card,91442,Amazon,Hyderabad,Mobile,Yes,Different City
901119,500000041,2026-08-28,10:46:20,Debit Card,54827,Paytm,Pune,Laptop,No,Normal Transaction
901120,500000088,2026-09-14,09:15:38,Credit Card,35599,DMart,Mumbai,Laptop,No,Normal Transaction
901121,500000114,2026-09-13,09:10:07,RTGS,89782,Flipkart,Lucknow,Laptop,No,Normal Transaction
901122,500000007,2026-05-16,09:16:10,RTGS,70808,DMart,Kolkata,Mobile,No,Normal Transaction
901123,500000164,2026-01-18,04:15:16,RTGS,51433,PhonePe,Kolkata,Mobile,No,Normal Transaction
901124,500000130,2026-06-01,15:48:28,IMPS,40653,Reliance,Bengaluru,Mobile,No,Normal Transaction
901125,500000118,2026-11-21,17:50:43,IMPS,169,Flipkart,Kolkata,Mobile,No,Normal Transaction
901126,500000166,2026-04-20,15:53:38,IMPS,90218,Reliance,Hyderabad,Laptop,No,Normal Transaction
901127,500000070,2026-02-22,20:06:00,Credit Card,48708,Amazon,Kolkata,Mobile,No,Normal Transaction
901128,500000062,2026-10-12,04:02:30,RTGS,91675,Swiggy,Delhi,Laptop,No,Normal Transaction
901129,500000154,2026-04-04,03:17:54,UPI,18945,Zomato,Mumbai,Laptop,No,Normal Transaction
901130,500000099,2026-07-01,01:55:48,IMPS,69509,Uber,Pune,ATM,No,Normal Transaction
901131,500000161,2026-05-18,14:49:44,Debit Card,12598,Flipkart,Kolkata,ATM,No,Normal Transaction
901132,500000038,2026-07-21,21:51:18,IMPS,89153,Paytm,Hyderabad,POS,No,Normal Transaction
901133,500000115,2026-07-24,09:44:56,Debit Card,87917,DMart,Bengaluru,ATM,No,Normal Transaction
901134,500000063,2026-04-09,17:03:50,Debit Card,93389,PhonePe,Lucknow,POS,No,Normal Transaction
901135,500000114,2026-07-20,12:43:33,RTGS,70211,Reliance,Bengaluru,Laptop,No,Normal Transaction
901136,500000058,2026-07-08,12:52:09,ATM,59917,Reliance,Mumbai,Mobile,No,Normal Transaction
901137,500000027,2026-10-19,17:53:04,NEFT,80043,Reliance,Delhi,ATM,No,Normal Transaction
901138,500000006,2026-10-26,06:16:50,IMPS,18661,PhonePe,Delhi,Laptop,No,Normal Transaction
901139,500000092,2026-08-08,19:05:17,Debit Card,49436,DMart,Mumbai,Laptop,No,Normal Transaction
901140,500000045,2026-12-06,05:27:00,Credit Card,69693,Swiggy,Delhi,Mobile,No,Normal Transaction
901141,500000121,2026-06-05,18:23:46,NEFT,68641,PhonePe,Lucknow,POS,No,Normal Transaction
901142,500000078,2026-03-17,20:18:00,NEFT,83315,Zomato,Lucknow,POS,No,Normal Transaction
901143,500000030,2026-11-11,01:23:08,RTGS,17170,Uber,Lucknow,Laptop,No,Normal Transaction
901144,500000078,2026-04-03,02:34:37,NEFT,80587,Amazon,Delhi,ATM,No,Normal Transaction
901145,500000119,2026-01-03,13:29:30,NEFT,98147,Swiggy,Hyderabad,Mobile,No,Normal Transaction
901146,500000156,2026-11-03,08:26:06,Credit Card,48995,Flipkart,Hyderabad,Laptop,No,Normal Transaction
901147,500000066,2026-07-29,12:15:04,Credit Card,6344,Amazon,Pune,Mobile,No,Normal Transaction
901148,500000153,2026-07-12,16:03:26,RTGS,38127,Flipkart,Pune,Laptop,No,Normal Transaction
901149,500000009,2026-10-04,14:14:09,IMPS,34192,Paytm,Delhi,POS,No,Normal Transaction
901150,500000046,2026-05-13,15:49:01,RTGS,88465,Paytm,Hyderabad,ATM,No,Normal Transaction
901151,500000139,2026-08-22,00:32:51,ATM,47224,Amazon,Lucknow,ATM,No,Normal Transaction
901152,500000131,2026-09-21,09:44:40,Debit Card,85668,IRCTC,Bengaluru,ATM,No,Normal Transaction
901153,500000109,2026-08-27,01:55:30,UPI,62038,Uber,Bengaluru,POS,No,Normal Transaction
901154,500000180,2026-01-10,04:06:59,ATM,48005,IRCTC,Mumbai,POS,No,Normal Transaction
901155,500000009,2026-11-28,01:22:47,Credit Card,19540,Zomato,Pune,ATM,No,Normal Transaction
901156,500000020,2026-03-26,00:47:10,Debit Card,61805,Swiggy,Delhi,Laptop,No,Normal Transaction
901157,500000027,2026-05-06,01:02:35,Debit Card,31833,IRCTC,Mumbai,Laptop,No,Normal Transaction
901158,500000138,2026-10-09,20:19:56,UPI,55109,Swiggy,Bengaluru,POS,No,Normal Transaction
901159,500000155,2026-05-27,05:10:14,ATM,95668,Zomato,Bengaluru,POS,No,Normal Transaction
901160,500000110,2026-01-29,00:00:13,ATM,41789,Paytm,Hyderabad,Mobile,No,Normal Transaction
901161,500000093,2026-11-16,03:44:56,IMPS,65707,Paytm,Lucknow,ATM,No,Normal Transaction
901162,500000039,2026-07-19,03:32:53,NEFT,67386,Paytm,Lucknow,POS,No,Normal Transaction
901163,500000104,2026-01-18,00:12:22,Credit Card,53806,PhonePe,Bengaluru,Laptop,No,Normal Transaction
901164,500000098,2026-03-16,09:21:11,IMPS,87098,Amazon,Bengaluru,ATM,No,Normal Transaction
901165,500000079,2026-02-27,10:56:56,ATM,1226,DMart,Pune,Mobile,No,Normal Transaction
901166,500000010,2026-09-30,16:35:17,NEFT,44778,Uber,Hyderabad,Mobile,No,Normal Transaction
901167,500000111,2026-06-03,03:32:59,RTGS,36259,IRCTC,Delhi,ATM,No,Normal Transaction
901168,500000069,2026-09-25,22:43:27,IMPS,50139,PhonePe,Pune,ATM,No,Normal Transaction
901169,500000019,2026-12-23,16:00:20,RTGS,72137,Uber,Lucknow,ATM,No,Normal Transaction
901170,500000082,2026-01-26,10:11:36,ATM,34302,PhonePe,Mumbai,POS,No,Normal Transaction
901171,500000007,2026-12-30,02:08:23,NEFT,11083,DMart,Hyderabad,Laptop,No,Normal Transaction
901172,500000030,2026-06-24,13:28:45,Debit Card,22196,Swiggy,Hyderabad,Mobile,No,Normal Transaction
901173,500000154,2026-08-05,06:35:43,Debit Card,22173,Paytm,Lucknow,Laptop,No,Normal Transaction
901174,500000174,2026-02-24,22:49:24,Credit Card,27330,IRCTC,Kolkata,Mobile,No,Normal Transaction
901175,500000104,2026-03-28,23:09:43,Debit Card,4943,Flipkart,Mumbai,POS,No,Normal Transaction
901176,500000032,2026-08-12,15:32:41,Credit Card,28434,Flipkart,Hyderabad,ATM,No,Normal Transaction
901177,500000154,2026-01-27,14:10:14,IMPS,47373,Zomato,Pune,Mobile,No,Normal Transaction
901178,500000139,2026-04-22,15:08:32,Debit Card,53770,Reliance,Delhi,Laptop,No,Normal Transaction
901179,500000172,2026-10-04,01:24:45,Credit Card,99544,IRCTC,Delhi,POS,No,Normal Transaction
901180,500000013,2026-04-12,05:59:23,RTGS,15238,Zomato,Mumbai,Laptop,No,Normal Transaction
901181,500000123,2026-07-30,18:27:36,RTGS,94036,Flipkart,Kolkata,Mobile,No,Normal Transaction
901182,500000088,2026-07-17,14:36:41,ATM,77942,Reliance,Hyderabad,POS,No,Normal Transaction
901183,500000120,2026-10-02,21:35:26,NEFT,51548,Amazon,Hyderabad,Mobile,No,Normal Transaction
901184,500000034,2026-04-29,03:15:20,ATM,70219,Flipkart,Kolkata,POS,No,Normal Transaction
901185,500000100,2026-11-12,07:36:38,ATM,34048,Reliance,Mumbai,Laptop,No,Normal Transaction
901186,500000134,2026-12-31,07:03:27,Credit Card,94648,Zomato,Bengaluru,Laptop,No,Normal Transaction
901187,500000021,2026-05-13,05:40:32,ATM,57655,Amazon,Hyderabad,Mobile,No,Normal Transaction
901188,500000095,2026-10-11,13:04:53,NEFT,23828,Amazon,Delhi,Laptop,No,Normal Transaction
901189,500000165,2026-08-31,05:57:55,Credit Card,74220,IRCTC,Pune,POS,No,Normal Transaction
901190,500000049,2026-12-04,19:27:15,Credit Card,24464,Paytm,Bengaluru,Laptop,No,Normal Transaction
901191,500000141,2026-05-01,04:55:43,UPI,42324,Zomato,Delhi,Mobile,No,Normal Transaction
901192,500000116,2026-07-31,17:55:38,ATM,61910,DMart,Lucknow,Mobile,No,Normal Transaction
901193,500000149,2026-02-21,08:20:09,UPI,38617,Uber,Bengaluru,Laptop,No,Normal Transaction
901194,500000019,2026-01-24,02:09:33,IMPS,4236,IRCTC,Mumbai,Laptop,No,Normal Transaction
901195,500000023,2026-12-22,21:36:20,RTGS,43360,PhonePe,Bengaluru,Mobile,No,Normal Transaction
901196,500000177,2026-01-03,21:47:23,NEFT,28508,Zomato,Bengaluru,ATM,No,Normal Transaction
901197,500000132,2026-08-28,14:18:37,NEFT,78628,Flipkart,Hyderabad,POS,No,Normal Transaction
901198,500000165,2026-03-02,16:38:38,UPI,89211,PhonePe,Kolkata,Laptop,No,Normal Transaction
901199,500000097,2026-04-10,06:02:26,Debit Card,93297,Paytm,Pune,Laptop,No,Normal Transaction
901200,500000068,2026-01-21,11:57:05,ATM,55967,IRCTC,Kolkata,Mobile,No,Normal Transaction
901201,500000074,2026-09-07,03:05:25,Credit Card,94701,IRCTC,Mumbai,POS,No,Normal Transaction
901202,500000141,2026-04-13,08:55:27,ATM,6075,Amazon,Lucknow,Laptop,No,Normal Transaction
901203,500000161,2026-08-17,14:30:32,NEFT,75474,Zomato,Lucknow,ATM,Yes,Midnight Transaction
901204,500000062,2026-11-11,19:16:41,UPI,2687,Flipkart,Lucknow,Mobile,No,Normal Transaction
901205,500000024,2026-05-24,16:27:32,UPI,21652,IRCTC,Pune,ATM,No,Normal Transaction
901206,500000156,2026-09-12,21:02:26,IMPS,77190,Reliance,Delhi,POS,No,Normal Transaction
901207,500000079,2026-02-22,13:18:46,RTGS,35967,DMart,Hyderabad,Laptop,No,Normal Transaction
901208,500000147,2026-06-30,21:28:46,Debit Card,11961,Paytm,Kolkata,ATM,No,Normal Transaction
901209,500000005,2026-09-16,19:11:56,UPI,66257,Swiggy,Lucknow,Mobile,No,Normal Transaction
901210,500000160,2026-08-19,10:44:44,ATM,76570,Uber,Hyderabad,ATM,No,Normal Transaction
901211,500000052,2026-02-20,17:34:25,RTGS,11190,PhonePe,Pune,ATM,No,Normal Transaction
901212,500000141,2026-11-06,08:16:15,IMPS,42821,PhonePe,Delhi,POS,No,Normal Transaction
901213,500000132,2026-07-05,05:07:53,UPI,66672,IRCTC,Kolkata,Laptop,No,Normal Transaction
901214,500000087,2026-04-26,16:38:53,NEFT,4027,IRCTC,Bengaluru,Laptop,No,Normal Transaction
901215,500000027,2026-09-01,16:25:45,Debit Card,23252,DMart,Kolkata,POS,No,Normal Transaction
901216,500000089,2026-02-26,05:15:02,NEFT,67356,Zomato,Pune,Laptop,No,Normal Transaction
901217,500000073,2026-05-26,03:19:00,IMPS,84983,IRCTC,Delhi,Laptop,No,Normal Transaction
901218,500000015,2026-08-28,00:31:04,NEFT,20018,PhonePe,Hyderabad,Laptop,No,Normal Transaction
901219,500000081,2026-11-30,10:46:25,ATM,91644,IRCTC,Mumbai,Laptop,No,Normal Transaction
901220,500000011,2026-04-26,02:56:33,IMPS,56181,Amazon,Pune,Mobile,No,Normal Transaction
901221,500000166,2026-11-12,04:40:30,ATM,97807,Swiggy,Mumbai,POS,No,Normal Transaction
901222,500000003,2026-07-13,13:24:01,Credit Card,1576,Reliance,Pune,Mobile,No,Normal Transaction
901223,500000117,2026-04-15,02:28:28,UPI,70893,Amazon,Hyderabad,Mobile,No,Normal Transaction
901224,500000118,2026-02-07,11:44:24,Credit Card,10762,IRCTC,Delhi,ATM,No,Normal Transaction
901225,500000118,2026-05-01,00:57:37,Credit Card,81869,PhonePe,Bengaluru,ATM,No,Normal Transaction
901226,500000091,2026-01-17,01:52:55,NEFT,8803,Reliance,Hyderabad,Mobile,No,Normal Transaction
901227,500000047,2026-03-17,15:15:42,Credit Card,69773,DMart,Hyderabad,ATM,No,Normal Transaction
901228,500000134,2026-07-27,02:28:24,Debit Card,53486,Reliance,Delhi,Laptop,No,Normal Transaction
901229,500000039,2026-12-15,00:08:40,NEFT,86337,PhonePe,Bengaluru,Mobile,No,Normal Transaction
901230,500000071,2026-08-18,10:10:46,RTGS,45982,Amazon,Pune,POS,No,Normal Transaction
901231,500000093,2026-12-03,22:15:32,IMPS,8989,DMart,Mumbai,Laptop,No,Normal Transaction
901232,500000166,2026-03-25,20:53:31,Debit Card,73804,IRCTC,Delhi,Mobile,No,Normal Transaction
901233,500000003,2026-05-18,16:48:32,NEFT,30254,IRCTC,Bengaluru,POS,No,Normal Transaction
901234,500000083,2026-08-24,00:03:25,UPI,49795,DMart,Mumbai,POS,No,Normal Transaction
901235,500000082,2026-12-21,21:13:38,Debit Card,14469,PhonePe,Kolkata,Mobile,No,Normal Transaction
901236,500000072,2026-06-28,10:34:03,UPI,16600,Amazon,Hyderabad,Mobile,No,Normal Transaction
901237,500000127,2026-04-21,00:00:10,RTGS,13757,Uber,Mumbai,Laptop,No,Normal Transaction
901238,500000054,2026-08-30,10:34:11,Debit Card,73989,Amazon,Lucknow,Laptop,No,Normal Transaction
901239,500000061,2026-11-12,21:57:47,ATM,4145,IRCTC,Delhi,Mobile,No,Normal Transaction
901240,500000052,2026-05-09,18:41:33,ATM,47995,Uber,Bengaluru,Laptop,No,Normal Transaction
901241,500000112,2026-10-17,20:24:07,IMPS,75796,Flipkart,Delhi,POS,No,Normal Transaction
901242,500000059,2026-12-10,04:48:19,Debit Card,70929,DMart,Kolkata,POS,No,Normal Transaction
901243,500000169,2026-12-03,16:47:42,Debit Card,25099,PhonePe,Lucknow,Laptop,No,Normal Transaction
901244,500000037,2026-10-10,07:18:00,IMPS,55265,DMart,Kolkata,POS,No,Normal Transaction
901245,500000037,2026-11-18,06:25:12,RTGS,13922,Flipkart,Kolkata,ATM,No,Normal Transaction
901246,500000059,2026-12-20,12:11:05,RTGS,28803,DMart,Mumbai,Mobile,No,Normal Transaction
901247,500000151,2026-08-16,22:56:38,Debit Card,39104,Uber,Pune,Laptop,No,Normal Transaction
901248,500000078,2026-07-19,00:12:30,RTGS,75755,IRCTC,Delhi,Mobile,No,Normal Transaction
901249,500000136,2026-12-16,14:09:43,RTGS,3422,Paytm,Hyderabad,Mobile,No,Normal Transaction
901250,500000107,2026-12-28,05:56:40,NEFT,80515,Zomato,Hyderabad,Laptop,No,Normal Transaction
901251,500000127,2026-09-11,17:05:39,UPI,16442,Paytm,Kolkata,ATM,No,Normal Transaction
901252,500000110,2026-02-27,13:19:43,Debit Card,86576,Reliance,Pune,POS,No,Normal Transaction
901253,500000147,2026-07-09,18:53:04,NEFT,59177,Flipkart,Kolkata,Laptop,No,Normal Transaction
901254,500000086,2026-02-09,15:43:07,ATM,36972,IRCTC,Pune,ATM,No,Normal Transaction
901255,500000043,2026-01-05,00:14:47,Debit Card,79511,PhonePe,Delhi,Mobile,Yes,Different City
901256,500000127,2026-07-19,19:42:13,Credit Card,80735,IRCTC,Delhi,ATM,No,Normal Transaction
901257,500000067,2026-06-12,21:17:22,Credit Card,4519,PhonePe,Bengaluru,ATM,No,Normal Transaction
901258,500000072,2026-12-28,21:13:03,ATM,70468,IRCTC,Bengaluru,Mobile,No,Normal Transaction
901259,500000127,2026-01-19,09:17:54,RTGS,28133,DMart,Mumbai,Laptop,No,Normal Transaction
901260,500000131,2026-05-20,07:21:10,Credit Card,48191,PhonePe,Delhi,POS,No,Normal Transaction
901261,500000134,2026-10-13,10:06:54,Debit Card,62492,Uber,Mumbai,ATM,No,Normal Transaction
901262,500000141,2026-04-18,16:45:05,UPI,1608,Swiggy,Lucknow,Mobile,No,Normal Transaction
901263,500000155,2026-08-19,17:23:15,Credit Card,67949,Reliance,Pune,Mobile,No,Normal Transaction
901264,500000153,2026-02-06,04:15:28,Debit Card,60565,Zomato,Bengaluru,POS,No,Normal Transaction
901265,500000004,2026-06-25,00:06:25,Debit Card,56753,Swiggy,Bengaluru,Mobile,No,Normal Transaction
901266,500000056,2026-10-26,16:12:15,RTGS,66316,PhonePe,Hyderabad,ATM,No,Normal Transaction
901267,500000172,2026-09-30,16:16:59,UPI,9615,DMart,Bengaluru,ATM,No,Normal Transaction
901268,500000099,2026-03-31,15:54:31,Debit Card,87643,DMart,Lucknow,ATM,No,Normal Transaction
901269,500000028,2026-03-25,04:47:21,Credit Card,72003,Amazon,Pune,ATM,No,Normal Transaction
901270,500000121,2026-12-09,18:13:43,RTGS,55313,Amazon,Pune,ATM,No,Normal Transaction
901271,500000178,2026-09-25,14:57:30,Debit Card,80676,Swiggy,Delhi,Mobile,No,Normal Transaction
901272,500000084,2026-08-21,06:53:08,NEFT,33225,Amazon,Pune,ATM,No,Normal Transaction
901273,500000052,2026-06-01,04:03:38,RTGS,77732,Flipkart,Delhi,ATM,No,Normal Transaction
901274,500000042,2026-12-01,13:06:56,UPI,24686,Zomato,Mumbai,Mobile,No,Normal Transaction
901275,500000153,2026-08-04,01:27:43,NEFT,28957,Zomato,Mumbai,ATM,No,Normal Transaction
901276,500000101,2026-05-12,12:11:55,UPI,97925,Uber,Delhi,ATM,No,Normal Transaction
901277,500000070,2026-11-28,06:54:12,Credit Card,89721,Zomato,Mumbai,Mobile,No,Normal Transaction
901278,500000145,2026-05-07,06:47:23,NEFT,96902,Swiggy,Hyderabad,Laptop,No,Normal Transaction
901279,500000152,2026-03-26,14:38:56,Credit Card,79352,Amazon,Hyderabad,POS,No,Normal Transaction
901280,500000014,2026-03-11,17:24:18,Debit Card,19015,PhonePe,Lucknow,POS,No,Normal Transaction
901281,500000131,2026-03-09,08:04:51,IMPS,53075,Swiggy,Lucknow,Mobile,No,Normal Transaction
901282,500000007,2026-05-19,12:44:35,NEFT,904,DMart,Mumbai,Laptop,No,Normal Transaction
901283,500000082,2026-11-04,00:30:31,IMPS,49356,Reliance,Mumbai,POS,No,Normal Transaction
901284,500000149,2026-09-19,23:52:14,RTGS,1134,Swiggy,Mumbai,ATM,No,Normal Transaction
901285,500000038,2026-01-08,06:13:52,UPI,7307,Uber,Delhi,ATM,No,Normal Transaction
901286,500000011,2026-09-28,09:25:42,UPI,96443,Zomato,Mumbai,ATM,No,Normal Transaction
901287,500000036,2026-10-11,02:14:22,Credit Card,62864,PhonePe,Bengaluru,ATM,No,Normal Transaction
901288,500000159,2026-01-26,04:13:38,IMPS,70335,IRCTC,Pune,Laptop,No,Normal Transaction
901289,500000030,2026-10-03,23:37:46,IMPS,74687,Reliance,Mumbai,POS,No,Normal Transaction
901290,500000024,2026-05-12,21:16:16,RTGS,83107,Zomato,Pune,POS,No,Normal Transaction
901291,500000173,2026-02-07,07:07:13,RTGS,91049,Paytm,Mumbai,POS,No,Normal Transaction
901292,500000075,2026-06-08,04:28:14,RTGS,64862,Amazon,Mumbai,POS,No,Normal Transaction
901293,500000139,2026-04-08,17:46:40,ATM,48001,Zomato,Mumbai,Laptop,Yes,Multiple Transactions
901294,500000036,2026-08-06,19:22:44,Debit Card,30742,Amazon,Hyderabad,ATM,No,Normal Transaction
901295,500000044,2026-11-13,11:25:54,Credit Card,49145,Uber,Lucknow,POS,No,Normal Transaction
901296,500000069,2026-11-14,17:00:10,Credit Card,83672,Zomato,Lucknow,ATM,No,Normal Transaction
901297,500000161,2026-03-09,10:07:49,RTGS,95104,Flipkart,Lucknow,Mobile,No,Normal Transaction
901298,500000170,2026-08-25,23:35:31,Debit Card,24159,IRCTC,Lucknow,Mobile,No,Normal Transaction
901299,500000089,2026-03-24,11:02:28,IMPS,30429,Paytm,Mumbai,Mobile,No,Normal Transaction
901300,500000023,2026-02-26,21:45:01,ATM,10992,PhonePe,Mumbai,POS,No,Normal Transaction
901301,500000050,2026-04-16,15:49:53,ATM,18623,Swiggy,Mumbai,Mobile,No,Normal Transaction
901302,500000058,2026-07-08,18:21:55,UPI,95723,PhonePe,Bengaluru,POS,No,Normal Transaction
901303,500000011,2026-07-16,21:50:21,NEFT,36873,Swiggy,Kolkata,Mobile,No,Normal Transaction
901304,500000060,2026-02-20,03:49:35,UPI,41621,Paytm,Kolkata,POS,No,Normal Transaction
901305,500000030,2026-10-18,10:50:47,RTGS,21254,Zomato,Delhi,Laptop,No,Normal Transaction
901306,500000136,2026-07-24,10:00:34,Debit Card,37088,Amazon,Mumbai,ATM,No,Normal Transaction
901307,500000158,2026-12-29,12:25:29,NEFT,48812,Swiggy,Bengaluru,Mobile,No,Normal Transaction
901308,500000063,2026-01-05,18:52:30,NEFT,26370,Uber,Mumbai,POS,No,Normal Transaction
901309,500000045,2026-06-11,01:07:47,NEFT,3901,DMart,Kolkata,ATM,No,Normal Transaction
901310,500000072,2026-05-23,08:32:54,IMPS,3249,Zomato,Hyderabad,POS,No,Normal Transaction
901311,500000098,2026-12-25,15:49:00,NEFT,91256,Swiggy,Lucknow,POS,No,Normal Transaction
901312,500000055,2026-12-11,01:34:55,Debit Card,53062,DMart,Delhi,Mobile,No,Normal Transaction
901313,500000107,2026-11-18,03:29:47,Credit Card,62238,Zomato,Mumbai,ATM,No,Normal Transaction
901314,500000056,2026-03-12,12:01:17,Debit Card,2337,Reliance,Bengaluru,Mobile,No,Normal Transaction
901315,500000073,2026-12-23,20:43:30,Credit Card,98486,PhonePe,Lucknow,ATM,No,Normal Transaction
901316,500000042,2026-12-16,01:20:13,ATM,69047,Zomato,Lucknow,POS,No,Normal Transaction
901317,500000143,2026-01-03,01:20:44,IMPS,96570,Amazon,Mumbai,Mobile,No,Normal Transaction
901318,500000019,2026-02-05,09:42:03,RTGS,95956,Reliance,Delhi,POS,No,Normal Transaction
901319,500000084,2026-12-12,12:24:52,NEFT,72029,Swiggy,Delhi,Laptop,No,Normal Transaction
901320,500000065,2026-09-22,03:46:08,NEFT,22334,Reliance,Kolkata,Mobile,No,Normal Transaction
901321,500000081,2026-07-23,05:29:43,Debit Card,19739,Reliance,Delhi,Mobile,No,Normal Transaction
901322,500000027,2026-09-23,05:44:24,IMPS,96818,IRCTC,Bengaluru,Laptop,No,Normal Transaction
901323,500000078,2026-09-26,12:45:21,RTGS,70611,Paytm,Pune,POS,No,Normal Transaction
901324,500000125,2026-05-02,17:29:20,UPI,16443,DMart,Bengaluru,Laptop,No,Normal Transaction
901325,500000001,2026-11-09,14:28:04,NEFT,53830,DMart,Delhi,Laptop,No,Normal Transaction
901326,500000077,2026-05-10,12:14:08,ATM,88346,Zomato,Pune,POS,No,Normal Transaction
901327,500000074,2026-12-11,04:23:39,IMPS,47798,DMart,Bengaluru,Mobile,No,Normal Transaction
901328,500000059,2026-09-15,13:01:14,ATM,1893,PhonePe,Bengaluru,Mobile,No,Normal Transaction
901329,500000017,2026-09-04,03:45:55,UPI,20702,Swiggy,Bengaluru,Mobile,No,Normal Transaction
901330,500000010,2026-07-14,14:33:41,NEFT,45580,Amazon,Pune,Mobile,No,Normal Transaction
901331,500000083,2026-08-31,02:02:50,IMPS,92039,Swiggy,Bengaluru,ATM,No,Normal Transaction
901332,500000080,2026-03-28,02:18:05,Credit Card,84819,Uber,Hyderabad,POS,No,Normal Transaction
901333,500000179,2026-12-24,18:28:05,ATM,39787,PhonePe,Pune,Laptop,No,Normal Transaction
901334,500000026,2026-08-14,14:35:16,NEFT,21096,DMart,Hyderabad,POS,No,Normal Transaction
901335,500000100,2026-07-18,14:47:46,RTGS,22222,Flipkart,Hyderabad,POS,Yes,High Amount
901336,500000060,2026-12-14,11:53:28,IMPS,32768,Uber,Lucknow,POS,No,Normal Transaction
901337,500000173,2026-02-02,04:11:49,Debit Card,44012,Swiggy,Delhi,ATM,No,Normal Transaction
901338,500000030,2026-08-10,17:44:20,IMPS,71777,Uber,Pune,ATM,Yes,High Amount
901339,500000140,2026-06-30,13:21:55,UPI,64813,Uber,Pune,POS,No,Normal Transaction
901340,500000052,2026-12-17,02:22:21,Debit Card,80854,Flipkart,Pune,ATM,No,Normal Transaction
901341,500000137,2026-07-21,09:28:08,UPI,71264,Flipkart,Lucknow,Mobile,No,Normal Transaction
901342,500000060,2026-08-10,06:12:20,UPI,2531,DMart,Mumbai,Mobile,No,Normal Transaction
901343,500000003,2026-11-14,19:54:30,Credit Card,98445,Reliance,Delhi,ATM,No,Normal Transaction
901344,500000152,2026-03-25,09:38:25,RTGS,56647,PhonePe,Mumbai,POS,No,Normal Transaction
901345,500000115,2026-04-27,15:05:46,UPI,4819,Reliance,Delhi,Laptop,No,Normal Transaction
901346,500000080,2026-04-03,10:29:08,RTGS,15067,IRCTC,Lucknow,ATM,No,Normal Transaction
901347,500000160,2026-07-11,02:29:36,Debit Card,74982,Swiggy,Mumbai,Mobile,No,Normal Transaction
901348,500000127,2026-03-22,05:21:28,RTGS,74320,Amazon,Pune,Mobile,No,Normal Transaction
901349,500000074,2026-06-03,05:55:46,Credit Card,80741,Amazon,Hyderabad,Mobile,No,Normal Transaction
901350,500000086,2026-11-26,21:13:50,ATM,95502,Reliance,Kolkata,Laptop,No,Normal Transaction
901351,500000125,2026-07-27,08:17:59,ATM,58625,Reliance,Delhi,Laptop,No,Normal Transaction
901352,500000047,2026-11-14,15:11:57,Credit Card,89274,Paytm,Mumbai,Mobile,No,Normal Transaction
901353,500000038,2026-04-21,01:07:47,RTGS,60460,Amazon,Kolkata,POS,No,Normal Transaction
901354,500000010,2026-09-21,06:16:16,UPI,38252,Zomato,Bengaluru,POS,No,Normal Transaction
901355,500000074,2026-01-26,15:51:31,Debit Card,31146,Amazon,Delhi,Laptop,No,Normal Transaction
901356,500000010,2026-06-02,17:10:31,UPI,30721,Swiggy,Lucknow,Mobile,No,Normal Transaction
901357,500000008,2026-05-12,04:09:53,ATM,95974,Flipkart,Mumbai,POS,Yes,Midnight Transaction
901358,500000016,2026-06-22,13:38:05,UPI,203,IRCTC,Bengaluru,ATM,No,Normal Transaction
901359,500000098,2026-03-29,02:48:01,NEFT,93178,DMart,Hyderabad,ATM,No,Normal Transaction
901360,500000068,2026-12-22,10:34:10,NEFT,2800,Uber,Pune,Mobile,No,Normal Transaction
901361,500000148,2026-12-22,05:17:41,RTGS,89196,Swiggy,Bengaluru,Laptop,No,Normal Transaction
901362,500000101,2026-05-04,22:12:41,UPI,16407,Swiggy,Kolkata,Mobile,No,Normal Transaction
901363,500000070,2026-04-23,22:58:39,RTGS,7484,PhonePe,Mumbai,Laptop,No,Normal Transaction
901364,500000077,2026-01-01,06:15:24,NEFT,84771,Paytm,Pune,Laptop,No,Normal Transaction
901365,500000129,2026-04-20,23:21:41,UPI,24281,Swiggy,Kolkata,Laptop,No,Normal Transaction
901366,500000125,2026-02-26,02:39:55,NEFT,26568,Paytm,Lucknow,ATM,No,Normal Transaction
901367,500000133,2026-11-03,03:15:28,IMPS,52848,DMart,Lucknow,ATM,No,Normal Transaction
901368,500000008,2026-04-21,23:52:35,RTGS,57767,Reliance,Pune,Mobile,No,Normal Transaction
901369,500000132,2026-06-04,06:11:20,IMPS,35376,Paytm,Hyderabad,Laptop,No,Normal Transaction
901370,500000098,2026-01-12,21:56:08,RTGS,72590,Amazon,Pune,Laptop,No,Normal Transaction
901371,500000057,2026-09-11,09:06:39,NEFT,19599,PhonePe,Bengaluru,ATM,No,Normal Transaction
901372,500000151,2026-10-06,22:42:10,IMPS,19489,Paytm,Pune,ATM,No,Normal Transaction
901373,500000045,2026-05-14,12:08:04,ATM,83099,IRCTC,Bengaluru,ATM,No,Normal Transaction
901374,500000059,2026-01-07,06:16:39,RTGS,62788,IRCTC,Hyderabad,POS,No,Normal Transaction
901375,500000108,2026-05-12,08:03:38,Debit Card,43968,PhonePe,Mumbai,Laptop,Yes,Multiple Transactions
901376,500000120,2026-05-28,23:09:26,Debit Card,19602,PhonePe,Kolkata,Mobile,No,Normal Transaction
901377,500000062,2026-06-13,22:58:37,ATM,40582,Amazon,Kolkata,Laptop,No,Normal Transaction
901378,500000057,2026-07-11,00:24:53,ATM,71891,Flipkart,Bengaluru,POS,No,Normal Transaction
901379,500000039,2026-04-15,09:20:04,ATM,60618,Amazon,Hyderabad,ATM,No,Normal Transaction
901380,500000065,2026-02-17,23:51:57,Debit Card,12433,IRCTC,Bengaluru,ATM,Yes,Different City
901381,500000017,2026-07-24,08:50:08,UPI,3602,Reliance,Kolkata,Mobile,No,Normal Transaction
901382,500000113,2026-08-11,12:40:54,Credit Card,66546,IRCTC,Delhi,Mobile,No,Normal Transaction
901383,500000094,2026-03-01,23:42:22,RTGS,90146,Swiggy,Pune,Mobile,No,Normal Transaction
901384,500000156,2026-08-09,16:29:15,NEFT,41769,Flipkart,Pune,POS,No,Normal Transaction
901385,500000099,2026-10-19,02:56:39,Credit Card,69913,PhonePe,Mumbai,Mobile,No,Normal Transaction
901386,500000023,2026-06-07,09:07:07,UPI,56578,Swiggy,Hyderabad,Mobile,Yes,Multiple Transactions
901387,500000115,2026-01-22,11:02:41,NEFT,56060,PhonePe,Delhi,POS,No,Normal Transaction
901388,500000134,2026-06-23,16:05:31,IMPS,70835,PhonePe,Bengaluru,Mobile,No,Normal Transaction
901389,500000172,2026-05-27,07:43:32,IMPS,4377,Swiggy,Lucknow,Laptop,No,Normal Transaction
901390,500000013,2026-09-16,09:42:41,NEFT,38592,Paytm,Bengaluru,Laptop,No,Normal Transaction
901391,500000090,2026-12-15,03:36:59,RTGS,30827,Reliance,Mumbai,Mobile,No,Normal Transaction
901392,500000134,2026-06-11,01:19:06,RTGS,97355,Uber,Bengaluru,ATM,No,Normal Transaction
901393,500000174,2026-04-15,16:39:07,UPI,81627,Flipkart,Mumbai,POS,No,Normal Transaction
901394,500000069,2026-12-13,08:49:33,Credit Card,34387,Swiggy,Lucknow,ATM,No,Normal Transaction
901395,500000062,2026-05-03,12:42:29,IMPS,44314,Uber,Bengaluru,POS,No,Normal Transaction
901396,500000109,2026-05-31,01:47:04,NEFT,53805,Reliance,Bengaluru,Laptop,No,Normal Transaction
901397,500000066,2026-11-27,22:14:15,NEFT,59921,Reliance,Mumbai,ATM,No,Normal Transaction
901398,500000053,2026-08-16,02:57:31,UPI,7139,DMart,Pune,ATM,No,Normal Transaction
901399,500000134,2026-12-04,00:54:22,RTGS,24961,Uber,Pune,Mobile,No,Normal Transaction
901400,500000033,2026-08-17,22:31:16,UPI,39798,Reliance,Kolkata,Mobile,No,Normal Transaction
901401,500000126,2026-01-26,17:28:17,IMPS,41844,Flipkart,Hyderabad,Mobile,No,Normal Transaction
901402,500000141,2026-12-08,18:58:52,RTGS,21231,Paytm,Kolkata,POS,No,Normal Transaction
901403,500000100,2026-05-27,08:49:31,RTGS,79549,Amazon,Mumbai,POS,No,Normal Transaction
901404,500000054,2026-07-20,05:46:25,ATM,89478,Uber,Lucknow,POS,No,Normal Transaction
901405,500000050,2026-10-05,12:51:50,ATM,61012,IRCTC,Kolkata,POS,No,Normal Transaction
901406,500000166,2026-10-26,00:45:53,NEFT,55633,Zomato,Mumbai,ATM,No,Normal Transaction
901407,500000161,2026-10-27,19:09:58,IMPS,18882,Uber,Bengaluru,ATM,No,Normal Transaction
901408,500000006,2026-08-28,10:40:58,RTGS,41676,IRCTC,Delhi,Mobile,No,Normal Transaction
901409,500000115,2026-09-23,12:21:30,ATM,14642,Amazon,Lucknow,ATM,No,Normal Transaction
901410,500000037,2026-02-17,10:39:45,IMPS,93126,Amazon,Delhi,Laptop,No,Normal Transaction
901411,500000160,2027-01-01,17:48:18,UPI,59733,Reliance,Pune,POS,No,Normal Transaction
901412,500000020,2026-05-01,11:20:50,UPI,52209,Flipkart,Bengaluru,Mobile,No,Normal Transaction
901413,500000139,2026-03-08,07:30:34,ATM,22014,DMart,Mumbai,Mobile,No,Normal Transaction
901414,500000127,2026-11-10,13:59:25,ATM,96618,Uber,Lucknow,ATM,No,Normal Transaction
901415,500000149,2026-02-12,16:22:04,ATM,78935,Reliance,Mumbai,ATM,No,Normal Transaction
901416,500000128,2026-12-15,23:41:29,Debit Card,53145,Uber,Bengaluru,POS,No,Normal Transaction
901417,500000057,2026-07-05,13:06:25,Credit Card,1504,Zomato,Kolkata,ATM,No,Normal Transaction
901418,500000012,2026-10-29,09:00:37,Credit Card,42143,Uber,Pune,ATM,No,Normal Transaction
901419,500000042,2026-11-16,17:23:50,Credit Card,90887,Zomato,Kolkata,ATM,No,Normal Transaction
901420,500000138,2026-05-27,05:22:13,RTGS,71706,Zomato,Mumbai,Laptop,No,Normal Transaction
901421,500000051,2026-03-13,06:17:14,NEFT,68677,IRCTC,Mumbai,Laptop,No,Normal Transaction
901422,500000067,2026-11-13,16:43:21,UPI,51883,Reliance,Kolkata,Mobile,No,Normal Transaction
901423,500000039,2026-01-21,15:24:13,IMPS,21845,PhonePe,Bengaluru,ATM,No,Normal Transaction
901424,500000140,2026-11-29,12:45:03,RTGS,18066,Swiggy,Lucknow,Mobile,No,Normal Transaction
901425,500000062,2026-08-29,20:40:04,RTGS,97156,Flipkart,Delhi,Mobile,No,Normal Transaction
901426,500000065,2026-12-26,18:48:01,NEFT,2780,Reliance,Mumbai,Laptop,No,Normal Transaction
901427,500000101,2026-05-27,03:40:38,Credit Card,3813,PhonePe,Bengaluru,ATM,No,Normal Transaction
901428,500000178,2026-07-29,08:09:25,NEFT,89036,Amazon,Mumbai,ATM,No,Normal Transaction
901429,500000140,2026-02-26,02:54:06,UPI,20449,DMart,Bengaluru,Mobile,No,Normal Transaction
901430,500000124,2026-06-30,17:48:47,IMPS,22579,Flipkart,Bengaluru,ATM,No,Normal Transaction
901431,500000053,2026-04-08,16:16:21,Credit Card,41525,PhonePe,Lucknow,ATM,No,Normal Transaction
901432,500000025,2026-04-14,14:29:31,IMPS,80262,IRCTC,Delhi,POS,No,Normal Transaction
901433,500000048,2026-04-11,01:14:55,Credit Card,99847,Reliance,Hyderabad,Mobile,No,Normal Transaction
901434,500000169,2026-08-23,18:25:08,Credit Card,17170,Reliance,Lucknow,Laptop,No,Normal Transaction
901435,500000125,2026-05-05,09:32:58,Credit Card,28127,Reliance,Pune,Laptop,No,Normal Transaction
901436,500000083,2026-12-06,11:33:44,Credit Card,85720,Amazon,Pune,POS,No,Normal Transaction
901437,500000124,2026-09-19,23:21:27,Credit Card,46615,Zomato,Lucknow,Laptop,No,Normal Transaction
901438,500000013,2026-12-30,13:11:04,Credit Card,66233,Swiggy,Pune,Mobile,No,Normal Transaction
901439,500000077,2026-04-06,02:45:04,ATM,82108,IRCTC,Hyderabad,Mobile,No,Normal Transaction
901440,500000060,2026-07-20,09:06:24,UPI,35842,Swiggy,Mumbai,Laptop,No,Normal Transaction
901441,500000083,2026-10-15,09:22:34,NEFT,28552,Amazon,Bengaluru,Laptop,No,Normal Transaction
901442,500000148,2026-03-15,04:29:46,Debit Card,514,PhonePe,Delhi,Mobile,No,Normal Transaction
901443,500000062,2026-07-19,01:40:17,IMPS,22487,Flipkart,Mumbai,POS,No,Normal Transaction
901444,500000057,2026-05-30,04:18:22,UPI,37977,Amazon,Mumbai,Mobile,No,Normal Transaction
901445,500000169,2026-06-27,22:52:14,RTGS,14176,Flipkart,Lucknow,Laptop,No,Normal Transaction
901446,500000037,2026-03-05,20:08:44,IMPS,40662,Paytm,Mumbai,Laptop,No,Normal Transaction
901447,500000177,2026-05-22,00:30:27,Credit Card,42580,Reliance,Pune,Mobile,No,Normal Transaction
901448,500000168,2026-01-13,09:20:14,Credit Card,21290,Amazon,Mumbai,Mobile,No,Normal Transaction
901449,500000178,2026-01-07,17:27:05,NEFT,76756,Reliance,Pune,POS,No,Normal Transaction
901450,500000047,2026-12-16,05:47:08,ATM,24679,Reliance,Pune,POS,No,Normal Transaction
901451,500000126,2026-12-27,23:46:35,RTGS,89279,DMart,Lucknow,Mobile,No,Normal Transaction
901452,500000123,2026-03-24,06:26:13,NEFT,54283,Swiggy,Lucknow,ATM,No,Normal Transaction
901453,500000028,2026-12-10,19:15:34,Credit Card,62526,Uber,Delhi,ATM,No,Normal Transaction
901454,500000046,2026-04-21,07:43:17,UPI,97982,Zomato,Kolkata,Mobile,No,Normal Transaction
901455,500000050,2026-03-31,18:21:12,UPI,10030,Amazon,Pune,ATM,No,Normal Transaction
901456,500000039,2026-11-28,12:56:27,RTGS,83925,PhonePe,Delhi,POS,No,Normal Transaction
901457,500000024,2026-11-05,10:00:54,Credit Card,51836,Paytm,Lucknow,ATM,No,Normal Transaction
901458,500000093,2026-01-30,05:35:25,Debit Card,94797,IRCTC,Bengaluru,POS,No,Normal Transaction
901459,500000096,2026-05-31,14:57:56,Credit Card,97714,Uber,Bengaluru,ATM,No,Normal Transaction
901460,500000128,2026-11-30,20:27:58,NEFT,40423,Uber,Kolkata,Mobile,No,Normal Transaction
901461,500000109,2026-06-19,04:18:49,Debit Card,27534,Uber,Mumbai,ATM,No,Normal Transaction
901462,500000136,2026-08-03,16:36:14,UPI,23748,Swiggy,Hyderabad,POS,No,Normal Transaction
901463,500000084,2026-04-22,15:01:02,ATM,60195,DMart,Mumbai,ATM,Yes,High Amount
901464,500000072,2026-01-01,20:20:19,Debit Card,45040,Flipkart,Pune,POS,No,Normal Transaction
901465,500000142,2026-01-27,04:01:53,NEFT,76932,Reliance,Pune,Laptop,No,Normal Transaction
901466,500000094,2026-08-31,08:10:33,IMPS,86846,Reliance,Hyderabad,Mobile,No,Normal Transaction
901467,500000020,2026-11-13,16:20:44,Credit Card,20547,Amazon,Lucknow,Laptop,No,Normal Transaction
901468,500000092,2026-09-26,13:54:28,Credit Card,25441,Paytm,Kolkata,ATM,No,Normal Transaction
901469,500000169,2026-03-17,23:40:42,UPI,53690,PhonePe,Bengaluru,Mobile,No,Normal Transaction
901470,500000058,2026-08-17,18:10:26,RTGS,44042,DMart,Kolkata,POS,No,Normal Transaction
901471,500000124,2026-07-11,17:55:54,Debit Card,51790,Flipkart,Lucknow,POS,No,Normal Transaction
901472,500000093,2026-02-20,21:26:37,UPI,85458,Paytm,Lucknow,POS,No,Normal Transaction
901473,500000134,2026-07-16,19:09:58,Credit Card,5766,Zomato,Bengaluru,Mobile,No,Normal Transaction
901474,500000160,2026-03-25,18:54:52,NEFT,59946,IRCTC,Bengaluru,Laptop,No,Normal Transaction
901475,500000141,2026-11-06,05:26:51,Credit Card,32950,PhonePe,Kolkata,POS,No,Normal Transaction
901476,500000045,2026-12-20,22:31:14,UPI,63121,Uber,Bengaluru,Laptop,No,Normal Transaction
901477,500000122,2026-12-28,20:43:50,Debit Card,31524,Paytm,Bengaluru,Laptop,No,Normal Transaction
901478,500000016,2026-03-09,09:18:44,NEFT,17277,Flipkart,Mumbai,POS,No,Normal Transaction
901479,500000123,2026-11-27,15:15:35,Credit Card,42502,Reliance,Hyderabad,POS,No,Normal Transaction
901480,500000151,2026-02-26,21:29:39,NEFT,85533,Uber,Kolkata,Mobile,No,Normal Transaction
901481,500000089,2026-06-02,02:07:07,Debit Card,26273,Amazon,Mumbai,POS,No,Normal Transaction
901482,500000111,2026-11-03,10:43:41,NEFT,73489,Flipkart,Delhi,ATM,No,Normal Transaction
901483,500000072,2026-01-17,07:15:12,NEFT,67791,DMart,Mumbai,Laptop,No,Normal Transaction
901484,500000001,2026-11-11,13:47:19,IMPS,75565,Reliance,Bengaluru,Laptop,No,Normal Transaction
901485,500000110,2026-04-16,18:37:34,IMPS,78347,Swiggy,Pune,Laptop,No,Normal Transaction
901486,500000160,2026-05-08,08:44:40,UPI,14716,IRCTC,Pune,ATM,No,Normal Transaction
901487,500000072,2026-11-12,16:31:54,IMPS,17117,Flipkart,Pune,ATM,No,Normal Transaction
901488,500000046,2026-06-04,07:20:30,ATM,37895,Reliance,Lucknow,POS,No,Normal Transaction
901489,500000041,2026-02-22,02:34:48,Debit Card,11214,Flipkart,Hyderabad,POS,No,Normal Transaction
901490,500000165,2026-04-16,19:43:10,Credit Card,12174,Swiggy,Mumbai,Mobile,No,Normal Transaction
901491,500000116,2026-03-19,08:23:20,Debit Card,47734,Reliance,Bengaluru,Laptop,Yes,Different City
901492,500000171,2026-02-14,10:18:41,Credit Card,88137,Paytm,Kolkata,ATM,No,Normal Transaction
901493,500000028,2026-05-14,13:26:51,NEFT,53825,IRCTC,Bengaluru,Laptop,No,Normal Transaction
901494,500000047,2026-07-30,07:41:45,Debit Card,92901,Paytm,Bengaluru,POS,No,Normal Transaction
901495,500000038,2026-10-02,00:01:21,IMPS,99414,Uber,Mumbai,ATM,No,Normal Transaction
901496,500000111,2026-02-24,04:33:34,Credit Card,81324,Paytm,Kolkata,Mobile,No,Normal Transaction
901497,500000047,2026-05-24,17:53:08,Debit Card,85388,Amazon,Hyderabad,Mobile,No,Normal Transaction
901498,500000103,2026-06-27,09:48:36,Debit Card,57675,DMart,Pune,Mobile,No,Normal Transaction
901499,500000175,2026-05-19,04:19:50,ATM,61993,PhonePe,Mumbai,ATM,No,Normal Transaction
901500,500000080,2026-06-16,05:58:25,Credit Card,78553,Uber,Pune,Laptop,No,Normal Transaction
901501,500000034,2026-09-01,22:16:59,UPI,39286,PhonePe,Kolkata,POS,Yes,Different City
901502,500000002,2026-07-31,05:00:33,Credit Card,94513,Reliance,Mumbai,Mobile,No,Normal Transaction
901503,500000031,2026-03-25,19:46:01,RTGS,67711,Zomato,Delhi,Laptop,No,Normal Transaction
901504,500000156,2026-10-24,20:57:28,UPI,20878,Paytm,Pune,POS,No,Normal Transaction
901505,500000096,2026-05-06,14:07:00,RTGS,24586,Uber,Bengaluru,Mobile,No,Normal Transaction
901506,500000174,2026-08-05,13:57:10,ATM,83172,Zomato,Hyderabad,POS,No,Normal Transaction
901507,500000132,2026-01-23,08:39:37,UPI,85403,Swiggy,Lucknow,POS,No,Normal Transaction
901508,500000100,2026-05-27,07:35:39,Credit Card,99027,Amazon,Kolkata,POS,No,Normal Transaction
901509,500000066,2026-06-26,14:10:48,UPI,32216,Reliance,Hyderabad,POS,No,Normal Transaction
901510,500000049,2026-12-01,03:55:48,Debit Card,52482,Amazon,Delhi,Mobile,No,Normal Transaction
901511,500000095,2026-11-07,07:07:37,UPI,11334,Amazon,Lucknow,Mobile,Yes,Multiple Transactions
901512,500000107,2026-06-04,04:44:40,Credit Card,96027,Paytm,Lucknow,POS,No,Normal Transaction
901513,500000109,2026-11-21,09:01:04,NEFT,25492,Zomato,Pune,Laptop,No,Normal Transaction
901514,500000070,2026-06-30,12:05:01,UPI,86471,Uber,Hyderabad,Laptop,No,Normal Transaction
901515,500000014,2026-10-20,07:50:28,Credit Card,92836,Amazon,Kolkata,Laptop,No,Normal Transaction
901516,500000160,2026-05-08,08:58:38,RTGS,19608,Amazon,Mumbai,ATM,No,Normal Transaction
901517,500000015,2026-03-13,05:21:20,Debit Card,46373,Amazon,Mumbai,Mobile,No,Normal Transaction
901518,500000104,2026-02-07,01:57:57,IMPS,47953,Zomato,Kolkata,Laptop,No,Normal Transaction
901519,500000051,2026-01-04,18:01:17,IMPS,25841,Uber,Delhi,ATM,No,Normal Transaction
901520,500000020,2026-07-11,00:39:19,RTGS,73421,Amazon,Bengaluru,ATM,No,Normal Transaction
901521,500000122,2026-05-06,03:01:25,NEFT,94214,IRCTC,Kolkata,Mobile,No,Normal Transaction
901522,500000168,2026-10-12,08:52:06,ATM,82121,Flipkart,Lucknow,Mobile,No,Normal Transaction
901523,500000078,2026-11-19,03:53:51,Credit Card,39984,Swiggy,Lucknow,ATM,Yes,High Amount
901524,500000126,2026-08-28,21:45:07,IMPS,69673,Amazon,Pune,Laptop,No,Normal Transaction
901525,500000177,2026-11-02,09:48:54,NEFT,59216,Swiggy,Bengaluru,ATM,No,Normal Transaction
901526,500000086,2026-05-12,11:28:16,NEFT,91566,Amazon,Delhi,Laptop,No,Normal Transaction
901527,500000037,2026-08-02,18:45:25,UPI,27115,Reliance,Pune,Mobile,No,Normal Transaction
901528,500000074,2026-06-22,18:59:04,UPI,34326,Flipkart,Lucknow,POS,No,Normal Transaction
901529,500000035,2026-12-26,02:41:38,Credit Card,15459,Amazon,Pune,Laptop,No,Normal Transaction
901530,500000122,2026-01-27,16:27:27,NEFT,31871,Zomato,Delhi,Mobile,No,Normal Transaction
901531,500000029,2026-03-23,03:41:12,RTGS,45301,DMart,Kolkata,Mobile,No,Normal Transaction
901532,500000061,2026-08-13,07:29:42,ATM,81795,Zomato,Delhi,Mobile,No,Normal Transaction
901533,500000159,2026-07-02,05:06:12,Credit Card,71062,Paytm,Mumbai,Laptop,No,Normal Transaction
901534,500000168,2026-04-05,01:36:30,UPI,92178,Uber,Pune,Mobile,No,Normal Transaction
901535,500000034,2026-06-11,09:33:35,UPI,71401,Paytm,Bengaluru,Mobile,No,Normal Transaction
901536,500000160,2026-07-24,11:42:58,Credit Card,48605,Swiggy,Bengaluru,Laptop,No,Normal Transaction
901537,500000007,2026-11-14,21:55:13,UPI,41260,Paytm,Lucknow,POS,No,Normal Transaction
901538,500000094,2026-04-10,22:38:22,Debit Card,80072,Reliance,Hyderabad,ATM,No,Normal Transaction
901539,500000114,2026-11-02,14:51:44,Debit Card,34793,Paytm,Kolkata,Mobile,No,Normal Transaction
901540,500000018,2026-09-28,15:10:55,UPI,16385,IRCTC,Pune,Mobile,No,Normal Transaction
901541,500000098,2026-07-15,01:27:50,IMPS,48693,Paytm,Delhi,Mobile,No,Normal Transaction
901542,500000078,2026-08-09,13:26:30,RTGS,92263,IRCTC,Hyderabad,POS,No,Normal Transaction
901543,500000021,2026-12-29,12:45:27,NEFT,57440,Paytm,Lucknow,ATM,No,Normal Transaction
901544,500000071,2026-10-03,17:30:44,NEFT,94744,PhonePe,Mumbai,POS,No,Normal Transaction
901545,500000061,2026-07-16,01:03:43,ATM,14632,Amazon,Kolkata,ATM,No,Normal Transaction
901546,500000113,2026-07-09,13:49:13,Debit Card,24460,Reliance,Kolkata,Laptop,No,Normal Transaction
901547,500000085,2026-10-19,10:27:18,Credit Card,18883,Reliance,Bengaluru,Laptop,No,Normal Transaction
901548,500000087,2026-06-09,12:55:10,UPI,72503,Paytm,Bengaluru,Laptop,No,Normal Transaction
901549,500000004,2026-09-01,11:18:22,ATM,76229,Reliance,Mumbai,Laptop,No,Normal Transaction
901550,500000168,2026-08-14,15:34:43,ATM,83249,Flipkart,Delhi,Mobile,No,Normal Transaction
901551,500000124,2026-01-13,23:16:58,Debit Card,51628,PhonePe,Kolkata,POS,No,Normal Transaction
901552,500000160,2026-08-04,21:39:29,IMPS,78332,Paytm,Kolkata,ATM,No,Normal Transaction
901553,500000103,2026-02-23,22:06:58,Debit Card,23859,Swiggy,Mumbai,Laptop,No,Normal Transaction
901554,500000114,2026-11-06,06:56:39,UPI,29625,Zomato,Kolkata,Laptop,No,Normal Transaction
901555,500000102,2026-09-22,10:09:32,IMPS,85877,IRCTC,Hyderabad,Mobile,No,Normal Transaction
901556,500000124,2026-06-06,21:40:39,Debit Card,35229,DMart,Lucknow,Laptop,No,Normal Transaction
901557,500000180,2026-09-26,22:24:23,Credit Card,21879,Paytm,Lucknow,Laptop,No,Normal Transaction
901558,500000127,2026-05-28,07:57:07,Credit Card,81660,DMart,Mumbai,Mobile,No,Normal Transaction
901559,500000093,2026-04-11,15:56:44,NEFT,35917,PhonePe,Hyderabad,ATM,No,Normal Transaction
901560,500000001,2026-09-30,21:33:03,IMPS,91532,Zomato,Bengaluru,Laptop,No,Normal Transaction
901561,500000120,2026-10-11,21:02:00,NEFT,22653,Paytm,Hyderabad,Mobile,No,Normal Transaction
901562,500000129,2026-04-26,03:26:42,UPI,50102,Zomato,Hyderabad,Mobile,No,Normal Transaction
901563,500000082,2026-02-16,14:56:24,ATM,31195,Uber,Bengaluru,Laptop,No,Normal Transaction
901564,500000171,2026-03-15,18:54:41,UPI,85807,Flipkart,Lucknow,Laptop,No,Normal Transaction
901565,500000043,2026-08-09,17:21:53,ATM,28113,Flipkart,Delhi,POS,No,Normal Transaction
901566,500000105,2026-12-08,07:32:58,Debit Card,76521,Flipkart,Kolkata,Mobile,No,Normal Transaction
901567,500000146,2026-03-20,01:09:57,ATM,50387,IRCTC,Hyderabad,POS,No,Normal Transaction
901568,500000046,2026-01-02,15:23:15,UPI,14303,Flipkart,Pune,ATM,No,Normal Transaction
901569,500000098,2026-06-18,08:57:16,UPI,80855,DMart,Mumbai,ATM,No,Normal Transaction
901570,500000150,2026-06-13,22:09:41,RTGS,44863,Amazon,Mumbai,ATM,No,Normal Transaction
901571,500000161,2026-06-08,16:12:45,RTGS,46216,Reliance,Hyderabad,Mobile,Yes,Midnight Transaction
901572,500000071,2026-03-24,10:22:20,ATM,66029,IRCTC,Kolkata,Laptop,No,Normal Transaction
901573,500000021,2026-10-14,01:42:58,RTGS,38170,Amazon,Hyderabad,Mobile,No,Normal Transaction
901574,500000077,2026-07-28,02:57:53,Credit Card,12789,Reliance,Kolkata,POS,No,Normal Transaction
901575,500000138,2026-01-20,03:03:16,ATM,26201,Uber,Lucknow,POS,No,Normal Transaction
901576,500000070,2026-12-06,01:09:09,RTGS,96126,Reliance,Hyderabad,ATM,No,Normal Transaction
901577,500000129,2026-10-18,12:14:39,UPI,68951,Paytm,Lucknow,Laptop,No,Normal Transaction
901578,500000117,2026-02-07,15:48:31,ATM,84976,Flipkart,Bengaluru,ATM,No,Normal Transaction
901579,500000021,2026-04-25,22:43:46,NEFT,45840,Flipkart,Kolkata,ATM,No,Normal Transaction
901580,500000135,2026-11-11,14:57:28,ATM,10218,Zomato,Mumbai,ATM,No,Normal Transaction
901581,500000137,2026-03-14,14:53:32,ATM,48246,Paytm,Mumbai,Laptop,No,Normal Transaction
901582,500000176,2026-11-06,13:21:56,ATM,392,PhonePe,Pune,ATM,No,Normal Transaction
901583,500000071,2026-11-15,11:40:28,IMPS,40619,Flipkart,Bengaluru,Laptop,No,Normal Transaction
901584,500000117,2026-10-09,10:23:04,RTGS,87139,Zomato,Kolkata,ATM,No,Normal Transaction
901585,500000164,2026-12-28,20:48:26,NEFT,26251,Zomato,Pune,Laptop,No,Normal Transaction
901586,500000120,2026-03-13,06:11:17,IMPS,20321,PhonePe,Lucknow,POS,No,Normal Transaction
901587,500000036,2026-07-10,02:19:00,ATM,30356,Reliance,Kolkata,POS,No,Normal Transaction
901588,500000086,2026-08-25,18:28:05,ATM,91589,Flipkart,Pune,Mobile,No,Normal Transaction
901589,500000089,2026-03-19,12:29:31,UPI,33944,Swiggy,Hyderabad,POS,Yes,Different City
901590,500000074,2026-04-03,07:06:38,RTGS,53918,Zomato,Pune,Laptop,No,Normal Transaction
901591,500000106,2026-12-02,12:49:40,IMPS,62244,Amazon,Mumbai,Laptop,No,Normal Transaction
901592,500000065,2026-08-12,01:51:02,Credit Card,26700,DMart,Lucknow,ATM,No,Normal Transaction
901593,500000064,2026-04-21,22:36:50,IMPS,73987,PhonePe,Bengaluru,POS,No,Normal Transaction
901594,500000091,2026-08-14,16:01:19,UPI,52347,Paytm,Bengaluru,Laptop,No,Normal Transaction
901595,500000140,2026-10-15,13:13:21,RTGS,65317,Zomato,Hyderabad,Laptop,Yes,Multiple Transactions
901596,500000062,2026-11-02,09:18:34,Debit Card,69801,Flipkart,Mumbai,Laptop,No,Normal Transaction
901597,500000009,2026-06-25,11:03:06,NEFT,45174,Uber,Delhi,Laptop,No,Normal Transaction
901598,500000084,2026-01-30,20:32:40,IMPS,10051,Zomato,Mumbai,POS,No,Normal Transaction
901599,500000149,2026-10-24,11:34:14,RTGS,85484,Uber,Bengaluru,POS,No,Normal Transaction
901600,500000152,2026-06-12,00:42:42,UPI,64722,IRCTC,Pune,Mobile,No,Normal Transaction
901601,500000058,2026-05-25,10:12:22,UPI,37074,Amazon,Mumbai,POS,No,Normal Transaction
901602,500000127,2026-07-20,08:15:21,Credit Card,79421,Flipkart,Bengaluru,Laptop,No,Normal Transaction
901603,500000177,2026-12-08,05:00:59,IMPS,56319,Swiggy,Hyderabad,ATM,No,Normal Transaction
901604,500000016,2026-08-08,00:24:06,NEFT,19948,Flipkart,Lucknow,Laptop,No,Normal Transaction
901605,500000046,2026-01-08,00:06:11,IMPS,96938,Swiggy,Delhi,POS,No,Normal Transaction
901606,500000066,2026-09-17,15:18:02,ATM,21690,Uber,Kolkata,Mobile,Yes,Midnight Transaction
901607,500000171,2026-04-21,09:44:42,Debit Card,52457,Uber,Pune,POS,No,Normal Transaction
901608,500000001,2026-12-21,15:49:39,Debit Card,50553,Paytm,Pune,Mobile,No,Normal Transaction
901609,500000041,2026-10-11,14:51:56,RTGS,24035,Reliance,Delhi,Laptop,No,Normal Transaction
901610,500000172,2026-01-25,07:27:07,Debit Card,34846,IRCTC,Lucknow,ATM,No,Normal Transaction
901611,500000144,2026-07-30,23:06:34,NEFT,72278,Reliance,Kolkata,Mobile,No,Normal Transaction
901612,500000042,2026-03-10,20:53:53,Debit Card,94568,Amazon,Lucknow,Mobile,No,Normal Transaction
901613,500000018,2026-10-30,06:25:11,ATM,88116,Swiggy,Lucknow,POS,No,Normal Transaction
901614,500000131,2026-02-11,05:52:14,RTGS,60694,Uber,Mumbai,POS,No,Normal Transaction
901615,500000038,2026-08-08,11:03:46,Credit Card,63384,Amazon,Kolkata,ATM,No,Normal Transaction
901616,500000025,2026-12-10,06:59:09,IMPS,90136,Uber,Pune,Mobile,No,Normal Transaction
901617,500000127,2026-07-28,16:51:46,ATM,49552,Reliance,Bengaluru,ATM,No,Normal Transaction
901618,500000042,2026-02-06,15:09:01,RTGS,79709,Zomato,Mumbai,POS,No,Normal Transaction
901619,500000034,2026-04-21,04:27:28,ATM,94373,Uber,Hyderabad,POS,No,Normal Transaction
901620,500000131,2026-02-23,07:01:50,RTGS,34799,Uber,Delhi,POS,No,Normal Transaction
901621,500000019,2026-08-30,07:16:48,Credit Card,49831,Reliance,Hyderabad,Mobile,Yes,Different City
901622,500000176,2026-12-08,20:29:44,ATM,70361,Reliance,Kolkata,Laptop,No,Normal Transaction
901623,500000171,2026-11-29,05:06:19,IMPS,32176,Amazon,Mumbai,POS,Yes,Midnight Transaction
901624,500000134,2026-01-20,12:44:22,RTGS,39232,DMart,Hyderabad,ATM,No,Normal Transaction
901625,500000150,2026-09-11,06:14:37,NEFT,53808,IRCTC,Kolkata,ATM,No,Normal Transaction
901626,500000172,2026-04-23,23:39:53,IMPS,41762,PhonePe,Delhi,Laptop,No,Normal Transaction
901627,500000020,2026-12-18,03:56:04,IMPS,48922,IRCTC,Bengaluru,ATM,No,Normal Transaction
901628,500000145,2026-11-02,09:53:54,RTGS,11933,Swiggy,Delhi,ATM,No,Normal Transaction
901629,500000157,2026-04-24,12:19:15,NEFT,63944,Swiggy,Bengaluru,ATM,No,Normal Transaction
901630,500000063,2026-02-16,09:12:19,ATM,91982,PhonePe,Pune,POS,No,Normal Transaction
901631,500000053,2026-07-22,19:50:56,Credit Card,32089,Paytm,Pune,ATM,No,Normal Transaction
901632,500000024,2026-02-22,12:19:00,ATM,75182,Paytm,Kolkata,POS,No,Normal Transaction
901633,500000128,2026-04-21,20:01:47,Credit Card,26861,Flipkart,Mumbai,ATM,No,Normal Transaction
901634,500000162,2026-03-07,10:55:51,ATM,38918,Uber,Pune,Laptop,No,Normal Transaction
901635,500000092,2026-07-09,02:17:01,Credit Card,46306,DMart,Mumbai,ATM,No,Normal Transaction
901636,500000019,2026-02-02,02:17:24,Credit Card,17221,DMart,Hyderabad,Laptop,No,Normal Transaction
901637,500000096,2026-04-11,09:05:44,Credit Card,92667,Paytm,Delhi,ATM,No,Normal Transaction
901638,500000087,2026-06-19,13:17:56,Credit Card,17150,PhonePe,Hyderabad,POS,No,Normal Transaction
901639,500000086,2026-06-22,19:51:30,Debit Card,84466,Swiggy,Mumbai,Laptop,No,Normal Transaction
901640,500000034,2026-12-07,15:22:23,UPI,2462,Amazon,Lucknow,Laptop,No,Normal Transaction
901641,500000056,2026-07-27,17:04:25,NEFT,38601,Amazon,Kolkata,ATM,Yes,Multiple Transactions
901642,500000120,2026-07-24,05:15:30,RTGS,56785,PhonePe,Kolkata,POS,No,Normal Transaction
901643,500000023,2026-01-11,20:34:53,RTGS,27599,IRCTC,Hyderabad,ATM,No,Normal Transaction
901644,500000138,2026-02-17,20:15:18,ATM,19392,Flipkart,Mumbai,POS,No,Normal Transaction
901645,500000037,2026-08-25,10:57:30,Debit Card,57142,Reliance,Kolkata,Laptop,No,Normal Transaction
901646,500000084,2026-04-02,23:21:36,UPI,72534,Paytm,Delhi,POS,No,Normal Transaction
901647,500000106,2026-10-14,03:41:50,RTGS,39782,PhonePe,Delhi,POS,No,Normal Transaction
901648,500000067,2026-07-27,21:20:19,NEFT,27225,Swiggy,Bengaluru,Mobile,No,Normal Transaction
901649,500000146,2026-02-03,07:52:00,Debit Card,31871,IRCTC,Lucknow,POS,No,Normal Transaction
901650,500000044,2026-12-03,17:51:55,NEFT,75995,Swiggy,Mumbai,POS,No,Normal Transaction
901651,500000030,2026-02-08,22:03:28,ATM,83242,IRCTC,Mumbai,Laptop,No,Normal Transaction
901652,500000034,2026-07-13,02:48:57,RTGS,83013,Zomato,Delhi,POS,No,Normal Transaction
901653,500000041,2026-07-18,07:06:11,Credit Card,12160,Zomato,Lucknow,Mobile,No,Normal Transaction
901654,500000029,2026-07-07,06:01:23,IMPS,76299,Amazon,Lucknow,POS,Yes,High Amount
901655,500000086,2026-12-05,03:03:29,Credit Card,706,Reliance,Hyderabad,POS,No,Normal Transaction
901656,500000135,2026-10-25,11:20:21,RTGS,56867,Swiggy,Mumbai,ATM,Yes,High Amount
901657,500000024,2026-05-06,21:43:49,Debit Card,30478,PhonePe,Bengaluru,ATM,No,Normal Transaction
901658,500000091,2026-07-12,17:28:48,NEFT,90775,Paytm,Kolkata,Mobile,No,Normal Transaction
901659,500000031,2026-07-09,19:09:06,UPI,33201,IRCTC,Delhi,Laptop,No,Normal Transaction
901660,500000063,2026-09-05,19:23:23,RTGS,10764,Flipkart,Bengaluru,POS,No,Normal Transaction
901661,500000014,2026-09-07,04:56:11,Debit Card,13629,Zomato,Delhi,ATM,Yes,Midnight Transaction
901662,500000038,2026-12-30,05:58:42,UPI,20292,PhonePe,Bengaluru,Laptop,No,Normal Transaction
901663,500000069,2026-07-06,12:00:45,RTGS,2289,PhonePe,Bengaluru,Mobile,No,Normal Transaction
901664,500000063,2026-01-31,07:16:45,ATM,56880,Zomato,Hyderabad,Mobile,No,Normal Transaction
901665,500000153,2026-04-08,15:20:09,RTGS,71526,Reliance,Bengaluru,ATM,No,Normal Transaction
901666,500000110,2026-02-23,01:30:01,NEFT,28352,Reliance,Hyderabad,ATM,No,Normal Transaction
901667,500000014,2026-06-07,12:32:51,UPI,28945,IRCTC,Kolkata,Laptop,No,Normal Transaction
901668,500000118,2026-09-18,07:17:04,NEFT,96489,DMart,Kolkata,Mobile,No,Normal Transaction
901669,500000134,2026-02-11,04:36:18,UPI,53643,IRCTC,Lucknow,POS,No,Normal Transaction
901670,500000164,2026-03-12,09:07:23,NEFT,49755,Flipkart,Kolkata,ATM,No,Normal Transaction
901671,500000155,2026-12-05,07:58:24,UPI,90970,Paytm,Mumbai,Laptop,No,Normal Transaction
901672,500000099,2026-09-21,21:47:25,ATM,27011,Paytm,Hyderabad,ATM,No,Normal Transaction
901673,500000065,2026-06-24,18:22:06,Credit Card,84710,DMart,Lucknow,ATM,No,Normal Transaction
901674,500000039,2026-07-02,10:12:53,ATM,88821,Reliance,Bengaluru,Mobile,No,Normal Transaction
901675,500000073,2026-05-01,19:02:25,UPI,30704,Flipkart,Delhi,Laptop,No,Normal Transaction
901676,500000124,2026-10-24,02:56:29,UPI,29873,PhonePe,Hyderabad,POS,No,Normal Transaction
901677,500000089,2026-01-03,08:47:44,UPI,44348,PhonePe,Pune,Laptop,No,Normal Transaction
901678,500000006,2026-03-23,10:47:31,Debit Card,45514,Uber,Mumbai,POS,No,Normal Transaction
901679,500000179,2026-03-27,07:03:23,Credit Card,18243,Uber,Mumbai,ATM,No,Normal Transaction
901680,500000086,2026-12-16,12:41:12,NEFT,18890,IRCTC,Delhi,POS,No,Normal Transaction
901681,500000164,2026-01-01,19:40:48,IMPS,13311,DMart,Hyderabad,POS,No,Normal Transaction
901682,500000111,2026-07-07,08:06:50,Credit Card,97804,Swiggy,Delhi,ATM,No,Normal Transaction
901683,500000063,2026-04-23,09:33:53,ATM,38978,Swiggy,Hyderabad,POS,No,Normal Transaction
901684,500000136,2026-12-03,08:35:09,RTGS,48374,Zomato,Lucknow,POS,No,Normal Transaction
901685,500000029,2026-04-11,13:03:51,NEFT,20153,Uber,Pune,Laptop,No,Normal Transaction
901686,500000083,2026-05-06,18:05:38,RTGS,67265,Swiggy,Lucknow,POS,No,Normal Transaction
901687,500000086,2026-09-16,03:42:24,ATM,29491,IRCTC,Bengaluru,POS,No,Normal Transaction
901688,500000103,2026-11-28,15:13:27,Credit Card,34713,Reliance,Mumbai,ATM,No,Normal Transaction
901689,500000088,2026-08-20,01:38:00,IMPS,835,PhonePe,Kolkata,POS,No,Normal Transaction
901690,500000089,2026-07-23,09:02:48,UPI,95326,PhonePe,Mumbai,ATM,No,Normal Transaction
901691,500000175,2026-01-28,09:16:51,NEFT,20881,Paytm,Delhi,Laptop,No,Normal Transaction
901692,500000023,2026-03-12,04:38:01,UPI,66321,Paytm,Mumbai,Mobile,No,Normal Transaction
901693,500000122,2026-02-05,06:46:23,IMPS,94646,Flipkart,Bengaluru,Mobile,No,Normal Transaction
901694,500000131,2026-09-01,10:19:19,Debit Card,12989,DMart,Kolkata,Laptop,No,Normal Transaction
901695,500000069,2026-06-29,22:02:22,ATM,24042,IRCTC,Pune,Laptop,No,Normal Transaction
901696,500000065,2026-09-17,07:11:35,UPI,7665,PhonePe,Bengaluru,POS,No,Normal Transaction
901697,500000103,2026-10-16,01:21:57,UPI,76682,Reliance,Pune,ATM,No,Normal Transaction
901698,500000126,2026-08-10,00:11:25,NEFT,60255,Zomato,Mumbai,Mobile,No,Normal Transaction
901699,500000089,2026-05-20,11:42:14,ATM,26178,Uber,Kolkata,ATM,No,Normal Transaction
901700,500000116,2026-08-18,23:44:14,Credit Card,11809,PhonePe,Kolkata,ATM,No,Normal Transaction
901701,500000031,2026-06-25,12:47:13,Debit Card,37874,Paytm,Hyderabad,Mobile,No,Normal Transaction
901702,500000168,2026-05-17,21:14:35,Credit Card,2489,Paytm,Delhi,Mobile,No,Normal Transaction
901703,500000107,2026-04-11,04:53:07,RTGS,3192,Reliance,Mumbai,Laptop,No,Normal Transaction
901704,500000003,2026-09-06,14:19:55,Credit Card,13099,Paytm,Lucknow,Mobile,No,Normal Transaction
901705,500000071,2026-07-02,18:27:33,ATM,45252,Amazon,Pune,Laptop,No,Normal Transaction
901706,500000008,2026-06-08,07:24:44,RTGS,51014,Uber,Pune,POS,No,Normal Transaction
901707,500000136,2026-11-27,04:28:38,ATM,54136,Reliance,Mumbai,ATM,No,Normal Transaction
901708,500000054,2026-10-24,20:39:11,RTGS,84819,Swiggy,Mumbai,Mobile,No,Normal Transaction
901709,500000044,2026-12-20,13:03:34,ATM,67840,PhonePe,Bengaluru,ATM,No,Normal Transaction
901710,500000105,2026-05-29,02:22:23,Debit Card,52002,IRCTC,Mumbai,Laptop,No,Normal Transaction
901711,500000001,2026-05-17,04:15:39,RTGS,31059,PhonePe,Kolkata,Laptop,No,Normal Transaction
901712,500000095,2026-09-19,17:06:06,ATM,55517,PhonePe,Mumbai,Mobile,No,Normal Transaction
901713,500000142,2026-09-18,21:42:08,NEFT,9019,Flipkart,Kolkata,Laptop,No,Normal Transaction
901714,500000101,2026-04-04,19:20:43,Debit Card,6472,PhonePe,Pune,Mobile,No,Normal Transaction
901715,500000110,2026-04-28,21:56:08,ATM,9525,Uber,Bengaluru,Laptop,No,Normal Transaction
901716,500000037,2026-10-13,13:48:44,RTGS,98122,Uber,Lucknow,Laptop,No,Normal Transaction
901717,500000128,2026-06-23,06:23:42,Debit Card,26244,Zomato,Delhi,ATM,No,Normal Transaction
901718,500000092,2026-07-22,09:03:19,NEFT,24695,PhonePe,Lucknow,ATM,No,Normal Transaction
901719,500000145,2026-03-15,04:20:51,RTGS,795,Zomato,Hyderabad,Laptop,No,Normal Transaction
901720,500000002,2026-10-02,22:22:10,ATM,63207,Amazon,Pune,POS,No,Normal Transaction
901721,500000015,2026-09-06,01:06:01,IMPS,24079,Amazon,Kolkata,ATM,No,Normal Transaction
901722,500000076,2026-02-26,07:37:47,RTGS,28994,Uber,Lucknow,Laptop,No,Normal Transaction
901723,500000095,2026-09-04,16:06:11,IMPS,78594,Uber,Hyderabad,ATM,No,Normal Transaction
901724,500000066,2026-08-01,21:09:40,RTGS,26363,DMart,Bengaluru,ATM,No,Normal Transaction
901725,500000042,2026-12-05,06:59:55,IMPS,56447,IRCTC,Lucknow,POS,No,Normal Transaction
901726,500000079,2026-11-19,11:26:55,Debit Card,14353,Flipkart,Kolkata,Laptop,No,Normal Transaction
901727,500000049,2026-02-02,09:57:01,UPI,72684,Zomato,Hyderabad,ATM,No,Normal Transaction
901728,500000068,2026-08-02,13:30:35,UPI,51323,Reliance,Bengaluru,POS,No,Normal Transaction
901729,500000101,2026-01-15,20:51:01,UPI,25371,Flipkart,Delhi,ATM,No,Normal Transaction
901730,500000178,2026-01-05,07:22:42,RTGS,91143,Zomato,Kolkata,ATM,No,Normal Transaction
901731,500000055,2026-04-18,20:58:08,IMPS,31907,Swiggy,Mumbai,Laptop,No,Normal Transaction
901732,500000136,2026-11-10,18:12:45,UPI,84473,Paytm,Hyderabad,Laptop,No,Normal Transaction
901733,500000085,2026-03-23,16:05:36,Debit Card,3466,DMart,Hyderabad,POS,No,Normal Transaction
901734,500000166,2026-07-28,06:58:18,IMPS,18684,Amazon,Mumbai,Mobile,No,Normal Transaction
901735,500000143,2026-03-12,04:46:08,IMPS,11911,IRCTC,Delhi,ATM,No,Normal Transaction
901736,500000017,2026-03-15,22:59:53,IMPS,71010,Reliance,Pune,Mobile,No,Normal Transaction
901737,500000099,2026-06-18,12:20:45,ATM,42361,Paytm,Lucknow,ATM,No,Normal Transaction
901738,500000120,2026-08-17,12:43:25,IMPS,23892,PhonePe,Hyderabad,Mobile,No,Normal Transaction
901739,500000143,2026-06-23,05:46:32,Debit Card,36897,Amazon,Kolkata,Laptop,No,Normal Transaction
901740,500000179,2026-02-23,13:28:43,UPI,6726,Zomato,Mumbai,Laptop,No,Normal Transaction
901741,500000034,2026-07-08,00:32:24,IMPS,76993,Zomato,Hyderabad,Laptop,No,Normal Transaction
901742,500000022,2026-05-30,06:30:15,Credit Card,63149,PhonePe,Hyderabad,Laptop,No,Normal Transaction
901743,500000040,2026-03-17,20:06:10,RTGS,9570,Reliance,Delhi,ATM,No,Normal Transaction
901744,500000085,2026-03-22,15:56:38,RTGS,16386,Swiggy,Delhi,POS,No,Normal Transaction
901745,500000047,2026-08-11,21:51:36,UPI,21197,DMart,Kolkata,ATM,No,Normal Transaction
901746,500000058,2026-09-16,13:49:32,Debit Card,62038,DMart,Delhi,Laptop,No,Normal Transaction
901747,500000163,2026-11-17,12:50:58,ATM,9559,Zomato,Bengaluru,POS,No,Normal Transaction
901748,500000056,2026-08-24,14:34:52,UPI,85668,DMart,Pune,Mobile,No,Normal Transaction
901749,500000174,2026-08-19,15:45:48,IMPS,57219,Flipkart,Delhi,Laptop,No,Normal Transaction
901750,500000170,2026-01-07,07:49:01,RTGS,75968,Reliance,Bengaluru,POS,No,Normal Transaction
901751,500000064,2026-04-11,23:12:31,IMPS,94732,Amazon,Bengaluru,Laptop,No,Normal Transaction
901752,500000016,2026-05-20,14:29:50,NEFT,19074,IRCTC,Kolkata,POS,No,Normal Transaction
901753,500000063,2026-05-15,08:24:07,Debit Card,82368,Swiggy,Mumbai,Laptop,No,Normal Transaction
901754,500000124,2026-03-31,04:26:29,RTGS,24379,Paytm,Lucknow,POS,No,Normal Transaction
901755,500000049,2026-07-15,01:07:03,Credit Card,69133,IRCTC,Kolkata,Laptop,No,Normal Transaction
901756,500000024,2026-07-16,22:18:31,NEFT,6355,Flipkart,Delhi,POS,No,Normal Transaction
901757,500000036,2026-03-22,04:04:16,RTGS,66960,PhonePe,Lucknow,Mobile,No,Normal Transaction
901758,500000148,2026-11-07,06:40:01,ATM,44406,Uber,Mumbai,Laptop,No,Normal Transaction
901759,500000018,2026-12-20,17:46:18,ATM,26153,Paytm,Hyderabad,Laptop,No,Normal Transaction
901760,500000100,2026-03-26,04:50:15,Debit Card,82710,Amazon,Pune,Mobile,No,Normal Transaction
901761,500000067,2026-07-31,08:31:49,IMPS,59023,Zomato,Delhi,Laptop,No,Normal Transaction
901762,500000068,2026-09-23,04:10:22,ATM,58034,Swiggy,Lucknow,ATM,No,Normal Transaction
901763,500000140,2026-04-27,10:09:02,Credit Card,34463,Flipkart,Bengaluru,Mobile,No,Normal Transaction
901764,500000040,2026-04-08,12:28:24,ATM,76211,Uber,Mumbai,Laptop,No,Normal Transaction
901765,500000042,2026-09-18,15:52:54,RTGS,63549,Amazon,Hyderabad,POS,No,Normal Transaction
901766,500000150,2026-02-10,12:40:06,UPI,30491,Amazon,Pune,ATM,No,Normal Transaction
901767,500000118,2026-09-25,19:31:36,ATM,11165,Flipkart,Delhi,POS,No,Normal Transaction
901768,500000004,2026-05-11,06:20:59,RTGS,35671,Flipkart,Mumbai,Mobile,No,Normal Transaction
901769,500000144,2026-07-04,10:51:20,ATM,36875,PhonePe,Mumbai,Laptop,No,Normal Transaction
901770,500000086,2026-10-07,12:07:38,NEFT,32177,Zomato,Mumbai,Mobile,No,Normal Transaction
901771,500000133,2026-12-12,14:37:28,IMPS,7271,Amazon,Delhi,ATM,No,Normal Transaction
901772,500000169,2026-07-03,21:28:21,ATM,77599,Swiggy,Mumbai,ATM,No,Normal Transaction
901773,500000132,2026-11-18,17:47:33,UPI,85062,Swiggy,Hyderabad,POS,No,Normal Transaction
901774,500000153,2026-08-04,11:16:12,ATM,24391,PhonePe,Delhi,ATM,No,Normal Transaction
901775,500000098,2026-01-12,22:42:40,Credit Card,43812,Reliance,Mumbai,Laptop,No,Normal Transaction
901776,500000005,2026-08-11,04:45:58,ATM,76032,Paytm,Delhi,ATM,No,Normal Transaction
901777,500000050,2026-04-30,18:41:54,ATM,59482,Amazon,Kolkata,Laptop,No,Normal Transaction
901778,500000047,2026-06-23,10:58:37,NEFT,58839,Flipkart,Kolkata,Mobile,No,Normal Transaction
901779,500000158,2026-12-23,02:44:20,NEFT,67194,Paytm,Hyderabad,POS,No,Normal Transaction
901780,500000140,2026-05-30,20:04:38,ATM,26483,IRCTC,Kolkata,ATM,No,Normal Transaction
901781,500000090,2026-01-28,04:38:02,ATM,93516,Flipkart,Hyderabad,ATM,No,Normal Transaction
901782,500000022,2026-04-02,06:54:40,ATM,10902,PhonePe,Pune,Laptop,No,Normal Transaction
901783,500000079,2026-10-22,17:36:46,RTGS,55077,Swiggy,Delhi,Laptop,No,Normal Transaction
901784,500000128,2026-04-07,23:54:15,RTGS,35851,Zomato,Hyderabad,POS,No,Normal Transaction
901785,500000052,2026-12-21,04:32:07,RTGS,14541,Swiggy,Bengaluru,POS,No,Normal Transaction
901786,500000171,2026-08-18,23:33:08,Debit Card,52611,Flipkart,Mumbai,Mobile,No,Normal Transaction
901787,500000154,2026-12-26,01:07:46,ATM,27393,DMart,Kolkata,POS,No,Normal Transaction
901788,500000098,2026-07-22,19:02:47,IMPS,85586,DMart,Bengaluru,Mobile,No,Normal Transaction
901789,500000134,2026-02-01,10:50:51,IMPS,26466,PhonePe,Delhi,Laptop,No,Normal Transaction
901790,500000122,2026-05-08,06:32:59,Credit Card,4276,Swiggy,Mumbai,Mobile,No,Normal Transaction
901791,500000098,2026-06-13,05:05:27,ATM,39389,Uber,Bengaluru,POS,No,Normal Transaction
901792,500000123,2026-09-14,11:02:04,Credit Card,43704,DMart,Hyderabad,ATM,No,Normal Transaction
901793,500000157,2026-10-04,01:35:13,NEFT,3545,IRCTC,Lucknow,Laptop,No,Normal Transaction
901794,500000008,2026-01-22,16:53:03,IMPS,74011,Uber,Lucknow,Laptop,No,Normal Transaction
901795,500000152,2026-02-17,03:54:59,UPI,43481,PhonePe,Mumbai,Mobile,No,Normal Transaction
901796,500000079,2026-10-16,12:35:02,Credit Card,50552,PhonePe,Hyderabad,ATM,No,Normal Transaction
901797,500000077,2026-12-19,14:40:36,UPI,31290,Reliance,Delhi,POS,No,Normal Transaction
901798,500000120,2026-06-12,19:08:11,RTGS,11839,Paytm,Pune,ATM,No,Normal Transaction
901799,500000027,2026-05-14,14:10:15,IMPS,99873,DMart,Pune,Laptop,No,Normal Transaction
901800,500000009,2026-11-23,23:56:12,IMPS,51628,Paytm,Pune,Laptop,No,Normal Transaction
901801,500000146,2026-04-01,14:10:16,UPI,21872,Amazon,Hyderabad,Laptop,No,Normal Transaction
901802,500000074,2026-05-04,16:49:49,ATM,39983,DMart,Mumbai,Laptop,No,Normal Transaction
901803,500000152,2026-09-28,21:04:29,ATM,12093,Flipkart,Hyderabad,Laptop,No,Normal Transaction
901804,500000098,2026-12-10,14:59:34,NEFT,92127,IRCTC,Lucknow,POS,No,Normal Transaction
901805,500000176,2026-10-30,12:42:56,NEFT,6102,Amazon,Delhi,Mobile,No,Normal Transaction
901806,500000176,2026-08-23,23:29:18,IMPS,6221,IRCTC,Lucknow,Mobile,No,Normal Transaction
901807,500000168,2026-05-16,20:49:41,RTGS,11092,Zomato,Mumbai,POS,No,Normal Transaction
901808,500000166,2026-09-05,02:55:27,IMPS,47327,Flipkart,Bengaluru,ATM,No,Normal Transaction
901809,500000156,2026-08-07,07:12:31,IMPS,61291,Zomato,Delhi,ATM,No,Normal Transaction
901810,500000113,2026-03-17,21:17:27,IMPS,64728,Amazon,Delhi,ATM,Yes,Different City
901811,500000002,2026-08-08,21:53:21,IMPS,76850,Paytm,Pune,Laptop,No,Normal Transaction
901812,500000011,2026-10-13,14:33:34,IMPS,65262,Paytm,Pune,Laptop,No,Normal Transaction
901813,500000105,2026-05-22,17:54:07,NEFT,27628,DMart,Hyderabad,ATM,No,Normal Transaction
901814,500000161,2026-04-27,08:20:51,NEFT,55153,Flipkart,Lucknow,Laptop,No,Normal Transaction
901815,500000062,2026-07-26,05:01:24,Credit Card,63088,Paytm,Hyderabad,POS,No,Normal Transaction
901816,500000023,2026-06-29,13:48:33,ATM,61326,Amazon,Bengaluru,POS,Yes,Multiple Transactions
901817,500000125,2026-03-06,09:19:39,IMPS,18896,Uber,Kolkata,POS,No,Normal Transaction
901818,500000080,2026-07-04,07:17:45,NEFT,71990,Amazon,Bengaluru,Laptop,No,Normal Transaction
901819,500000066,2026-10-03,19:33:09,ATM,85324,Paytm,Hyderabad,Mobile,No,Normal Transaction
901820,500000009,2026-02-15,08:26:15,RTGS,29559,Flipkart,Delhi,Laptop,No,Normal Transaction
901821,500000116,2026-03-21,00:06:35,RTGS,64464,Zomato,Delhi,ATM,No,Normal Transaction
901822,500000132,2026-03-09,02:53:18,UPI,37871,Reliance,Lucknow,POS,No,Normal Transaction
901823,500000151,2026-04-18,10:35:39,Credit Card,14079,DMart,Pune,POS,No,Normal Transaction
901824,500000171,2026-01-27,19:02:46,Credit Card,92235,Reliance,Pune,Mobile,No,Normal Transaction
901825,500000144,2026-03-21,16:30:27,ATM,37162,PhonePe,Mumbai,Laptop,No,Normal Transaction
901826,500000014,2026-03-15,15:19:56,IMPS,70245,PhonePe,Lucknow,ATM,No,Normal Transaction
901827,500000048,2026-02-20,12:24:53,RTGS,80099,Uber,Hyderabad,Laptop,No,Normal Transaction
901828,500000145,2026-05-16,20:49:58,RTGS,52643,DMart,Hyderabad,Mobile,No,Normal Transaction
901829,500000097,2026-03-20,01:15:54,Credit Card,59432,DMart,Bengaluru,Mobile,No,Normal Transaction
901830,500000109,2026-06-07,09:19:08,Credit Card,93601,DMart,Bengaluru,ATM,No,Normal Transaction
901831,500000115,2026-12-06,22:54:40,Credit Card,90621,PhonePe,Kolkata,POS,No,Normal Transaction
901832,500000022,2026-11-08,10:47:22,Credit Card,75626,Uber,Kolkata,POS,No,Normal Transaction
901833,500000009,2026-07-24,09:39:46,UPI,2803,Reliance,Bengaluru,Mobile,No,Normal Transaction
901834,500000066,2026-06-18,16:22:16,NEFT,37889,Swiggy,Hyderabad,Laptop,No,Normal Transaction
901835,500000177,2026-05-27,03:13:14,IMPS,56302,Swiggy,Pune,Laptop,No,Normal Transaction
901836,500000004,2026-01-18,16:09:05,RTGS,67854,Swiggy,Delhi,POS,No,Normal Transaction
901837,500000056,2026-03-15,13:54:20,RTGS,96207,Reliance,Kolkata,Laptop,No,Normal Transaction
901838,500000140,2026-12-27,20:21:24,ATM,20622,Uber,Bengaluru,Mobile,No,Normal Transaction
901839,500000099,2026-09-07,23:41:59,ATM,28161,Flipkart,Delhi,Laptop,No,Normal Transaction
901840,500000131,2026-01-30,11:51:33,ATM,87904,Reliance,Bengaluru,Laptop,No,Normal Transaction
901841,500000048,2026-11-21,10:42:19,NEFT,79277,Uber,Bengaluru,ATM,No,Normal Transaction
901842,500000155,2026-07-09,18:59:09,IMPS,3231,Zomato,Bengaluru,Mobile,No,Normal Transaction
901843,500000010,2026-06-03,21:19:24,Debit Card,22416,Reliance,Mumbai,Laptop,No,Normal Transaction
901844,500000176,2026-07-19,18:51:12,NEFT,63473,Reliance,Kolkata,Mobile,No,Normal Transaction
901845,500000099,2026-05-21,16:27:31,ATM,63712,Uber,Hyderabad,POS,No,Normal Transaction
901846,500000006,2026-11-01,08:02:40,IMPS,94923,Swiggy,Hyderabad,Mobile,No,Normal Transaction
901847,500000057,2026-11-19,21:34:56,Debit Card,13402,DMart,Pune,ATM,No,Normal Transaction
901848,500000172,2026-09-25,11:31:10,ATM,57724,Reliance,Delhi,POS,No,Normal Transaction
901849,500000107,2026-10-03,18:35:00,ATM,23595,Reliance,Lucknow,Laptop,No,Normal Transaction
901850,500000167,2026-12-31,06:37:18,Debit Card,1714,Swiggy,Kolkata,ATM,No,Normal Transaction
901851,500000011,2026-07-17,13:47:06,RTGS,55972,IRCTC,Lucknow,Mobile,No,Normal Transaction
901852,500000074,2026-04-20,18:47:22,ATM,16457,Zomato,Pune,Laptop,No,Normal Transaction
901853,500000031,2026-03-28,22:17:31,UPI,81587,Reliance,Lucknow,POS,No,Normal Transaction
901854,500000030,2026-09-24,21:21:03,ATM,33188,Reliance,Lucknow,Laptop,No,Normal Transaction
901855,500000002,2026-11-30,04:56:28,RTGS,6916,DMart,Hyderabad,Laptop,No,Normal Transaction
901856,500000139,2026-08-06,05:34:08,NEFT,50280,Flipkart,Bengaluru,Mobile,Yes,Different City
901857,500000043,2026-11-24,09:28:24,UPI,23297,Amazon,Lucknow,Mobile,No,Normal Transaction
901858,500000026,2026-12-18,14:41:46,Credit Card,13901,Swiggy,Hyderabad,ATM,No,Normal Transaction
901859,500000154,2026-06-10,20:03:54,IMPS,12525,Zomato,Pune,POS,No,Normal Transaction
901860,500000170,2026-02-14,22:52:41,ATM,52961,Reliance,Kolkata,ATM,No,Normal Transaction
901861,500000128,2026-02-01,10:42:57,Debit Card,84334,Amazon,Bengaluru,Laptop,No,Normal Transaction
901862,500000011,2026-04-26,14:51:00,Credit Card,26477,Amazon,Bengaluru,Mobile,No,Normal Transaction
901863,500000145,2026-09-28,19:55:06,NEFT,19445,Amazon,Mumbai,Mobile,Yes,Midnight Transaction
901864,500000011,2026-01-09,15:06:51,Credit Card,89060,Uber,Bengaluru,Mobile,Yes,Different City
901865,500000092,2026-12-06,17:45:20,Credit Card,22677,Paytm,Lucknow,Laptop,No,Normal Transaction
901866,500000175,2026-12-18,14:16:06,NEFT,38920,Uber,Kolkata,Laptop,No,Normal Transaction
901867,500000143,2026-04-09,13:27:33,Debit Card,16375,Flipkart,Hyderabad,ATM,No,Normal Transaction
901868,500000101,2026-10-24,09:51:31,RTGS,26809,Uber,Hyderabad,ATM,No,Normal Transaction
901869,500000155,2026-07-20,04:04:36,ATM,67227,Paytm,Pune,Mobile,No,Normal Transaction
901870,500000011,2026-09-29,19:54:24,UPI,10231,PhonePe,Lucknow,Laptop,No,Normal Transaction
901871,500000137,2026-09-02,05:58:58,NEFT,14247,Flipkart,Bengaluru,POS,No,Normal Transaction
901872,500000138,2026-12-08,21:00:48,ATM,25633,Uber,Kolkata,ATM,No,Normal Transaction
901873,500000042,2026-01-12,10:42:16,RTGS,97146,Amazon,Kolkata,POS,No,Normal Transaction
901874,500000003,2026-11-09,01:08:59,Debit Card,91143,Amazon,Pune,Mobile,No,Normal Transaction
901875,500000169,2026-01-23,05:38:52,RTGS,7798,Zomato,Delhi,Mobile,No,Normal Transaction
901876,500000107,2026-11-22,16:08:26,Debit Card,55665,DMart,Hyderabad,Mobile,No,Normal Transaction
901877,500000071,2026-01-14,10:25:12,NEFT,50185,IRCTC,Lucknow,POS,No,Normal Transaction
901878,500000105,2026-12-19,10:36:53,Debit Card,57912,Paytm,Bengaluru,POS,Yes,Multiple Transactions
901879,500000095,2026-08-27,20:21:38,Debit Card,43083,Paytm,Delhi,ATM,No,Normal Transaction
901880,500000169,2026-07-10,23:21:06,ATM,48156,DMart,Bengaluru,Laptop,No,Normal Transaction
901881,500000063,2026-04-06,00:10:48,IMPS,16488,Zomato,Pune,Laptop,No,Normal Transaction
901882,500000141,2026-07-02,18:24:03,NEFT,19842,DMart,Pune,ATM,No,Normal Transaction
901883,500000052,2026-12-18,04:25:34,RTGS,32298,IRCTC,Kolkata,Laptop,No,Normal Transaction
901884,500000138,2026-06-24,11:47:42,Credit Card,68095,IRCTC,Bengaluru,Laptop,No,Normal Transaction
901885,500000007,2026-01-27,02:32:46,Credit Card,31890,Zomato,Kolkata,Laptop,No,Normal Transaction
901886,500000072,2026-04-08,19:25:08,Debit Card,28240,Uber,Kolkata,ATM,No,Normal Transaction
901887,500000113,2026-01-14,05:48:33,Credit Card,27738,Flipkart,Lucknow,ATM,No,Normal Transaction
901888,500000115,2026-06-10,06:35:46,UPI,73976,Paytm,Mumbai,POS,No,Normal Transaction
901889,500000088,2026-09-25,11:12:29,UPI,5888,IRCTC,Mumbai,Laptop,No,Normal Transaction
901890,500000077,2026-12-28,15:07:07,IMPS,55708,Swiggy,Lucknow,Laptop,No,Normal Transaction
901891,500000148,2026-08-21,03:12:17,Debit Card,60344,Swiggy,Lucknow,Mobile,No,Normal Transaction
901892,500000062,2026-11-12,03:02:49,IMPS,29487,DMart,Kolkata,Mobile,No,Normal Transaction
901893,500000104,2026-08-22,22:34:51,Debit Card,45775,Paytm,Lucknow,ATM,No,Normal Transaction
901894,500000092,2026-09-05,12:23:52,Debit Card,12811,Flipkart,Delhi,POS,No,Normal Transaction
901895,500000069,2026-04-12,02:19:15,Debit Card,55481,Flipkart,Hyderabad,ATM,No,Normal Transaction
901896,500000157,2026-04-02,23:28:42,ATM,1821,Paytm,Hyderabad,Mobile,Yes,Multiple Transactions
901897,500000152,2026-02-01,03:50:47,ATM,74713,Reliance,Mumbai,Mobile,No,Normal Transaction
901898,500000053,2026-05-05,17:53:04,NEFT,91618,Amazon,Mumbai,Mobile,No,Normal Transaction
901899,500000179,2026-10-30,19:48:38,NEFT,19194,DMart,Bengaluru,Laptop,No,Normal Transaction
901900,500000121,2026-10-23,05:28:58,RTGS,48342,Paytm,Delhi,Laptop,No,Normal Transaction
901901,500000165,2026-08-14,03:33:32,Debit Card,17844,Reliance,Mumbai,Mobile,No,Normal Transaction
901902,500000066,2026-08-06,05:16:09,Debit Card,75828,PhonePe,Mumbai,POS,No,Normal Transaction
901903,500000109,2026-09-19,22:14:03,ATM,68512,Reliance,Bengaluru,Laptop,No,Normal Transaction
901904,500000014,2026-03-23,14:40:21,Credit Card,84530,Flipkart,Mumbai,Mobile,No,Normal Transaction
901905,500000009,2026-02-26,19:42:59,Debit Card,26475,Zomato,Hyderabad,ATM,No,Normal Transaction
901906,500000056,2026-08-26,12:28:35,NEFT,56956,Paytm,Mumbai,POS,No,Normal Transaction
901907,500000077,2026-02-21,01:48:57,NEFT,57285,Uber,Pune,Laptop,No,Normal Transaction
901908,500000107,2026-09-16,13:30:01,Credit Card,70046,Reliance,Mumbai,POS,No,Normal Transaction
901909,500000172,2026-11-09,15:29:48,UPI,54265,Uber,Bengaluru,Mobile,No,Normal Transaction
901910,500000050,2026-07-09,01:23:24,UPI,96083,Flipkart,Lucknow,POS,No,Normal Transaction
901911,500000138,2026-10-16,21:44:06,RTGS,97253,Flipkart,Pune,Mobile,No,Normal Transaction
901912,500000169,2026-07-21,02:24:17,IMPS,758,Uber,Bengaluru,Laptop,No,Normal Transaction
901913,500000083,2026-04-28,01:56:44,RTGS,81237,Zomato,Delhi,POS,No,Normal Transaction
901914,500000160,2026-04-17,23:46:30,NEFT,2925,DMart,Mumbai,Laptop,Yes,Midnight Transaction
901915,500000160,2026-03-21,08:18:44,RTGS,39563,PhonePe,Pune,ATM,No,Normal Transaction
901916,500000040,2026-08-04,04:17:02,Debit Card,97049,Swiggy,Pune,ATM,No,Normal Transaction
901917,500000023,2026-03-13,15:19:45,NEFT,42808,Amazon,Bengaluru,POS,No,Normal Transaction
901918,500000112,2026-01-13,01:10:11,Credit Card,29124,Zomato,Lucknow,Mobile,No,Normal Transaction
901919,500000026,2026-10-07,12:21:15,ATM,6164,PhonePe,Hyderabad,Laptop,No,Normal Transaction
901920,500000028,2026-03-02,11:34:47,RTGS,31736,IRCTC,Pune,ATM,No,Normal Transaction
901921,500000168,2026-07-29,17:56:17,NEFT,8930,Amazon,Lucknow,Mobile,No,Normal Transaction
901922,500000099,2026-01-14,03:50:40,ATM,78244,Zomato,Mumbai,Mobile,No,Normal Transaction
901923,500000121,2026-09-17,15:42:43,Credit Card,17471,Zomato,Bengaluru,Laptop,No,Normal Transaction
901924,500000136,2026-09-19,17:16:09,UPI,28345,PhonePe,Kolkata,Mobile,No,Normal Transaction
901925,500000044,2026-01-06,05:24:00,UPI,26813,Amazon,Pune,POS,No,Normal Transaction
901926,500000036,2026-09-01,07:36:56,IMPS,1061,PhonePe,Hyderabad,ATM,No,Normal Transaction
901927,500000136,2026-02-12,17:08:47,Debit Card,25403,IRCTC,Bengaluru,Mobile,No,Normal Transaction
901928,500000005,2026-03-13,04:52:40,UPI,70553,Flipkart,Delhi,ATM,No,Normal Transaction
901929,500000180,2026-12-29,20:03:04,NEFT,65908,Zomato,Delhi,POS,No,Normal Transaction
901930,500000162,2026-04-18,19:05:05,NEFT,70291,Paytm,Bengaluru,Mobile,No,Normal Transaction
901931,500000128,2026-06-06,15:02:56,RTGS,58501,Uber,Kolkata,Laptop,No,Normal Transaction
901932,500000086,2026-07-17,11:05:39,ATM,81917,Flipkart,Mumbai,Mobile,No,Normal Transaction
901933,500000032,2026-03-23,12:44:50,Debit Card,971,DMart,Pune,ATM,No,Normal Transaction
901934,500000160,2026-09-03,19:52:22,Debit Card,76875,Swiggy,Hyderabad,ATM,No,Normal Transaction
901935,500000049,2026-07-17,05:54:16,UPI,9201,Amazon,Kolkata,ATM,No,Normal Transaction
901936,500000150,2026-05-23,11:50:04,Debit Card,29154,Flipkart,Kolkata,POS,No,Normal Transaction
901937,500000089,2026-03-06,20:05:14,IMPS,56734,Reliance,Hyderabad,POS,No,Normal Transaction
901938,500000179,2026-05-19,18:49:30,Debit Card,59636,Amazon,Kolkata,Mobile,No,Normal Transaction
901939,500000001,2026-09-27,21:33:47,Debit Card,51232,PhonePe,Pune,Mobile,No,Normal Transaction
901940,500000102,2026-12-22,16:10:43,ATM,38408,Reliance,Hyderabad,POS,No,Normal Transaction
901941,500000162,2026-10-06,02:32:57,RTGS,17182,DMart,Kolkata,ATM,No,Normal Transaction
901942,500000044,2026-09-01,05:52:28,Credit Card,93913,Paytm,Bengaluru,POS,Yes,High Amount
901943,500000074,2026-02-04,07:08:28,Debit Card,29279,Swiggy,Lucknow,Mobile,No,Normal Transaction
901944,500000087,2026-02-09,10:28:40,NEFT,44408,Reliance,Bengaluru,Mobile,No,Normal Transaction
901945,500000108,2026-07-09,07:37:08,UPI,21850,PhonePe,Lucknow,POS,No,Normal Transaction
901946,500000018,2026-07-21,09:45:19,ATM,49838,PhonePe,Hyderabad,POS,No,Normal Transaction
901947,500000014,2026-03-11,03:07:42,Debit Card,38955,DMart,Lucknow,ATM,No,Normal Transaction
901948,500000038,2026-03-06,10:13:27,RTGS,12212,IRCTC,Pune,POS,No,Normal Transaction
901949,500000086,2026-07-07,03:04:17,NEFT,81757,Zomato,Hyderabad,Laptop,No,Normal Transaction
901950,500000043,2026-01-27,17:26:16,Debit Card,46107,Reliance,Bengaluru,POS,No,Normal Transaction
901951,500000126,2026-05-11,11:00:33,RTGS,33443,Flipkart,Bengaluru,Laptop,No,Normal Transaction
901952,500000010,2026-10-09,15:53:15,NEFT,37555,Uber,Hyderabad,Laptop,No,Normal Transaction
901953,500000161,2026-06-22,13:49:31,IMPS,26133,Zomato,Hyderabad,POS,No,Normal Transaction
901954,500000074,2026-12-06,11:35:11,Debit Card,35803,IRCTC,Kolkata,ATM,No,Normal Transaction
901955,500000103,2026-12-08,04:45:11,RTGS,71541,PhonePe,Hyderabad,ATM,No,Normal Transaction
901956,500000179,2026-06-13,05:03:33,UPI,5567,IRCTC,Mumbai,Laptop,No,Normal Transaction
901957,500000091,2026-12-09,19:09:55,Credit Card,19372,PhonePe,Bengaluru,ATM,No,Normal Transaction
901958,500000068,2026-01-22,02:19:00,Credit Card,70312,Uber,Hyderabad,ATM,No,Normal Transaction
901959,500000103,2026-01-24,01:05:44,ATM,92026,DMart,Pune,ATM,No,Normal Transaction
901960,500000097,2026-12-01,16:27:30,ATM,8496,Amazon,Bengaluru,ATM,No,Normal Transaction
901961,500000074,2026-04-12,08:19:02,IMPS,2186,DMart,Mumbai,Mobile,No,Normal Transaction
901962,500000133,2026-12-01,14:12:03,UPI,65553,DMart,Hyderabad,POS,No,Normal Transaction
901963,500000056,2026-11-14,19:11:05,Debit Card,43103,Amazon,Hyderabad,Mobile,No,Normal Transaction
901964,500000096,2026-09-20,13:51:18,Credit Card,29501,IRCTC,Delhi,Mobile,No,Normal Transaction
901965,500000104,2026-09-03,04:32:00,RTGS,92491,Amazon,Kolkata,Laptop,No,Normal Transaction
901966,500000106,2027-01-01,16:34:56,Debit Card,14988,PhonePe,Lucknow,Laptop,No,Normal Transaction
901967,500000137,2026-09-22,09:03:33,RTGS,91330,Flipkart,Mumbai,ATM,No,Normal Transaction
901968,500000027,2026-06-09,19:14:20,UPI,63447,Reliance,Mumbai,ATM,No,Normal Transaction
901969,500000069,2026-06-20,19:00:33,NEFT,62814,Reliance,Hyderabad,ATM,No,Normal Transaction
901970,500000037,2026-03-18,07:40:13,ATM,9054,Flipkart,Delhi,Mobile,No,Normal Transaction
901971,500000090,2026-08-03,00:40:55,Credit Card,96560,DMart,Hyderabad,Laptop,No,Normal Transaction
901972,500000112,2026-01-08,10:08:06,Credit Card,91876,Flipkart,Bengaluru,POS,No,Normal Transaction
901973,500000008,2026-07-02,04:41:50,ATM,90212,Swiggy,Mumbai,Mobile,No,Normal Transaction
901974,500000139,2026-04-21,02:04:24,UPI,47734,Flipkart,Kolkata,Laptop,No,Normal Transaction
901975,500000048,2026-01-05,13:38:58,Credit Card,76532,Amazon,Mumbai,Mobile,No,Normal Transaction
901976,500000021,2027-01-01,00:15:31,Credit Card,8520,Uber,Bengaluru,POS,No,Normal Transaction
901977,500000012,2026-07-03,21:44:18,RTGS,13700,Uber,Pune,POS,No,Normal Transaction
901978,500000158,2026-08-14,05:18:10,ATM,65502,Flipkart,Lucknow,ATM,No,Normal Transaction
901979,500000114,2026-06-06,12:40:47,ATM,42367,Zomato,Mumbai,Mobile,No,Normal Transaction
901980,500000176,2026-10-03,16:01:29,Debit Card,88524,Paytm,Kolkata,POS,No,Normal Transaction
901981,500000105,2026-05-09,21:26:57,UPI,93312,PhonePe,Hyderabad,Mobile,No,Normal Transaction
901982,500000098,2026-06-22,03:04:52,UPI,55305,DMart,Mumbai,POS,No,Normal Transaction
901983,500000123,2026-04-10,08:12:25,NEFT,59207,DMart,Hyderabad,Laptop,No,Normal Transaction
901984,500000045,2026-02-23,01:12:38,Credit Card,2882,Paytm,Kolkata,Mobile,No,Normal Transaction
901985,500000173,2026-03-20,00:18:06,UPI,54168,Reliance,Lucknow,Mobile,No,Normal Transaction
901986,500000033,2026-06-14,08:19:02,Debit Card,2041,Amazon,Delhi,ATM,No,Normal Transaction
901987,500000088,2026-07-30,08:46:55,NEFT,68331,Reliance,Hyderabad,Mobile,No,Normal Transaction
901988,500000026,2026-08-13,07:20:50,ATM,2495,Uber,Lucknow,Mobile,No,Normal Transaction
901989,500000178,2026-03-02,02:16:19,Credit Card,88670,Reliance,Bengaluru,ATM,No,Normal Transaction
901990,500000094,2026-12-02,22:10:11,UPI,99769,PhonePe,Mumbai,ATM,No,Normal Transaction
901991,500000166,2026-09-17,08:39:43,Debit Card,49171,PhonePe,Bengaluru,ATM,No,Normal Transaction
901992,500000137,2026-05-03,22:14:42,IMPS,45099,IRCTC,Lucknow,Mobile,No,Normal Transaction
901993,500000056,2026-02-02,12:02:14,Debit Card,94496,DMart,Delhi,Laptop,No,Normal Transaction
901994,500000002,2026-10-12,19:45:26,IMPS,35607,Uber,Pune,ATM,No,Normal Transaction
901995,500000138,2026-03-15,03:06:50,Debit Card,2833,Paytm,Hyderabad,POS,No,Normal Transaction
901996,500000106,2026-05-03,10:38:12,NEFT,78155,Amazon,Mumbai,POS,No,Normal Transaction
901997,500000104,2026-11-08,07:15:09,Credit Card,75492,Zomato,Hyderabad,ATM,No,Normal Transaction
901998,500000086,2026-06-28,12:24:35,NEFT,41853,PhonePe,Delhi,Mobile,No,Normal Transaction
901999,500000085,2026-09-18,00:54:17,UPI,9499,Reliance,Pune,Mobile,No,Normal Transaction
902000,500000096,2026-05-20,05:18:35,ATM,16834,DMart,Lucknow,POS,No,Normal Transaction
902001,500000110,2026-06-04,13:30:31,NEFT,30063,Reliance,Pune,Mobile,No,Normal Transaction
902002,500000072,2026-09-04,04:38:45,IMPS,79358,Swiggy,Kolkata,Laptop,No,Normal Transaction
902003,500000162,2026-06-05,00:21:46,Debit Card,7101,DMart,Lucknow,Mobile,No,Normal Transaction
902004,500000120,2026-05-15,01:53:56,RTGS,76648,Swiggy,Pune,POS,No,Normal Transaction
902005,500000093,2026-03-01,13:21:59,RTGS,34962,Uber,Mumbai,POS,No,Normal Transaction
902006,500000053,2026-11-02,06:42:39,UPI,31650,Reliance,Bengaluru,Mobile,No,Normal Transaction
902007,500000165,2026-02-07,02:40:32,ATM,389,Flipkart,Mumbai,Mobile,Yes,Midnight Transaction
902008,500000160,2026-02-15,12:29:37,UPI,83061,PhonePe,Pune,ATM,No,Normal Transaction
902009,500000077,2026-03-08,06:22:18,UPI,46511,Paytm,Bengaluru,ATM,No,Normal Transaction
902010,500000076,2026-10-02,13:11:02,IMPS,87390,Uber,Hyderabad,POS,No,Normal Transaction
902011,500000046,2026-01-17,04:01:09,IMPS,47901,Swiggy,Kolkata,ATM,No,Normal Transaction
902012,500000179,2026-02-26,20:41:59,NEFT,82351,PhonePe,Hyderabad,POS,No,Normal Transaction
902013,500000121,2026-08-03,14:43:19,NEFT,12528,Reliance,Kolkata,Mobile,No,Normal Transaction
902014,500000056,2026-04-05,23:02:59,NEFT,64884,Paytm,Mumbai,Mobile,No,Normal Transaction
902015,500000180,2026-07-19,12:46:24,Debit Card,96517,Amazon,Mumbai,Mobile,No,Normal Transaction
902016,500000179,2026-02-19,07:27:05,ATM,3689,Zomato,Bengaluru,POS,No,Normal Transaction
902017,500000010,2026-12-05,18:25:01,UPI,94728,IRCTC,Bengaluru,POS,No,Normal Transaction
902018,500000082,2026-12-29,22:07:43,ATM,82060,Swiggy,Mumbai,POS,No,Normal Transaction
902019,500000140,2026-01-10,01:05:19,Credit Card,70796,IRCTC,Lucknow,Laptop,No,Normal Transaction
902020,500000049,2026-10-24,00:25:47,Debit Card,87232,Flipkart,Bengaluru,Mobile,No,Normal Transaction
902021,500000080,2026-03-15,21:19:07,RTGS,97915,Amazon,Pune,ATM,No,Normal Transaction
902022,500000091,2026-12-07,01:24:25,Credit Card,61318,Paytm,Pune,POS,No,Normal Transaction
902023,500000060,2026-02-19,00:33:09,IMPS,42701,Reliance,Lucknow,POS,No,Normal Transaction
902024,500000054,2026-06-23,14:06:43,NEFT,30942,Zomato,Kolkata,POS,No,Normal Transaction
902025,500000142,2026-03-13,17:02:52,Credit Card,60730,Reliance,Hyderabad,Laptop,No,Normal Transaction
902026,500000045,2026-01-05,23:52:45,RTGS,20718,Swiggy,Hyderabad,ATM,No,Normal Transaction
902027,500000094,2026-09-21,08:09:03,Credit Card,92076,Uber,Lucknow,Laptop,No,Normal Transaction
902028,500000063,2026-07-06,12:54:00,ATM,58309,Amazon,Mumbai,POS,No,Normal Transaction
902029,500000166,2026-11-12,01:52:22,RTGS,38746,Uber,Lucknow,Laptop,No,Normal Transaction
902030,500000009,2026-07-10,17:52:53,Debit Card,72262,Zomato,Delhi,Mobile,No,Normal Transaction
902031,500000011,2026-09-29,19:02:47,RTGS,66885,Paytm,Bengaluru,Mobile,No,Normal Transaction
902032,500000118,2026-07-01,17:37:21,NEFT,294,Amazon,Mumbai,ATM,No,Normal Transaction
902033,500000102,2026-07-16,05:13:21,Debit Card,95677,Paytm,Delhi,Laptop,Yes,High Amount
902034,500000034,2026-01-10,15:42:54,Credit Card,51744,DMart,Kolkata,POS,No,Normal Transaction
902035,500000146,2026-03-18,22:17:05,UPI,16720,Reliance,Kolkata,POS,No,Normal Transaction
902036,500000107,2026-02-03,04:27:48,Debit Card,31370,Paytm,Lucknow,Mobile,No,Normal Transaction
902037,500000036,2026-04-03,13:02:44,Debit Card,515,DMart,Bengaluru,ATM,No,Normal Transaction
902038,500000044,2026-06-23,15:20:35,NEFT,32670,DMart,Kolkata,Mobile,No,Normal Transaction
902039,500000155,2026-02-14,06:58:46,UPI,9797,Flipkart,Pune,Laptop,No,Normal Transaction
902040,500000076,2026-07-27,15:39:09,Credit Card,1235,Uber,Lucknow,Mobile,No,Normal Transaction
902041,500000142,2026-11-28,11:27:53,UPI,369,Flipkart,Delhi,Laptop,No,Normal Transaction
902042,500000054,2026-12-20,02:16:38,Debit Card,12555,IRCTC,Bengaluru,Laptop,No,Normal Transaction
902043,500000009,2026-05-24,09:11:48,RTGS,26472,Flipkart,Bengaluru,Laptop,Yes,High Amount
902044,500000051,2026-07-20,00:29:52,Credit Card,67776,Paytm,Bengaluru,Mobile,No,Normal Transaction
902045,500000054,2026-06-22,16:40:15,IMPS,68912,IRCTC,Bengaluru,Mobile,No,Normal Transaction
902046,500000164,2026-12-20,06:23:59,Credit Card,7431,Flipkart,Bengaluru,Laptop,No,Normal Transaction
902047,500000111,2026-11-06,10:07:33,ATM,39842,DMart,Bengaluru,Mobile,No,Normal Transaction
902048,500000168,2026-07-26,16:02:58,Debit Card,66239,Amazon,Pune,Mobile,No,Normal Transaction
902049,500000030,2026-06-30,13:18:09,IMPS,62440,Flipkart,Delhi,POS,Yes,High Amount
902050,500000176,2026-12-18,04:33:00,IMPS,96397,Paytm,Pune,Laptop,No,Normal Transaction
902051,500000146,2026-11-18,10:19:31,ATM,92441,Zomato,Kolkata,ATM,No,Normal Transaction
902052,500000145,2026-08-04,13:12:38,NEFT,78735,Amazon,Hyderabad,ATM,No,Normal Transaction
902053,500000014,2026-04-30,15:21:40,Credit Card,94195,DMart,Mumbai,ATM,No,Normal Transaction
902054,500000007,2026-08-06,03:10:57,NEFT,73841,DMart,Hyderabad,Mobile,No,Normal Transaction
902055,500000043,2026-11-21,20:14:27,ATM,49846,Flipkart,Pune,POS,Yes,Midnight Transaction
902056,500000046,2026-10-16,15:14:41,Credit Card,70691,Zomato,Pune,ATM,No,Normal Transaction
902057,500000116,2026-08-25,20:13:53,UPI,4111,Paytm,Hyderabad,POS,No,Normal Transaction
902058,500000143,2026-07-02,12:59:26,ATM,47028,IRCTC,Mumbai,Mobile,No,Normal Transaction
902059,500000053,2026-05-08,01:16:24,NEFT,95548,Uber,Pune,Mobile,Yes,Different City
902060,500000047,2026-10-08,08:44:08,Debit Card,61931,Flipkart,Bengaluru,Mobile,No,Normal Transaction
902061,500000149,2026-03-03,11:09:45,ATM,89223,IRCTC,Mumbai,POS,No,Normal Transaction
902062,500000041,2026-10-26,10:36:05,Credit Card,96684,Flipkart,Lucknow,POS,No,Normal Transaction
902063,500000008,2026-09-03,22:00:47,RTGS,43269,Flipkart,Pune,Mobile,No,Normal Transaction
902064,500000059,2026-12-06,18:33:44,ATM,43515,Paytm,Pune,Laptop,No,Normal Transaction
902065,500000115,2026-06-25,04:52:36,Credit Card,3467,DMart,Kolkata,ATM,No,Normal Transaction
902066,500000140,2026-01-20,15:56:04,UPI,36101,IRCTC,Delhi,ATM,No,Normal Transaction
902067,500000150,2026-01-12,00:50:42,IMPS,85583,Amazon,Bengaluru,Laptop,No,Normal Transaction
902068,500000149,2026-11-09,06:30:27,RTGS,84169,Uber,Pune,ATM,No,Normal Transaction
902069,500000160,2026-07-02,03:36:50,Credit Card,21947,DMart,Pune,POS,No,Normal Transaction
902070,500000008,2026-08-18,20:46:01,ATM,14489,Swiggy,Mumbai,Laptop,No,Normal Transaction
902071,500000018,2026-11-04,14:19:33,RTGS,12900,Reliance,Hyderabad,Laptop,Yes,Midnight Transaction
902072,500000099,2026-06-12,21:21:23,NEFT,41123,Paytm,Hyderabad,Mobile,No,Normal Transaction
902073,500000155,2026-05-11,05:24:38,RTGS,46985,PhonePe,Kolkata,ATM,No,Normal Transaction
902074,500000034,2026-10-13,12:49:38,Debit Card,76178,IRCTC,Kolkata,Mobile,No,Normal Transaction
902075,500000161,2026-04-08,22:26:53,ATM,55592,Zomato,Hyderabad,Laptop,No,Normal Transaction
902076,500000070,2026-06-06,00:31:19,RTGS,6312,Flipkart,Pune,Mobile,No,Normal Transaction
902077,500000166,2026-11-07,22:19:55,RTGS,30067,Amazon,Kolkata,ATM,No,Normal Transaction
902078,500000150,2026-08-03,06:01:35,RTGS,91823,PhonePe,Hyderabad,Mobile,No,Normal Transaction
902079,500000093,2026-07-09,16:36:03,IMPS,10302,PhonePe,Bengaluru,Laptop,No,Normal Transaction
902080,500000141,2026-11-13,16:22:01,Debit Card,87089,Uber,Delhi,ATM,No,Normal Transaction
902081,500000014,2026-04-02,15:06:27,IMPS,36359,Zomato,Bengaluru,Mobile,No,Normal Transaction
902082,500000147,2026-05-17,13:15:57,Credit Card,84399,Paytm,Hyderabad,ATM,No,Normal Transaction
902083,500000118,2026-01-12,13:51:04,UPI,58808,Paytm,Delhi,POS,No,Normal Transaction
902084,500000048,2026-09-24,12:20:19,Debit Card,35779,DMart,Lucknow,Laptop,No,Normal Transaction
902085,500000018,2026-12-11,12:27:31,UPI,17186,Amazon,Kolkata,Laptop,No,Normal Transaction
902086,500000004,2026-06-27,11:08:12,Credit Card,77877,Swiggy,Delhi,Laptop,No,Normal Transaction
902087,500000116,2026-05-17,18:44:39,UPI,79015,Zomato,Pune,ATM,No,Normal Transaction
902088,500000159,2026-06-05,13:00:07,ATM,1532,Uber,Hyderabad,ATM,No,Normal Transaction
902089,500000009,2026-08-02,09:35:24,RTGS,90571,Paytm,Delhi,Laptop,No,Normal Transaction
902090,500000057,2026-03-13,05:16:01,IMPS,86126,PhonePe,Delhi,POS,No,Normal Transaction
902091,500000073,2026-07-17,02:38:22,NEFT,41154,Zomato,Pune,Laptop,No,Normal Transaction
902092,500000057,2026-01-24,16:53:27,IMPS,21244,Reliance,Bengaluru,ATM,No,Normal Transaction
902093,500000162,2026-04-09,00:32:45,Debit Card,66901,IRCTC,Kolkata,Laptop,No,Normal Transaction
902094,500000129,2026-05-16,12:21:42,Credit Card,41976,Swiggy,Hyderabad,POS,No,Normal Transaction
902095,500000138,2026-08-31,17:17:57,IMPS,68700,Amazon,Kolkata,Mobile,No,Normal Transaction
902096,500000007,2026-09-04,05:20:18,NEFT,48941,Paytm,Hyderabad,ATM,No,Normal Transaction
902097,500000046,2026-11-28,08:03:13,RTGS,26161,Flipkart,Pune,Laptop,No,Normal Transaction
902098,500000051,2026-10-30,07:28:54,RTGS,28966,PhonePe,Delhi,ATM,No,Normal Transaction
902099,500000146,2026-11-13,16:12:28,NEFT,87357,DMart,Hyderabad,ATM,No,Normal Transaction
902100,500000019,2026-11-01,09:52:17,Debit Card,46273,Flipkart,Kolkata,POS,No,Normal Transaction
902101,500000049,2026-07-06,06:15:13,Credit Card,49304,Zomato,Pune,Mobile,No,Normal Transaction
902102,500000048,2026-06-07,07:13:05,NEFT,60711,DMart,Pune,POS,No,Normal Transaction
902103,500000133,2026-09-15,07:06:56,ATM,51718,Flipkart,Mumbai,Mobile,No,Normal Transaction
902104,500000114,2026-01-30,03:58:43,Debit Card,10389,Amazon,Lucknow,Mobile,No,Normal Transaction
902105,500000147,2026-02-17,01:38:04,NEFT,25081,Uber,Bengaluru,POS,No,Normal Transaction
902106,500000135,2026-05-23,17:23:00,Credit Card,15248,PhonePe,Pune,Mobile,Yes,Midnight Transaction
902107,500000115,2026-04-21,19:38:54,RTGS,33234,Zomato,Mumbai,Mobile,No,Normal Transaction
902108,500000114,2026-01-12,17:52:14,IMPS,36543,Zomato,Pune,Mobile,No,Normal Transaction
902109,500000018,2026-07-17,11:41:58,Credit Card,30837,Amazon,Kolkata,Laptop,No,Normal Transaction
902110,500000113,2026-08-28,05:32:02,NEFT,92317,Zomato,Lucknow,Mobile,No,Normal Transaction
902111,500000049,2026-01-21,16:18:47,Credit Card,19711,Reliance,Lucknow,Laptop,No,Normal Transaction
902112,500000114,2026-01-14,23:14:38,UPI,1537,Swiggy,Mumbai,Laptop,No,Normal Transaction
902113,500000092,2026-05-25,18:25:58,Credit Card,78248,Uber,Pune,ATM,No,Normal Transaction
902114,500000013,2026-11-18,05:05:15,ATM,49339,Flipkart,Lucknow,Laptop,No,Normal Transaction
902115,500000110,2026-04-23,16:03:52,NEFT,18499,Flipkart,Pune,ATM,No,Normal Transaction
902116,500000121,2026-04-25,14:07:46,RTGS,62660,IRCTC,Mumbai,ATM,No,Normal Transaction
902117,500000018,2026-09-11,06:17:57,NEFT,54544,Flipkart,Pune,ATM,No,Normal Transaction
902118,500000153,2026-10-24,07:24:32,Debit Card,85677,Amazon,Delhi,POS,No,Normal Transaction
902119,500000148,2026-05-09,01:45:50,Credit Card,54941,Zomato,Mumbai,Laptop,No,Normal Transaction
902120,500000047,2026-07-08,10:59:18,IMPS,76008,PhonePe,Delhi,Laptop,No,Normal Transaction
902121,500000153,2026-02-27,01:17:20,Credit Card,92320,Reliance,Delhi,ATM,No,Normal Transaction
902122,500000077,2026-03-22,22:53:44,Credit Card,63285,IRCTC,Mumbai,POS,No,Normal Transaction
902123,500000088,2026-11-08,14:54:26,Credit Card,16400,Paytm,Kolkata,POS,No,Normal Transaction
902124,500000003,2026-04-13,12:06:49,Debit Card,94688,Flipkart,Lucknow,Mobile,No,Normal Transaction
902125,500000051,2026-05-09,18:12:45,UPI,58583,Uber,Pune,Laptop,No,Normal Transaction
902126,500000030,2026-06-23,16:15:12,NEFT,14337,Amazon,Pune,ATM,Yes,High Amount
902127,500000077,2026-06-01,00:49:10,UPI,57994,DMart,Delhi,ATM,No,Normal Transaction
902128,500000109,2026-06-19,00:23:36,ATM,7120,Flipkart,Delhi,Laptop,No,Normal Transaction
902129,500000015,2026-09-19,14:43:27,Credit Card,74497,IRCTC,Hyderabad,ATM,No,Normal Transaction
902130,500000039,2026-04-17,01:30:13,UPI,54783,Zomato,Lucknow,Laptop,No,Normal Transaction
902131,500000046,2026-05-01,02:46:11,Debit Card,4479,IRCTC,Bengaluru,POS,No,Normal Transaction
902132,500000149,2026-07-02,06:58:24,ATM,2126,Paytm,Delhi,POS,No,Normal Transaction
902133,500000061,2026-10-15,06:47:37,IMPS,67863,Zomato,Mumbai,ATM,No,Normal Transaction
902134,500000030,2026-04-25,16:18:44,ATM,84089,Reliance,Delhi,POS,No,Normal Transaction
902135,500000179,2026-04-16,08:24:22,RTGS,1290,Paytm,Pune,POS,No,Normal Transaction
902136,500000131,2026-08-18,01:38:35,NEFT,16800,Zomato,Bengaluru,Mobile,No,Normal Transaction
902137,500000032,2026-11-12,07:36:05,IMPS,1733,Paytm,Lucknow,Laptop,No,Normal Transaction
902138,500000091,2026-11-18,06:47:25,ATM,40534,Zomato,Kolkata,Mobile,No,Normal Transaction
902139,500000044,2026-02-26,10:27:47,Credit Card,9089,Amazon,Kolkata,ATM,No,Normal Transaction
902140,500000073,2026-08-19,01:29:09,RTGS,31235,Reliance,Mumbai,Mobile,No,Normal Transaction
902141,500000012,2026-08-18,16:40:11,NEFT,4281,Flipkart,Kolkata,Laptop,No,Normal Transaction
902142,500000135,2026-06-10,09:57:47,Debit Card,21093,Reliance,Pune,Mobile,No,Normal Transaction
902143,500000069,2026-11-07,01:02:26,Credit Card,44785,Amazon,Mumbai,ATM,No,Normal Transaction
902144,500000004,2026-01-29,04:06:46,IMPS,54356,DMart,Bengaluru,Mobile,No,Normal Transaction
902145,500000137,2026-02-01,20:26:45,Debit Card,56297,Uber,Delhi,ATM,No,Normal Transaction
902146,500000082,2026-08-21,13:50:05,Credit Card,52602,Paytm,Mumbai,Mobile,No,Normal Transaction
902147,500000021,2026-09-16,03:12:20,NEFT,58589,Zomato,Hyderabad,Laptop,No,Normal Transaction
902148,500000127,2026-10-21,04:19:28,RTGS,78364,Paytm,Bengaluru,Laptop,Yes,Midnight Transaction
902149,500000112,2026-12-15,22:31:17,Debit Card,43282,Zomato,Bengaluru,ATM,No,Normal Transaction
902150,500000152,2026-10-31,14:32:19,NEFT,18719,Paytm,Kolkata,ATM,No,Normal Transaction
902151,500000109,2026-10-10,06:56:22,UPI,33589,Paytm,Hyderabad,POS,No,Normal Transaction
902152,500000069,2026-03-19,06:27:27,ATM,50625,DMart,Kolkata,Mobile,No,Normal Transaction
902153,500000053,2026-04-19,10:52:42,NEFT,65169,Flipkart,Kolkata,Laptop,No,Normal Transaction
902154,500000072,2026-08-02,03:18:34,UPI,53454,Flipkart,Bengaluru,Mobile,No,Normal Transaction
902155,500000083,2026-12-23,23:22:02,Credit Card,2470,Amazon,Pune,Laptop,No,Normal Transaction
902156,500000159,2026-11-24,01:26:39,UPI,66672,PhonePe,Mumbai,Laptop,No,Normal Transaction
902157,500000125,2026-07-16,21:46:44,Debit Card,83885,Swiggy,Delhi,Mobile,No,Normal Transaction
902158,500000042,2026-02-05,18:00:37,ATM,17710,Uber,Pune,Mobile,No,Normal Transaction
902159,500000107,2026-11-16,00:34:21,RTGS,41087,Zomato,Lucknow,Laptop,No,Normal Transaction
902160,500000080,2026-12-14,20:11:12,UPI,72038,Uber,Kolkata,POS,No,Normal Transaction
902161,500000024,2026-10-31,21:03:34,Debit Card,96003,DMart,Bengaluru,Laptop,No,Normal Transaction
902162,500000048,2026-01-09,11:40:56,UPI,18687,PhonePe,Bengaluru,ATM,No,Normal Transaction
902163,500000086,2026-10-14,20:19:19,NEFT,78574,IRCTC,Mumbai,Mobile,No,Normal Transaction
902164,500000025,2026-05-12,23:21:24,Debit Card,45164,DMart,Lucknow,POS,Yes,High Amount
902165,500000150,2026-06-24,23:54:30,Credit Card,11165,Flipkart,Mumbai,ATM,No,Normal Transaction
902166,500000178,2026-11-14,05:24:47,ATM,8937,Amazon,Delhi,Laptop,Yes,Different City
902167,500000062,2026-03-16,19:59:49,ATM,31148,Amazon,Pune,POS,No,Normal Transaction
902168,500000035,2026-02-11,15:19:32,Debit Card,17117,Swiggy,Delhi,Laptop,No,Normal Transaction
902169,500000009,2026-10-29,22:05:07,Credit Card,51581,Reliance,Delhi,ATM,No,Normal Transaction
902170,500000093,2026-01-16,01:52:45,Credit Card,79175,IRCTC,Pune,POS,No,Normal Transaction
902171,500000145,2026-07-01,02:32:16,NEFT,44548,Paytm,Kolkata,Laptop,No,Normal Transaction
902172,500000158,2026-02-19,16:20:25,RTGS,89348,DMart,Kolkata,Laptop,No,Normal Transaction
902173,500000176,2026-04-04,00:16:13,UPI,59108,Amazon,Mumbai,Laptop,No,Normal Transaction
902174,500000088,2027-01-01,05:02:19,UPI,30510,Uber,Delhi,Laptop,No,Normal Transaction
902175,500000026,2026-11-23,11:16:34,IMPS,91552,IRCTC,Mumbai,ATM,No,Normal Transaction
902176,500000016,2026-07-08,11:05:37,Credit Card,48520,Reliance,Delhi,Laptop,No,Normal Transaction
902177,500000054,2026-10-31,23:32:32,NEFT,64315,Zomato,Hyderabad,ATM,No,Normal Transaction
902178,500000038,2026-12-16,00:55:24,ATM,37645,Paytm,Bengaluru,Laptop,No,Normal Transaction
902179,500000057,2026-05-04,03:35:34,NEFT,6325,Flipkart,Pune,ATM,No,Normal Transaction
902180,500000070,2026-02-23,16:34:00,RTGS,36134,Uber,Hyderabad,Mobile,No,Normal Transaction
902181,500000160,2026-09-18,23:14:48,NEFT,80310,Zomato,Lucknow,ATM,No,Normal Transaction
902182,500000083,2026-03-23,22:48:29,UPI,35694,Paytm,Kolkata,Mobile,No,Normal Transaction
902183,500000053,2026-09-29,02:20:13,Debit Card,28769,DMart,Mumbai,ATM,No,Normal Transaction
902184,500000007,2026-01-16,20:55:31,ATM,56486,Amazon,Kolkata,Laptop,No,Normal Transaction
902185,500000084,2026-12-11,17:48:53,ATM,45783,Amazon,Bengaluru,Laptop,Yes,High Amount
902186,500000136,2026-03-03,17:00:27,RTGS,28844,PhonePe,Lucknow,POS,No,Normal Transaction
902187,500000019,2026-04-26,18:55:34,NEFT,62716,Zomato,Delhi,ATM,No,Normal Transaction
902188,500000087,2026-08-15,10:13:29,IMPS,99165,Swiggy,Kolkata,Mobile,No,Normal Transaction
902189,500000077,2026-10-29,01:21:47,ATM,19521,PhonePe,Hyderabad,ATM,No,Normal Transaction
902190,500000125,2026-07-04,19:55:03,Debit Card,65367,Reliance,Bengaluru,POS,No,Normal Transaction
902191,500000128,2026-04-19,07:23:24,NEFT,40739,DMart,Pune,Laptop,No,Normal Transaction
902192,500000095,2026-08-21,04:02:55,Credit Card,21083,Flipkart,Kolkata,POS,Yes,Midnight Transaction
902193,500000046,2026-09-09,11:37:40,RTGS,10518,Amazon,Hyderabad,Laptop,No,Normal Transaction
902194,500000175,2026-09-30,13:04:04,UPI,63537,PhonePe,Kolkata,Laptop,No,Normal Transaction
902195,500000021,2026-11-24,07:37:58,UPI,66238,Swiggy,Delhi,ATM,No,Normal Transaction
902196,500000118,2026-11-18,12:47:46,NEFT,23802,Paytm,Lucknow,POS,No,Normal Transaction
902197,500000093,2026-07-13,02:02:40,Credit Card,86781,DMart,Kolkata,Mobile,No,Normal Transaction
902198,500000118,2026-11-01,00:02:05,RTGS,21108,Reliance,Lucknow,Mobile,No,Normal Transaction
902199,500000034,2026-06-28,16:35:32,Credit Card,16734,Reliance,Pune,ATM,No,Normal Transaction
902200,500000046,2026-06-12,16:29:37,ATM,87254,Amazon,Delhi,Laptop,No,Normal Transaction
902201,500000036,2026-05-22,09:48:27,Credit Card,28462,DMart,Delhi,POS,No,Normal Transaction
902202,500000025,2026-03-02,22:13:44,UPI,44520,Zomato,Hyderabad,Mobile,No,Normal Transaction
902203,500000112,2026-09-07,19:05:04,NEFT,62701,Swiggy,Delhi,ATM,No,Normal Transaction
902204,500000047,2026-03-27,23:57:01,Debit Card,29966,Uber,Pune,Mobile,No,Normal Transaction
902205,500000058,2026-02-19,07:28:16,NEFT,53310,DMart,Mumbai,Laptop,No,Normal Transaction
902206,500000032,2026-05-06,05:55:56,Debit Card,97234,Uber,Kolkata,ATM,No,Normal Transaction
902207,500000042,2026-09-26,08:54:38,UPI,56266,Uber,Pune,Mobile,No,Normal Transaction
902208,500000102,2026-09-07,12:49:05,UPI,88196,Amazon,Kolkata,Mobile,No,Normal Transaction
902209,500000081,2026-09-16,09:55:40,ATM,54020,Reliance,Mumbai,Laptop,No,Normal Transaction
902210,500000013,2026-03-28,21:48:27,ATM,62190,Swiggy,Delhi,ATM,Yes,Midnight Transaction
902211,500000089,2026-02-17,08:22:55,NEFT,59753,Flipkart,Pune,Mobile,No,Normal Transaction
902212,500000171,2026-07-03,15:51:41,RTGS,45758,Flipkart,Pune,Mobile,No,Normal Transaction
902213,500000158,2026-10-06,04:21:19,IMPS,55294,Amazon,Lucknow,Mobile,No,Normal Transaction
902214,500000147,2026-04-07,06:17:55,Debit Card,97284,Uber,Delhi,ATM,No,Normal Transaction
902215,500000096,2026-05-15,22:48:46,UPI,51617,Reliance,Mumbai,Mobile,No,Normal Transaction
902216,500000116,2026-08-18,01:23:33,Debit Card,32820,Flipkart,Pune,Mobile,No,Normal Transaction
902217,500000004,2026-01-19,09:11:31,UPI,19427,Flipkart,Hyderabad,ATM,No,Normal Transaction
902218,500000021,2026-07-04,02:28:19,Debit Card,37157,Swiggy,Bengaluru,Mobile,No,Normal Transaction
902219,500000026,2026-01-08,06:38:24,RTGS,93776,Amazon,Pune,Mobile,No,Normal Transaction
902220,500000023,2026-05-29,23:13:57,NEFT,9863,PhonePe,Bengaluru,ATM,No,Normal Transaction
902221,500000050,2026-11-08,10:57:59,NEFT,77927,Reliance,Mumbai,ATM,No,Normal Transaction
902222,500000108,2026-09-28,05:33:54,RTGS,55358,Paytm,Hyderabad,Mobile,No,Normal Transaction
902223,500000138,2026-12-12,03:01:21,IMPS,8317,Uber,Delhi,POS,No,Normal Transaction
902224,500000067,2026-11-14,03:38:20,Credit Card,96069,Flipkart,Pune,ATM,No,Normal Transaction
902225,500000080,2026-02-16,17:44:59,ATM,5331,Flipkart,Hyderabad,POS,No,Normal Transaction
902226,500000177,2026-06-29,11:32:11,NEFT,2775,Uber,Mumbai,ATM,No,Normal Transaction
902227,500000097,2026-05-18,06:26:36,UPI,54865,DMart,Hyderabad,Laptop,No,Normal Transaction
902228,500000114,2026-03-08,14:18:22,IMPS,20153,Uber,Lucknow,ATM,No,Normal Transaction
902229,500000007,2026-07-09,00:00:27,Credit Card,18985,Uber,Pune,Mobile,No,Normal Transaction
902230,500000106,2026-03-01,01:17:55,Credit Card,27229,PhonePe,Lucknow,POS,No,Normal Transaction
902231,500000057,2026-02-08,21:23:40,UPI,87521,DMart,Bengaluru,Mobile,No,Normal Transaction
902232,500000095,2026-09-05,12:04:37,UPI,62194,Zomato,Bengaluru,ATM,No,Normal Transaction
902233,500000036,2026-08-24,14:08:44,Credit Card,41435,Zomato,Hyderabad,ATM,No,Normal Transaction
902234,500000087,2026-08-20,05:53:52,Credit Card,39374,Flipkart,Delhi,Laptop,No,Normal Transaction
902235,500000098,2026-12-01,20:24:49,Debit Card,88430,Amazon,Delhi,ATM,No,Normal Transaction
902236,500000017,2026-07-18,21:51:40,Debit Card,36668,DMart,Lucknow,ATM,No,Normal Transaction
902237,500000152,2026-02-04,23:47:07,NEFT,59389,Flipkart,Lucknow,Laptop,No,Normal Transaction
902238,500000076,2026-03-22,15:30:47,Credit Card,64855,Flipkart,Bengaluru,POS,No,Normal Transaction
902239,500000110,2026-03-27,13:12:18,NEFT,75965,Flipkart,Pune,POS,No,Normal Transaction
902240,500000046,2026-12-31,08:52:44,UPI,27893,Flipkart,Pune,ATM,No,Normal Transaction
902241,500000048,2026-01-26,03:25:46,Debit Card,76879,IRCTC,Kolkata,POS,No,Normal Transaction
902242,500000090,2026-03-12,13:53:04,IMPS,45865,Paytm,Mumbai,ATM,No,Normal Transaction
902243,500000026,2026-11-09,21:24:35,NEFT,22063,DMart,Mumbai,Laptop,No,Normal Transaction
902244,500000034,2026-10-31,01:26:56,Debit Card,54031,Swiggy,Lucknow,ATM,No,Normal Transaction
902245,500000148,2026-03-04,13:58:39,UPI,47334,Swiggy,Kolkata,Mobile,No,Normal Transaction
902246,500000055,2026-12-20,14:38:57,IMPS,54437,Paytm,Kolkata,POS,No,Normal Transaction
902247,500000103,2026-11-05,19:37:29,Credit Card,64461,Swiggy,Mumbai,ATM,No,Normal Transaction
902248,500000144,2026-02-06,19:31:33,Debit Card,23974,Amazon,Pune,ATM,No,Normal Transaction
902249,500000168,2026-07-11,15:31:48,Debit Card,74910,Paytm,Kolkata,Mobile,No,Normal Transaction
902250,500000042,2026-10-15,23:07:55,UPI,17379,Uber,Mumbai,ATM,No,Normal Transaction
902251,500000113,2026-09-29,01:26:03,Credit Card,6796,PhonePe,Bengaluru,ATM,No,Normal Transaction
902252,500000049,2026-10-28,19:59:18,NEFT,86428,Paytm,Mumbai,ATM,No,Normal Transaction
902253,500000088,2026-11-10,03:33:11,Debit Card,30381,PhonePe,Kolkata,POS,No,Normal Transaction
902254,500000129,2026-02-14,13:05:30,UPI,61732,PhonePe,Mumbai,Mobile,No,Normal Transaction
902255,500000130,2026-07-04,18:36:50,ATM,92925,IRCTC,Mumbai,Mobile,No,Normal Transaction
902256,500000126,2026-07-28,22:12:48,RTGS,27255,Amazon,Kolkata,POS,No,Normal Transaction
902257,500000092,2026-04-27,17:06:03,NEFT,48915,Amazon,Mumbai,Laptop,No,Normal Transaction
902258,500000098,2026-06-04,08:56:38,Debit Card,33056,Amazon,Kolkata,Mobile,Yes,Different City
902259,500000149,2026-01-01,00:46:40,NEFT,73988,Paytm,Delhi,ATM,No,Normal Transaction
902260,500000043,2026-02-21,16:24:34,UPI,62740,Paytm,Lucknow,ATM,No,Normal Transaction
902261,500000002,2026-01-12,03:05:10,Debit Card,21483,Swiggy,Delhi,ATM,No,Normal Transaction
902262,500000118,2026-12-31,11:32:02,Debit Card,23570,Paytm,Hyderabad,POS,No,Normal Transaction
902263,500000093,2026-02-02,07:36:16,RTGS,14941,Zomato,Bengaluru,Laptop,No,Normal Transaction
902264,500000160,2026-08-10,12:18:37,Debit Card,47466,PhonePe,Delhi,ATM,No,Normal Transaction
902265,500000153,2026-04-06,01:30:11,Debit Card,92574,Uber,Mumbai,Mobile,No,Normal Transaction
902266,500000151,2026-08-10,01:46:23,NEFT,97647,PhonePe,Delhi,Mobile,No,Normal Transaction
902267,500000179,2026-10-21,23:30:39,Credit Card,7963,Amazon,Mumbai,ATM,No,Normal Transaction
902268,500000133,2026-04-06,07:41:28,Debit Card,80096,IRCTC,Hyderabad,ATM,No,Normal Transaction
902269,500000075,2026-03-02,04:08:30,Credit Card,39680,Amazon,Mumbai,ATM,No,Normal Transaction
902270,500000041,2026-10-13,14:21:55,RTGS,60177,PhonePe,Lucknow,Laptop,No,Normal Transaction
902271,500000056,2026-04-06,10:42:48,Credit Card,80803,IRCTC,Hyderabad,Mobile,No,Normal Transaction
902272,500000005,2026-02-11,08:49:24,Debit Card,87063,Flipkart,Kolkata,Laptop,No,Normal Transaction
902273,500000179,2026-12-30,10:15:47,Credit Card,36431,Uber,Kolkata,POS,No,Normal Transaction
902274,500000047,2026-10-04,19:17:18,RTGS,74551,Paytm,Bengaluru,POS,No,Normal Transaction
902275,500000100,2026-11-13,18:27:36,Credit Card,11216,Amazon,Kolkata,Mobile,No,Normal Transaction
902276,500000103,2026-06-09,13:57:52,IMPS,1458,DMart,Delhi,Mobile,No,Normal Transaction
902277,500000176,2026-08-28,08:47:21,ATM,69234,Uber,Mumbai,ATM,No,Normal Transaction
902278,500000157,2026-01-24,21:49:41,Credit Card,80141,Amazon,Mumbai,POS,No,Normal Transaction
902279,500000120,2026-05-01,19:17:38,IMPS,12249,Zomato,Kolkata,ATM,No,Normal Transaction
902280,500000151,2026-07-27,22:42:12,NEFT,91621,Swiggy,Bengaluru,POS,No,Normal Transaction
902281,500000008,2026-10-24,21:40:00,Credit Card,61311,Flipkart,Kolkata,Laptop,No,Normal Transaction
902282,500000176,2026-04-03,20:15:42,Debit Card,36710,PhonePe,Pune,Mobile,No,Normal Transaction
902283,500000171,2026-04-27,17:06:51,Credit Card,13652,PhonePe,Bengaluru,Laptop,No,Normal Transaction
902284,500000066,2026-09-10,01:09:29,Credit Card,40002,Amazon,Delhi,POS,No,Normal Transaction
902285,500000096,2026-07-28,17:11:38,IMPS,47477,Uber,Bengaluru,ATM,No,Normal Transaction
902286,500000116,2026-06-15,08:02:04,Credit Card,90274,Uber,Mumbai,Mobile,No,Normal Transaction
902287,500000106,2026-01-26,10:41:20,IMPS,86184,DMart,Mumbai,ATM,No,Normal Transaction
902288,500000122,2026-02-17,12:39:48,ATM,68049,IRCTC,Bengaluru,Laptop,No,Normal Transaction
902289,500000126,2026-10-14,15:59:09,ATM,52197,Reliance,Bengaluru,POS,No,Normal Transaction
902290,500000164,2026-08-30,13:25:34,Debit Card,80448,Amazon,Lucknow,Mobile,No,Normal Transaction
902291,500000047,2026-01-12,21:07:51,IMPS,7162,Flipkart,Lucknow,Mobile,No,Normal Transaction
902292,500000024,2026-01-09,11:48:34,IMPS,1319,IRCTC,Delhi,POS,No,Normal Transaction
902293,500000176,2026-05-05,11:47:02,RTGS,58820,Reliance,Lucknow,Mobile,No,Normal Transaction
902294,500000155,2026-02-02,19:55:28,RTGS,98773,DMart,Pune,Laptop,No,Normal Transaction
902295,500000039,2026-02-09,06:18:52,UPI,711,DMart,Pune,Mobile,No,Normal Transaction
902296,500000019,2026-04-20,14:29:30,IMPS,7019,DMart,Kolkata,Laptop,No,Normal Transaction
902297,500000066,2026-08-11,15:45:50,RTGS,64004,Zomato,Mumbai,Laptop,No,Normal Transaction
902298,500000121,2026-03-20,10:15:46,RTGS,50024,Flipkart,Mumbai,Mobile,No,Normal Transaction
902299,500000132,2026-11-28,18:07:20,ATM,39877,IRCTC,Lucknow,ATM,No,Normal Transaction
902300,500000111,2026-01-04,07:16:08,Debit Card,1665,Swiggy,Pune,Mobile,No,Normal Transaction
902301,500000003,2026-02-16,02:07:36,ATM,2913,Uber,Pune,POS,No,Normal Transaction
902302,500000177,2026-04-22,01:25:09,Credit Card,34643,DMart,Hyderabad,Laptop,No,Normal Transaction
902303,500000144,2026-06-17,11:50:14,Debit Card,73895,IRCTC,Lucknow,ATM,No,Normal Transaction
902304,500000100,2026-10-20,10:04:22,NEFT,46246,Paytm,Hyderabad,Mobile,No,Normal Transaction
902305,500000158,2026-03-10,11:43:53,Credit Card,60604,Uber,Hyderabad,Mobile,No,Normal Transaction
902306,500000066,2026-03-14,20:21:38,ATM,53016,Amazon,Mumbai,Laptop,No,Normal Transaction
902307,500000165,2026-12-04,15:51:09,UPI,15398,Swiggy,Delhi,Mobile,No,Normal Transaction
902308,500000085,2026-09-10,15:31:18,IMPS,3943,Zomato,Hyderabad,Laptop,No,Normal Transaction
902309,500000003,2026-04-10,23:34:03,RTGS,36971,Flipkart,Lucknow,POS,No,Normal Transaction
902310,500000063,2026-06-10,14:23:13,Credit Card,28384,Zomato,Lucknow,Laptop,No,Normal Transaction
902311,500000076,2026-08-21,21:56:02,ATM,37561,DMart,Delhi,POS,No,Normal Transaction
902312,500000115,2026-12-26,20:02:54,IMPS,93053,Reliance,Hyderabad,POS,No,Normal Transaction
902313,500000025,2026-08-18,02:23:48,ATM,14221,Paytm,Kolkata,Mobile,No,Normal Transaction
902314,500000136,2026-07-19,22:40:42,Credit Card,86259,Zomato,Bengaluru,POS,No,Normal Transaction
902315,500000163,2026-04-02,06:09:57,ATM,96411,Reliance,Lucknow,POS,No,Normal Transaction
902316,500000065,2026-05-18,16:31:10,ATM,15105,IRCTC,Delhi,Mobile,No,Normal Transaction
902317,500000055,2026-09-19,00:16:40,RTGS,53082,Swiggy,Mumbai,POS,No,Normal Transaction
902318,500000075,2026-10-12,05:35:10,ATM,54931,Flipkart,Hyderabad,Laptop,No,Normal Transaction
902319,500000075,2026-02-08,14:14:17,Debit Card,98967,Paytm,Lucknow,ATM,No,Normal Transaction
902320,500000087,2026-03-28,05:37:26,UPI,35074,Paytm,Lucknow,ATM,No,Normal Transaction
902321,500000176,2026-03-07,01:57:17,RTGS,80288,DMart,Lucknow,Laptop,No,Normal Transaction
902322,500000137,2026-12-04,17:50:30,UPI,65326,DMart,Mumbai,POS,No,Normal Transaction
902323,500000071,2026-06-29,22:52:50,IMPS,38656,Flipkart,Pune,Mobile,No,Normal Transaction
902324,500000107,2026-05-24,14:42:43,NEFT,74185,IRCTC,Pune,ATM,No,Normal Transaction
902325,500000132,2026-05-01,03:34:06,IMPS,34947,Paytm,Lucknow,Laptop,No,Normal Transaction
902326,500000137,2026-04-22,04:32:10,IMPS,8310,Amazon,Mumbai,Mobile,No,Normal Transaction
902327,500000083,2026-01-27,23:54:06,IMPS,78527,DMart,Hyderabad,ATM,No,Normal Transaction
902328,500000136,2026-04-12,17:51:03,Credit Card,64181,Swiggy,Hyderabad,POS,No,Normal Transaction
902329,500000116,2026-08-19,15:24:45,ATM,69156,IRCTC,Delhi,Laptop,No,Normal Transaction
902330,500000009,2026-08-28,22:48:46,IMPS,3731,Reliance,Hyderabad,Laptop,No,Normal Transaction
902331,500000161,2026-09-26,08:08:46,Credit Card,8978,DMart,Mumbai,POS,No,Normal Transaction
902332,500000169,2026-07-26,03:43:14,ATM,80473,Uber,Lucknow,ATM,No,Normal Transaction
902333,500000005,2026-11-14,18:56:34,RTGS,63909,Zomato,Mumbai,Laptop,No,Normal Transaction
902334,500000104,2026-04-05,22:59:47,ATM,23644,Swiggy,Hyderabad,Mobile,No,Normal Transaction
902335,500000126,2026-08-12,20:40:06,UPI,71375,Swiggy,Hyderabad,Mobile,No,Normal Transaction
902336,500000077,2026-05-18,16:44:51,ATM,98921,Zomato,Bengaluru,Mobile,No,Normal Transaction
902337,500000148,2026-12-24,22:54:09,RTGS,20694,Zomato,Kolkata,ATM,No,Normal Transaction
902338,500000068,2026-02-08,12:31:32,Credit Card,67675,Zomato,Pune,ATM,Yes,Multiple Transactions
902339,500000041,2026-02-04,10:36:37,Credit Card,27354,Zomato,Mumbai,POS,No,Normal Transaction
902340,500000171,2026-08-04,13:00:59,IMPS,24862,IRCTC,Bengaluru,Laptop,No,Normal Transaction
902341,500000006,2026-06-12,12:43:41,UPI,36291,Flipkart,Hyderabad,Laptop,No,Normal Transaction
902342,500000147,2026-08-08,06:55:38,Debit Card,89800,Zomato,Mumbai,POS,No,Normal Transaction
902343,500000020,2026-02-01,10:52:56,ATM,32869,Swiggy,Pune,Mobile,No,Normal Transaction
902344,500000055,2026-11-02,20:17:21,Credit Card,13441,DMart,Bengaluru,ATM,No,Normal Transaction
902345,500000057,2026-01-29,17:36:22,IMPS,34770,Flipkart,Hyderabad,POS,No,Normal Transaction
902346,500000048,2026-11-15,13:32:14,RTGS,8602,PhonePe,Kolkata,POS,No,Normal Transaction
902347,500000149,2026-05-16,17:45:41,Credit Card,70914,IRCTC,Hyderabad,Laptop,No,Normal Transaction
902348,500000009,2026-04-01,05:39:23,Credit Card,56671,Flipkart,Lucknow,POS,No,Normal Transaction
902349,500000082,2026-12-24,19:38:50,NEFT,47127,Paytm,Mumbai,POS,No,Normal Transaction
902350,500000128,2026-06-18,20:50:46,RTGS,48034,Zomato,Lucknow,ATM,No,Normal Transaction
902351,500000003,2026-06-17,17:51:25,UPI,11533,Paytm,Bengaluru,POS,No,Normal Transaction
902352,500000085,2026-03-25,01:06:27,NEFT,76652,DMart,Pune,POS,No,Normal Transaction
902353,500000130,2026-04-15,18:47:22,Credit Card,65763,IRCTC,Delhi,POS,No,Normal Transaction
902354,500000070,2026-02-28,17:27:51,Credit Card,93648,Amazon,Pune,Mobile,No,Normal Transaction
902355,500000031,2026-09-29,14:57:32,IMPS,15105,PhonePe,Pune,Laptop,No,Normal Transaction
902356,500000068,2026-08-18,15:57:57,UPI,29248,Swiggy,Bengaluru,POS,No,Normal Transaction
902357,500000088,2026-06-11,07:44:15,IMPS,67895,Flipkart,Hyderabad,ATM,No,Normal Transaction
902358,500000021,2026-10-16,02:51:09,RTGS,6740,Swiggy,Delhi,Laptop,No,Normal Transaction
902359,500000006,2026-10-31,13:22:29,ATM,65091,Amazon,Pune,POS,No,Normal Transaction
902360,500000153,2026-11-10,06:27:35,Credit Card,64456,Swiggy,Kolkata,POS,No,Normal Transaction
902361,500000038,2026-04-29,18:26:15,RTGS,5582,PhonePe,Kolkata,Mobile,No,Normal Transaction
902362,500000006,2026-09-25,15:41:26,Credit Card,55890,Swiggy,Hyderabad,Laptop,No,Normal Transaction
902363,500000085,2026-07-20,11:23:26,IMPS,44488,Uber,Bengaluru,POS,No,Normal Transaction
902364,500000115,2026-04-05,07:23:07,Debit Card,3871,Amazon,Bengaluru,Laptop,No,Normal Transaction
902365,500000043,2026-01-12,06:52:17,RTGS,75845,DMart,Delhi,POS,No,Normal Transaction
902366,500000131,2026-01-19,21:24:37,Credit Card,8397,IRCTC,Lucknow,Laptop,No,Normal Transaction
902367,500000010,2026-07-14,07:09:20,ATM,52422,Flipkart,Pune,Laptop,No,Normal Transaction
902368,500000005,2026-02-11,17:27:22,Debit Card,2362,Swiggy,Bengaluru,Mobile,Yes,Multiple Transactions
902369,500000051,2026-07-21,07:00:30,ATM,90076,DMart,Kolkata,POS,No,Normal Transaction
902370,500000039,2026-01-02,08:40:11,IMPS,42836,PhonePe,Bengaluru,POS,No,Normal Transaction
902371,500000154,2026-03-17,16:43:29,Credit Card,19600,Zomato,Bengaluru,POS,No,Normal Transaction
902372,500000116,2026-07-30,03:59:21,Debit Card,68565,Amazon,Hyderabad,Mobile,No,Normal Transaction
902373,500000045,2026-06-21,22:49:25,UPI,47541,Swiggy,Hyderabad,Mobile,No,Normal Transaction
902374,500000155,2026-11-23,23:14:12,UPI,55298,DMart,Lucknow,Laptop,No,Normal Transaction
902375,500000094,2026-08-16,14:46:14,Credit Card,80913,IRCTC,Kolkata,POS,No,Normal Transaction
902376,500000176,2026-08-10,04:23:55,UPI,87019,Paytm,Hyderabad,POS,No,Normal Transaction
902377,500000026,2026-07-18,21:23:28,UPI,37681,DMart,Lucknow,Mobile,No,Normal Transaction
902378,500000065,2026-01-11,15:27:51,ATM,9353,DMart,Lucknow,Mobile,No,Normal Transaction
902379,500000170,2026-10-11,18:31:42,ATM,80923,Flipkart,Kolkata,POS,No,Normal Transaction
902380,500000090,2026-08-28,02:11:43,ATM,8408,IRCTC,Bengaluru,POS,No,Normal Transaction
902381,500000179,2026-11-18,12:05:30,UPI,41674,DMart,Delhi,ATM,No,Normal Transaction
902382,500000036,2026-06-27,05:30:44,Debit Card,13338,DMart,Mumbai,Laptop,No,Normal Transaction
902383,500000141,2026-05-01,06:36:16,Credit Card,81699,Swiggy,Delhi,Laptop,No,Normal Transaction
902384,500000129,2026-11-14,00:09:37,NEFT,10303,Paytm,Pune,POS,No,Normal Transaction
902385,500000007,2026-07-13,13:27:43,IMPS,42491,Paytm,Bengaluru,ATM,No,Normal Transaction
902386,500000147,2026-03-10,05:25:58,ATM,12821,Swiggy,Bengaluru,Mobile,No,Normal Transaction
902387,500000171,2026-03-08,05:48:13,Debit Card,33663,Zomato,Hyderabad,POS,No,Normal Transaction
902388,500000071,2026-12-31,16:49:17,Credit Card,1853,Zomato,Lucknow,ATM,No,Normal Transaction
902389,500000050,2026-11-11,08:05:44,ATM,1254,Reliance,Hyderabad,Mobile,No,Normal Transaction
902390,500000085,2026-02-22,01:22:03,NEFT,68376,Paytm,Kolkata,Mobile,No,Normal Transaction
902391,500000111,2026-05-17,01:17:44,ATM,7594,IRCTC,Kolkata,POS,No,Normal Transaction
902392,500000049,2026-01-24,16:42:04,UPI,93161,Flipkart,Pune,Laptop,No,Normal Transaction
902393,500000073,2026-01-15,15:25:20,IMPS,42248,Flipkart,Delhi,POS,No,Normal Transaction
902394,500000101,2026-11-11,04:22:59,ATM,20655,Reliance,Delhi,Laptop,No,Normal Transaction
902395,500000144,2026-01-17,04:53:21,NEFT,26136,Reliance,Delhi,ATM,No,Normal Transaction
902396,500000056,2026-02-07,11:24:49,UPI,48600,PhonePe,Pune,POS,No,Normal Transaction
902397,500000103,2026-05-29,15:57:20,NEFT,48641,Amazon,Mumbai,Laptop,Yes,Different City
902398,500000013,2026-07-30,22:47:07,UPI,18800,Flipkart,Mumbai,POS,No,Normal Transaction
902399,500000171,2026-09-20,07:05:20,RTGS,15387,Flipkart,Mumbai,ATM,No,Normal Transaction
902400,500000071,2026-07-21,05:18:56,ATM,97662,PhonePe,Lucknow,Mobile,No,Normal Transaction
902401,500000066,2026-07-16,03:57:20,NEFT,90412,Flipkart,Bengaluru,ATM,No,Normal Transaction
902402,500000038,2026-04-27,04:59:54,NEFT,25876,IRCTC,Mumbai,ATM,No,Normal Transaction
902403,500000016,2026-02-24,16:35:15,Credit Card,16465,Uber,Pune,Laptop,No,Normal Transaction
902404,500000025,2026-06-28,09:34:10,NEFT,48180,IRCTC,Kolkata,POS,No,Normal Transaction
902405,500000172,2026-05-26,05:01:25,ATM,47007,Swiggy,Delhi,ATM,No,Normal Transaction
902406,500000046,2026-12-06,03:25:30,UPI,57572,PhonePe,Delhi,POS,No,Normal Transaction
902407,500000159,2026-03-31,14:56:59,UPI,10239,Flipkart,Delhi,ATM,No,Normal Transaction
902408,500000160,2026-03-01,22:50:25,RTGS,61578,DMart,Bengaluru,Laptop,No,Normal Transaction
902409,500000134,2026-01-24,07:28:06,IMPS,75114,Uber,Lucknow,ATM,No,Normal Transaction
902410,500000062,2026-04-21,09:58:36,RTGS,17816,Reliance,Kolkata,POS,No,Normal Transaction
902411,500000016,2026-12-11,22:17:08,Debit Card,9006,Reliance,Bengaluru,Laptop,No,Normal Transaction
902412,500000031,2026-11-06,08:09:55,ATM,9271,Amazon,Lucknow,Laptop,No,Normal Transaction
902413,500000018,2026-01-09,14:17:00,UPI,77804,Zomato,Bengaluru,ATM,No,Normal Transaction
902414,500000119,2026-01-17,11:05:17,RTGS,89933,Zomato,Mumbai,Mobile,No,Normal Transaction
902415,500000050,2026-09-23,16:57:51,Debit Card,88710,Paytm,Hyderabad,Laptop,No,Normal Transaction
902416,500000031,2026-10-29,01:30:36,Debit Card,53145,PhonePe,Kolkata,POS,No,Normal Transaction
902417,500000052,2026-12-13,10:21:18,UPI,77806,Zomato,Bengaluru,ATM,No,Normal Transaction
902418,500000085,2026-04-02,10:11:37,RTGS,1368,Uber,Pune,Mobile,No,Normal Transaction
902419,500000097,2026-08-13,21:42:45,Credit Card,68539,DMart,Pune,Mobile,No,Normal Transaction
902420,500000134,2026-01-27,00:04:11,Credit Card,14820,Flipkart,Lucknow,Mobile,No,Normal Transaction
902421,500000051,2026-11-14,09:44:29,ATM,19886,Zomato,Delhi,ATM,No,Normal Transaction
902422,500000161,2026-02-09,16:31:02,RTGS,60533,Paytm,Pune,POS,Yes,Multiple Transactions
902423,500000021,2026-10-24,00:39:16,Credit Card,96191,Flipkart,Hyderabad,Laptop,No,Normal Transaction
902424,500000091,2026-03-30,02:43:07,Credit Card,2539,Swiggy,Mumbai,ATM,No,Normal Transaction
902425,500000165,2026-07-12,20:26:26,IMPS,5878,Uber,Pune,Mobile,No,Normal Transaction
902426,500000099,2026-10-30,01:04:46,IMPS,85572,PhonePe,Hyderabad,ATM,No,Normal Transaction
902427,500000072,2026-08-25,05:00:48,ATM,3199,DMart,Lucknow,POS,No,Normal Transaction
902428,500000101,2026-11-20,08:33:11,Debit Card,49337,Paytm,Pune,Laptop,Yes,High Amount
902429,500000040,2026-04-10,18:44:28,RTGS,55552,Amazon,Bengaluru,ATM,No,Normal Transaction
902430,500000130,2026-04-29,23:33:48,UPI,78275,Flipkart,Kolkata,POS,No,Normal Transaction
902431,500000069,2026-09-18,03:06:23,Debit Card,65823,Uber,Kolkata,POS,No,Normal Transaction
902432,500000148,2026-01-04,11:11:14,Debit Card,50000,PhonePe,Delhi,POS,No,Normal Transaction
902433,500000117,2026-03-21,22:31:36,Credit Card,10476,Uber,Hyderabad,POS,No,Normal Transaction
902434,500000108,2026-03-17,03:19:57,Credit Card,17537,PhonePe,Mumbai,ATM,No,Normal Transaction
902435,500000146,2026-08-22,20:13:30,Debit Card,99839,Paytm,Lucknow,POS,No,Normal Transaction
902436,500000099,2026-02-17,21:04:43,NEFT,31142,Zomato,Delhi,ATM,No,Normal Transaction
902437,500000135,2026-09-10,21:55:11,Credit Card,21971,DMart,Pune,ATM,No,Normal Transaction
902438,500000051,2026-04-05,17:02:54,Debit Card,65756,Paytm,Kolkata,Laptop,No,Normal Transaction
902439,500000178,2026-01-11,08:10:28,Debit Card,4111,IRCTC,Pune,POS,No,Normal Transaction
902440,500000109,2026-03-04,16:02:51,ATM,33394,IRCTC,Kolkata,ATM,No,Normal Transaction
902441,500000118,2026-05-21,03:30:16,ATM,47088,Flipkart,Hyderabad,Mobile,No,Normal Transaction
902442,500000049,2026-08-03,07:54:23,Debit Card,99676,Flipkart,Mumbai,Laptop,No,Normal Transaction
902443,500000024,2026-06-01,08:16:08,RTGS,36307,Paytm,Delhi,Laptop,No,Normal Transaction
902444,500000011,2026-02-14,04:43:46,ATM,30560,Reliance,Lucknow,Mobile,No,Normal Transaction
902445,500000013,2026-03-12,16:40:27,ATM,88577,Amazon,Kolkata,Mobile,No,Normal Transaction
902446,500000045,2026-10-15,16:15:35,Debit Card,58684,PhonePe,Kolkata,Laptop,No,Normal Transaction
902447,500000019,2026-12-21,16:45:33,ATM,41480,IRCTC,Pune,ATM,No,Normal Transaction
902448,500000090,2026-05-16,11:01:30,Debit Card,14657,Uber,Kolkata,Mobile,No,Normal Transaction
902449,500000033,2026-09-17,05:56:57,NEFT,38375,Uber,Mumbai,Mobile,No,Normal Transaction
902450,500000033,2026-07-03,15:03:48,IMPS,88070,Reliance,Kolkata,Laptop,No,Normal Transaction
902451,500000136,2026-03-28,06:21:11,ATM,70586,Flipkart,Bengaluru,Mobile,No,Normal Transaction
902452,500000027,2026-07-13,21:06:41,IMPS,47475,Uber,Bengaluru,POS,No,Normal Transaction
902453,500000166,2026-04-25,01:26:30,NEFT,71946,Paytm,Kolkata,ATM,No,Normal Transaction
902454,500000009,2026-04-23,14:47:37,UPI,51139,Zomato,Bengaluru,Mobile,No,Normal Transaction
902455,500000076,2026-02-18,19:38:36,IMPS,55252,Reliance,Kolkata,Laptop,No,Normal Transaction
902456,500000040,2026-12-28,01:46:31,Debit Card,65988,Paytm,Delhi,ATM,No,Normal Transaction
902457,500000040,2026-01-03,01:52:05,Credit Card,11389,Amazon,Kolkata,Mobile,No,Normal Transaction
902458,500000149,2026-01-10,19:43:30,Credit Card,78822,Amazon,Kolkata,POS,No,Normal Transaction
902459,500000002,2026-06-15,11:56:19,RTGS,31023,Uber,Bengaluru,ATM,No,Normal Transaction
902460,500000141,2026-07-01,14:36:57,Credit Card,52908,Flipkart,Lucknow,Laptop,No,Normal Transaction
902461,500000123,2026-10-11,14:34:02,Debit Card,89405,Uber,Mumbai,Laptop,No,Normal Transaction
902462,500000092,2026-06-27,13:35:20,UPI,97282,DMart,Bengaluru,Mobile,No,Normal Transaction
902463,500000113,2027-01-01,23:51:31,UPI,88927,Flipkart,Lucknow,Mobile,No,Normal Transaction
902464,500000095,2026-09-04,13:34:31,Credit Card,47188,Swiggy,Hyderabad,POS,No,Normal Transaction
902465,500000050,2026-04-12,02:54:19,RTGS,19348,Paytm,Delhi,Mobile,No,Normal Transaction
902466,500000015,2026-11-06,10:11:15,UPI,64627,Amazon,Hyderabad,ATM,No,Normal Transaction
902467,500000087,2026-12-25,14:34:34,ATM,28730,Uber,Kolkata,Laptop,No,Normal Transaction
902468,500000055,2026-11-05,12:53:02,IMPS,20853,PhonePe,Kolkata,ATM,No,Normal Transaction
902469,500000093,2026-12-08,05:23:20,NEFT,25800,IRCTC,Hyderabad,Mobile,No,Normal Transaction
902470,500000027,2026-01-31,11:20:58,IMPS,88848,Paytm,Mumbai,ATM,No,Normal Transaction
902471,500000005,2026-05-18,01:09:30,RTGS,43008,IRCTC,Pune,Mobile,No,Normal Transaction
902472,500000106,2026-10-15,13:40:41,Credit Card,18610,Zomato,Hyderabad,ATM,No,Normal Transaction
902473,500000121,2026-06-20,07:39:47,ATM,61174,Zomato,Bengaluru,Laptop,No,Normal Transaction
902474,500000135,2026-09-25,08:28:29,UPI,17306,IRCTC,Kolkata,ATM,No,Normal Transaction
902475,500000077,2026-04-23,05:20:09,ATM,8950,Zomato,Lucknow,Mobile,No,Normal Transaction
902476,500000062,2026-04-05,16:28:02,Credit Card,49780,Reliance,Kolkata,Laptop,No,Normal Transaction
902477,500000026,2026-03-19,17:47:14,UPI,95491,PhonePe,Delhi,Mobile,No,Normal Transaction
902478,500000079,2026-09-06,00:07:04,NEFT,46690,DMart,Bengaluru,POS,No,Normal Transaction
902479,500000114,2026-07-27,10:04:11,NEFT,29466,Reliance,Bengaluru,ATM,No,Normal Transaction
902480,500000112,2026-11-20,23:22:55,NEFT,10059,IRCTC,Mumbai,POS,No,Normal Transaction
902481,500000132,2026-08-31,16:57:26,NEFT,12070,Uber,Delhi,Mobile,No,Normal Transaction
902482,500000088,2026-10-23,06:22:36,Credit Card,91082,Uber,Lucknow,POS,No,Normal Transaction
902483,500000048,2026-12-03,03:05:37,IMPS,64953,Paytm,Bengaluru,Mobile,No,Normal Transaction
902484,500000124,2026-04-03,03:05:09,IMPS,39512,Flipkart,Mumbai,POS,No,Normal Transaction
902485,500000055,2026-07-03,18:06:27,Debit Card,14308,Zomato,Delhi,Mobile,No,Normal Transaction
902486,500000070,2026-05-22,17:56:35,NEFT,93637,Amazon,Pune,Mobile,No,Normal Transaction
902487,500000140,2026-06-04,06:29:28,NEFT,58205,Flipkart,Kolkata,POS,No,Normal Transaction
902488,500000104,2026-11-24,20:48:23,ATM,51813,IRCTC,Hyderabad,Mobile,No,Normal Transaction
902489,500000096,2026-08-23,23:00:10,Debit Card,56524,Paytm,Hyderabad,POS,No,Normal Transaction
902490,500000150,2026-07-31,15:08:47,Debit Card,46240,Paytm,Delhi,Laptop,No,Normal Transaction
902491,500000026,2026-10-31,21:35:29,NEFT,58438,PhonePe,Bengaluru,Laptop,No,Normal Transaction
902492,500000117,2026-10-07,13:58:46,NEFT,18475,Zomato,Hyderabad,Laptop,No,Normal Transaction
902493,500000035,2026-10-25,22:40:46,NEFT,29242,PhonePe,Lucknow,Mobile,No,Normal Transaction
902494,500000170,2026-05-16,21:24:33,RTGS,44996,Uber,Kolkata,Laptop,No,Normal Transaction
902495,500000037,2026-06-18,11:00:08,Debit Card,25510,Reliance,Pune,Laptop,No,Normal Transaction
902496,500000033,2026-07-09,18:58:19,Credit Card,45490,Zomato,Pune,ATM,No,Normal Transaction
902497,500000036,2026-10-28,04:47:42,ATM,59065,PhonePe,Bengaluru,Mobile,No,Normal Transaction
902498,500000070,2026-01-28,07:29:09,RTGS,34881,DMart,Lucknow,POS,No,Normal Transaction
902499,500000071,2026-11-04,07:09:58,NEFT,74677,IRCTC,Pune,Laptop,No,Normal Transaction
902500,500000002,2026-06-03,05:53:05,UPI,47725,Reliance,Hyderabad,Laptop,No,Normal Transaction
902501,500000154,2026-03-26,03:05:33,IMPS,35741,IRCTC,Bengaluru,POS,No,Normal Transaction
902502,500000058,2026-03-07,22:31:42,Credit Card,96916,Reliance,Kolkata,POS,No,Normal Transaction
902503,500000068,2026-11-01,03:56:18,ATM,14071,Uber,Lucknow,Laptop,No,Normal Transaction
902504,500000022,2026-09-14,13:18:48,RTGS,59262,Swiggy,Mumbai,Laptop,No,Normal Transaction
902505,500000146,2026-05-18,05:03:02,ATM,8931,IRCTC,Pune,Laptop,No,Normal Transaction
902506,500000013,2026-09-12,21:12:31,UPI,43626,Paytm,Hyderabad,Mobile,No,Normal Transaction
902507,500000172,2026-06-24,03:09:59,ATM,73297,Reliance,Bengaluru,Mobile,No,Normal Transaction
902508,500000011,2026-09-30,01:08:19,ATM,34544,Uber,Pune,POS,No,Normal Transaction
902509,500000022,2026-08-09,19:53:11,Credit Card,57983,Swiggy,Hyderabad,Mobile,No,Normal Transaction
902510,500000013,2026-09-16,03:11:18,Credit Card,67408,Swiggy,Pune,ATM,No,Normal Transaction
902511,500000077,2026-03-30,20:39:48,IMPS,7618,Paytm,Mumbai,POS,No,Normal Transaction
902512,500000124,2026-06-16,06:03:17,UPI,37052,Swiggy,Pune,Mobile,No,Normal Transaction
902513,500000159,2026-02-28,21:42:05,UPI,34530,Paytm,Lucknow,Laptop,No,Normal Transaction
902514,500000159,2026-10-06,13:37:37,NEFT,42195,Swiggy,Lucknow,POS,No,Normal Transaction
902515,500000170,2026-06-09,15:46:22,IMPS,82589,Amazon,Bengaluru,ATM,No,Normal Transaction
902516,500000013,2026-09-01,10:22:18,NEFT,92165,Zomato,Delhi,ATM,No,Normal Transaction
902517,500000079,2026-12-08,01:29:46,RTGS,98139,Swiggy,Mumbai,Laptop,No,Normal Transaction
902518,500000080,2026-02-19,19:52:43,RTGS,23883,Amazon,Pune,ATM,No,Normal Transaction
902519,500000049,2026-03-30,14:44:42,Debit Card,61787,Zomato,Lucknow,Laptop,No,Normal Transaction
902520,500000067,2026-03-26,21:20:08,ATM,79172,Uber,Hyderabad,ATM,No,Normal Transaction
902521,500000126,2026-06-24,16:47:07,Debit Card,54079,DMart,Bengaluru,Laptop,No,Normal Transaction
902522,500000118,2026-06-28,05:13:10,ATM,8234,IRCTC,Hyderabad,ATM,No,Normal Transaction
902523,500000106,2026-10-20,11:01:02,UPI,94128,Zomato,Lucknow,Laptop,No,Normal Transaction
902524,500000052,2026-10-24,19:44:27,RTGS,21443,Flipkart,Bengaluru,Mobile,No,Normal Transaction
902525,500000135,2026-09-07,16:31:02,Credit Card,20440,PhonePe,Mumbai,Laptop,No,Normal Transaction
902526,500000149,2026-11-02,10:09:01,NEFT,12093,Reliance,Mumbai,POS,No,Normal Transaction
902527,500000111,2026-11-03,22:32:36,Credit Card,78450,Swiggy,Bengaluru,POS,No,Normal Transaction
902528,500000120,2026-05-18,06:43:13,RTGS,87212,Amazon,Delhi,POS,No,Normal Transaction
902529,500000051,2026-12-09,04:39:34,ATM,16662,PhonePe,Pune,Laptop,No,Normal Transaction
902530,500000011,2026-09-11,13:41:06,Credit Card,87343,Paytm,Mumbai,ATM,No,Normal Transaction
902531,500000140,2026-06-14,20:55:49,IMPS,7335,IRCTC,Mumbai,Mobile,No,Normal Transaction
902532,500000071,2026-04-08,08:53:46,NEFT,54881,Flipkart,Bengaluru,Mobile,No,Normal Transaction
902533,500000103,2026-01-01,23:47:32,NEFT,42027,Flipkart,Mumbai,ATM,No,Normal Transaction
902534,500000129,2026-07-05,15:32:50,IMPS,4505,Paytm,Bengaluru,POS,No,Normal Transaction
902535,500000138,2026-05-02,14:22:16,IMPS,49023,Flipkart,Pune,Mobile,No,Normal Transaction
902536,500000025,2026-03-06,00:21:27,UPI,35232,Paytm,Mumbai,Mobile,No,Normal Transaction
902537,500000137,2026-11-05,22:44:30,UPI,13720,Zomato,Lucknow,POS,No,Normal Transaction
902538,500000085,2026-07-12,15:11:19,Debit Card,78337,Paytm,Bengaluru,Laptop,No,Normal Transaction
902539,500000134,2026-08-21,22:56:48,IMPS,99861,PhonePe,Delhi,ATM,No,Normal Transaction
902540,500000044,2026-12-08,14:01:37,Credit Card,26465,Uber,Hyderabad,Laptop,No,Normal Transaction
902541,500000083,2026-05-25,15:24:06,Debit Card,59397,DMart,Lucknow,POS,No,Normal Transaction
902542,500000064,2026-07-21,16:10:12,UPI,32492,PhonePe,Delhi,Mobile,No,Normal Transaction
902543,500000098,2026-12-05,04:34:06,RTGS,9379,Flipkart,Delhi,POS,No,Normal Transaction
902544,500000047,2026-02-15,14:09:40,Debit Card,37132,Zomato,Hyderabad,ATM,No,Normal Transaction
902545,500000120,2026-09-03,03:16:35,Credit Card,52763,Swiggy,Hyderabad,Laptop,No,Normal Transaction
902546,500000134,2026-04-30,06:50:04,RTGS,81272,PhonePe,Pune,Mobile,No,Normal Transaction
902547,500000143,2026-05-18,21:10:12,Debit Card,44165,Uber,Mumbai,Mobile,No,Normal Transaction
902548,500000145,2026-03-21,03:00:49,RTGS,79357,IRCTC,Lucknow,ATM,No,Normal Transaction
902549,500000016,2026-11-18,23:58:43,IMPS,31828,Paytm,Delhi,Laptop,No,Normal Transaction
902550,500000065,2026-11-06,17:46:03,UPI,78255,Reliance,Delhi,Mobile,No,Normal Transaction
902551,500000046,2026-06-07,22:37:49,RTGS,8039,DMart,Delhi,Laptop,No,Normal Transaction
902552,500000042,2026-09-16,14:41:21,Credit Card,40750,PhonePe,Bengaluru,Mobile,No,Normal Transaction
902553,500000044,2026-04-24,01:19:44,UPI,18121,Zomato,Kolkata,ATM,No,Normal Transaction
902554,500000067,2026-12-08,04:39:17,RTGS,17547,DMart,Pune,ATM,No,Normal Transaction
902555,500000126,2026-11-26,09:24:34,ATM,17287,Zomato,Kolkata,Laptop,No,Normal Transaction
902556,500000110,2026-05-07,00:31:11,RTGS,71468,Flipkart,Lucknow,ATM,No,Normal Transaction
902557,500000101,2026-12-12,18:35:49,ATM,58908,Swiggy,Delhi,POS,No,Normal Transaction
902558,500000150,2026-12-20,17:57:23,Credit Card,87411,IRCTC,Hyderabad,ATM,No,Normal Transaction
902559,500000009,2026-07-27,22:57:13,RTGS,93774,IRCTC,Kolkata,ATM,No,Normal Transaction
902560,500000048,2026-09-19,00:08:44,Debit Card,91788,Reliance,Bengaluru,Mobile,No,Normal Transaction
902561,500000140,2026-07-26,20:30:34,ATM,22780,DMart,Delhi,ATM,No,Normal Transaction
902562,500000068,2026-04-27,19:56:49,RTGS,51827,Paytm,Lucknow,ATM,No,Normal Transaction
902563,500000167,2026-05-22,06:57:12,Debit Card,99946,IRCTC,Lucknow,Mobile,No,Normal Transaction
902564,500000177,2026-12-24,20:02:58,RTGS,29550,Zomato,Pune,Laptop,No,Normal Transaction
902565,500000136,2026-11-09,19:57:40,ATM,95967,Flipkart,Bengaluru,POS,No,Normal Transaction
902566,500000166,2026-10-16,01:22:41,RTGS,52260,Amazon,Lucknow,ATM,No,Normal Transaction
902567,500000151,2026-02-22,01:24:34,ATM,57171,Reliance,Kolkata,POS,No,Normal Transaction
902568,500000044,2026-05-21,09:05:20,UPI,86030,Swiggy,Delhi,POS,No,Normal Transaction
902569,500000144,2026-06-26,15:51:16,NEFT,59966,Reliance,Bengaluru,POS,No,Normal Transaction
902570,500000113,2026-03-14,02:49:59,UPI,74661,Swiggy,Hyderabad,POS,No,Normal Transaction
902571,500000149,2026-05-12,21:36:21,NEFT,88646,Uber,Mumbai,Mobile,No,Normal Transaction
902572,500000058,2026-05-08,04:41:36,IMPS,6550,Uber,Lucknow,POS,No,Normal Transaction
902573,500000172,2026-07-19,00:17:29,NEFT,26172,Flipkart,Pune,POS,No,Normal Transaction
902574,500000005,2026-10-05,17:33:08,NEFT,52712,Paytm,Kolkata,Mobile,No,Normal Transaction
902575,500000151,2026-11-08,14:42:46,IMPS,67283,Reliance,Hyderabad,POS,No,Normal Transaction
902576,500000022,2026-06-18,08:25:00,ATM,32278,Zomato,Bengaluru,POS,No,Normal Transaction
902577,500000009,2026-06-25,08:36:55,NEFT,31640,Paytm,Mumbai,ATM,No,Normal Transaction
902578,500000066,2026-06-17,03:56:33,UPI,54919,Paytm,Bengaluru,Mobile,No,Normal Transaction
902579,500000116,2026-12-28,00:12:00,RTGS,67520,Zomato,Kolkata,ATM,No,Normal Transaction
902580,500000041,2026-06-16,02:30:23,NEFT,74486,Swiggy,Lucknow,Mobile,No,Normal Transaction
902581,500000011,2026-09-06,18:09:15,Credit Card,54195,Paytm,Mumbai,POS,No,Normal Transaction
902582,500000091,2026-04-21,19:42:36,RTGS,95771,DMart,Pune,Mobile,No,Normal Transaction
902583,500000123,2026-09-27,07:57:46,UPI,28702,Paytm,Bengaluru,Laptop,No,Normal Transaction
902584,500000101,2026-01-22,01:25:07,RTGS,45827,PhonePe,Pune,POS,No,Normal Transaction
902585,500000128,2026-03-31,09:00:43,ATM,32251,Paytm,Kolkata,ATM,No,Normal Transaction
902586,500000173,2026-03-30,19:55:04,RTGS,14592,DMart,Mumbai,POS,Yes,High Amount
902587,500000100,2026-03-16,21:20:01,IMPS,32313,Paytm,Kolkata,POS,No,Normal Transaction
902588,500000131,2026-02-27,13:13:23,Credit Card,22988,PhonePe,Pune,Mobile,Yes,Different City
902589,500000170,2026-08-18,00:05:14,ATM,71531,Paytm,Kolkata,POS,No,Normal Transaction
902590,500000017,2026-11-19,23:22:19,ATM,66966,Zomato,Hyderabad,POS,No,Normal Transaction
902591,500000114,2026-05-04,19:11:13,IMPS,59336,Paytm,Kolkata,Laptop,No,Normal Transaction
902592,500000121,2026-10-20,06:04:09,UPI,79471,Zomato,Lucknow,Laptop,No,Normal Transaction
902593,500000135,2026-09-24,13:31:12,Credit Card,3579,Uber,Delhi,Laptop,No,Normal Transaction
902594,500000164,2026-12-23,18:17:59,IMPS,81958,IRCTC,Kolkata,ATM,No,Normal Transaction
902595,500000170,2026-09-26,02:57:07,NEFT,70765,Flipkart,Bengaluru,ATM,No,Normal Transaction
902596,500000075,2026-05-23,18:17:31,Credit Card,61297,PhonePe,Lucknow,POS,No,Normal Transaction
902597,500000024,2026-06-01,03:40:54,ATM,68910,PhonePe,Delhi,POS,No,Normal Transaction
902598,500000096,2026-09-19,09:19:51,UPI,97766,Swiggy,Hyderabad,Laptop,No,Normal Transaction
902599,500000098,2026-12-13,16:45:58,Debit Card,96970,Flipkart,Hyderabad,Mobile,No,Normal Transaction
902600,500000134,2026-04-02,18:27:09,UPI,66713,DMart,Mumbai,POS,No,Normal Transaction
902601,500000148,2026-04-28,12:43:06,ATM,62153,IRCTC,Kolkata,ATM,No,Normal Transaction
902602,500000121,2026-01-17,00:01:18,UPI,97089,IRCTC,Hyderabad,ATM,No,Normal Transaction
902603,500000136,2026-03-26,09:43:02,ATM,29853,Swiggy,Pune,ATM,No,Normal Transaction
902604,500000159,2026-08-29,04:04:18,Debit Card,61446,Swiggy,Kolkata,Mobile,No,Normal Transaction
902605,500000108,2026-03-24,22:45:01,NEFT,90372,Swiggy,Kolkata,Mobile,No,Normal Transaction
902606,500000174,2026-11-04,03:37:55,ATM,99703,Flipkart,Pune,ATM,No,Normal Transaction
902607,500000130,2026-09-27,23:07:48,Debit Card,99353,Amazon,Kolkata,Laptop,No,Normal Transaction
902608,500000171,2026-04-28,22:17:27,NEFT,46181,DMart,Kolkata,POS,No,Normal Transaction
902609,500000055,2026-05-28,07:49:53,IMPS,51160,DMart,Hyderabad,Mobile,No,Normal Transaction
902610,500000094,2026-01-03,08:21:16,UPI,57523,PhonePe,Lucknow,ATM,No,Normal Transaction
902611,500000034,2026-07-16,07:40:56,ATM,60542,IRCTC,Mumbai,Laptop,Yes,Multiple Transactions
902612,500000027,2026-04-15,13:21:48,Credit Card,84828,IRCTC,Delhi,Mobile,No,Normal Transaction
902613,500000073,2026-01-05,03:38:19,Debit Card,79931,Uber,Bengaluru,ATM,No,Normal Transaction
902614,500000041,2026-02-21,12:18:16,Credit Card,91049,Amazon,Pune,ATM,No,Normal Transaction
902615,500000149,2026-03-23,05:22:44,ATM,83924,Zomato,Pune,ATM,No,Normal Transaction
902616,500000014,2026-09-26,01:17:55,Debit Card,66192,PhonePe,Pune,Mobile,No,Normal Transaction
902617,500000030,2026-06-08,06:21:26,RTGS,63570,PhonePe,Kolkata,Mobile,No,Normal Transaction
902618,500000109,2026-04-14,23:10:18,ATM,47205,Zomato,Delhi,POS,No,Normal Transaction
902619,500000025,2026-02-06,05:41:30,IMPS,9673,DMart,Bengaluru,ATM,No,Normal Transaction
902620,500000057,2026-09-11,18:44:39,NEFT,32834,Swiggy,Lucknow,Laptop,No,Normal Transaction
902621,500000179,2026-05-15,10:10:02,Credit Card,52955,Flipkart,Pune,Laptop,Yes,Midnight Transaction
902622,500000005,2026-05-22,23:21:11,Debit Card,33367,Swiggy,Hyderabad,Mobile,No,Normal Transaction
902623,500000166,2026-03-06,15:30:13,IMPS,66894,Flipkart,Mumbai,Laptop,No,Normal Transaction
902624,500000086,2026-10-24,05:08:49,NEFT,91774,Flipkart,Hyderabad,ATM,No,Normal Transaction
902625,500000157,2026-12-25,21:18:07,ATM,68654,DMart,Pune,Mobile,No,Normal Transaction
902626,500000175,2026-06-30,20:09:48,RTGS,65648,PhonePe,Lucknow,Laptop,No,Normal Transaction
902627,500000105,2026-06-17,09:34:53,Debit Card,27346,Flipkart,Lucknow,Mobile,No,Normal Transaction
902628,500000176,2026-10-17,22:28:06,NEFT,95333,IRCTC,Pune,POS,No,Normal Transaction
902629,500000022,2026-11-11,11:27:52,Credit Card,64252,Swiggy,Bengaluru,Mobile,Yes,High Amount
902630,500000037,2026-12-11,11:51:27,Credit Card,64036,DMart,Hyderabad,Laptop,No,Normal Transaction
902631,500000043,2026-04-25,18:05:36,NEFT,29959,Reliance,Lucknow,Mobile,Yes,Multiple Transactions
902632,500000109,2026-02-12,19:57:35,UPI,74022,PhonePe,Lucknow,Laptop,No,Normal Transaction
902633,500000089,2026-03-31,16:46:30,Credit Card,61777,Zomato,Pune,ATM,No,Normal Transaction
902634,500000163,2026-09-29,14:31:43,ATM,30873,Flipkart,Mumbai,POS,No,Normal Transaction
902635,500000108,2026-10-23,14:49:15,IMPS,74625,IRCTC,Kolkata,ATM,No,Normal Transaction
902636,500000088,2026-04-22,20:35:11,Credit Card,95400,IRCTC,Lucknow,Mobile,No,Normal Transaction
902637,500000105,2026-02-22,07:19:13,NEFT,37388,IRCTC,Bengaluru,ATM,No,Normal Transaction
902638,500000015,2026-06-14,06:45:08,RTGS,81338,Uber,Lucknow,POS,No,Normal Transaction
902639,500000044,2026-05-10,14:06:52,Credit Card,69811,DMart,Mumbai,Laptop,No,Normal Transaction
902640,500000098,2026-06-29,14:04:00,Debit Card,28947,Flipkart,Kolkata,POS,No,Normal Transaction
902641,500000123,2026-06-24,07:04:27,RTGS,68628,Reliance,Mumbai,POS,No,Normal Transaction
902642,500000073,2026-12-03,21:24:27,NEFT,69770,IRCTC,Kolkata,ATM,No,Normal Transaction
902643,500000043,2026-06-11,07:54:03,NEFT,56936,Paytm,Kolkata,Mobile,No,Normal Transaction
902644,500000168,2026-06-05,03:40:37,UPI,45207,PhonePe,Pune,ATM,No,Normal Transaction
902645,500000117,2026-05-30,11:04:02,ATM,32962,PhonePe,Bengaluru,Laptop,No,Normal Transaction
902646,500000109,2026-12-27,23:40:16,NEFT,1218,Paytm,Hyderabad,Mobile,No,Normal Transaction
902647,500000072,2026-08-13,10:27:32,NEFT,3761,Zomato,Lucknow,POS,No,Normal Transaction
902648,500000066,2026-06-04,23:49:50,NEFT,88109,DMart,Delhi,POS,No,Normal Transaction
902649,500000064,2026-07-19,03:01:31,UPI,80176,PhonePe,Kolkata,POS,No,Normal Transaction
902650,500000047,2026-09-14,06:20:41,Credit Card,80092,Swiggy,Lucknow,POS,No,Normal Transaction
902651,500000144,2026-02-25,15:20:18,IMPS,12801,Flipkart,Kolkata,Mobile,No,Normal Transaction
902652,500000070,2026-09-27,00:27:50,Debit Card,40288,PhonePe,Lucknow,POS,No,Normal Transaction
902653,500000159,2026-03-06,15:11:09,Credit Card,55349,IRCTC,Kolkata,Laptop,No,Normal Transaction
902654,500000132,2026-10-18,09:30:09,Credit Card,36589,DMart,Kolkata,Laptop,No,Normal Transaction
902655,500000168,2026-07-27,18:02:36,Debit Card,5021,IRCTC,Lucknow,ATM,No,Normal Transaction
902656,500000096,2026-05-02,03:45:22,UPI,53881,Amazon,Pune,Laptop,No,Normal Transaction
902657,500000147,2026-12-12,13:59:59,UPI,89055,Reliance,Kolkata,Mobile,No,Normal Transaction
902658,500000162,2026-04-26,02:53:19,ATM,83082,Zomato,Bengaluru,ATM,Yes,Multiple Transactions
902659,500000125,2026-05-08,19:39:08,Credit Card,30402,Amazon,Delhi,Mobile,No,Normal Transaction
902660,500000032,2026-04-17,11:29:47,ATM,37858,PhonePe,Lucknow,Mobile,No,Normal Transaction
902661,500000013,2026-01-26,06:34:15,RTGS,74857,Swiggy,Delhi,Laptop,No,Normal Transaction
902662,500000077,2026-02-21,02:33:57,ATM,72031,Zomato,Hyderabad,ATM,No,Normal Transaction
902663,500000165,2026-07-26,23:07:26,NEFT,68315,Flipkart,Mumbai,Laptop,No,Normal Transaction
902664,500000135,2026-04-05,06:29:09,UPI,20795,Paytm,Mumbai,POS,No,Normal Transaction
902665,500000032,2026-12-14,01:22:29,Debit Card,67465,Flipkart,Lucknow,ATM,No,Normal Transaction
902666,500000166,2026-10-05,18:11:22,ATM,72185,Paytm,Kolkata,ATM,No,Normal Transaction
902667,500000180,2026-03-29,09:05:42,UPI,18136,IRCTC,Lucknow,Mobile,No,Normal Transaction
902668,500000089,2026-11-11,00:33:18,ATM,18866,Swiggy,Delhi,Mobile,No,Normal Transaction
902669,500000115,2026-02-14,03:29:13,IMPS,16964,IRCTC,Bengaluru,Laptop,No,Normal Transaction
902670,500000130,2026-03-08,22:05:06,UPI,62681,DMart,Kolkata,POS,No,Normal Transaction
902671,500000145,2026-06-27,00:54:06,UPI,28140,Swiggy,Mumbai,Mobile,No,Normal Transaction
902672,500000045,2026-09-07,12:02:53,Credit Card,74030,PhonePe,Bengaluru,Mobile,No,Normal Transaction
902673,500000024,2026-09-08,11:13:22,NEFT,8511,PhonePe,Kolkata,Mobile,No,Normal Transaction
902674,500000136,2026-08-01,13:03:22,Debit Card,4605,IRCTC,Delhi,POS,No,Normal Transaction
902675,500000154,2026-02-15,22:28:40,RTGS,7143,Paytm,Lucknow,Laptop,No,Normal Transaction
902676,500000180,2026-02-10,07:03:19,NEFT,13158,Flipkart,Lucknow,Mobile,No,Normal Transaction
902677,500000110,2026-03-06,23:16:45,RTGS,61491,Swiggy,Pune,POS,No,Normal Transaction
902678,500000042,2026-04-02,16:32:21,RTGS,58291,Swiggy,Mumbai,Laptop,No,Normal Transaction
902679,500000067,2026-05-31,21:42:44,ATM,32536,DMart,Kolkata,Mobile,No,Normal Transaction
902680,500000128,2026-12-07,19:38:43,IMPS,93324,Amazon,Kolkata,ATM,No,Normal Transaction
902681,500000048,2026-03-12,03:45:07,UPI,70344,DMart,Pune,Laptop,No,Normal Transaction
902682,500000139,2026-07-01,20:51:15,Debit Card,24200,Paytm,Mumbai,Mobile,No,Normal Transaction
902683,500000090,2026-10-05,06:39:04,RTGS,36886,DMart,Mumbai,Laptop,No,Normal Transaction
902684,500000076,2026-06-07,03:45:10,Debit Card,11886,Amazon,Pune,ATM,No,Normal Transaction
902685,500000069,2026-05-02,11:18:41,NEFT,49762,PhonePe,Bengaluru,Mobile,No,Normal Transaction
902686,500000048,2026-07-24,05:34:15,Credit Card,379,DMart,Lucknow,Mobile,No,Normal Transaction
902687,500000049,2026-10-27,16:46:36,UPI,12548,Uber,Lucknow,Mobile,No,Normal Transaction
902688,500000046,2026-02-28,05:52:39,RTGS,49675,PhonePe,Hyderabad,ATM,No,Normal Transaction
902689,500000100,2026-01-21,02:22:04,NEFT,58222,Paytm,Kolkata,POS,No,Normal Transaction
902690,500000175,2026-12-10,15:12:07,Credit Card,17906,Reliance,Pune,Laptop,No,Normal Transaction
902691,500000135,2026-03-11,13:36:49,ATM,47058,Reliance,Mumbai,ATM,No,Normal Transaction
902692,500000091,2026-11-08,15:20:29,Debit Card,27533,IRCTC,Bengaluru,ATM,No,Normal Transaction
902693,500000108,2026-05-04,06:33:22,IMPS,14524,DMart,Lucknow,Laptop,No,Normal Transaction
902694,500000060,2026-02-15,12:15:07,Credit Card,87453,DMart,Kolkata,POS,No,Normal Transaction
902695,500000071,2026-02-21,09:46:55,Debit Card,15751,PhonePe,Mumbai,ATM,No,Normal Transaction
902696,500000124,2026-01-31,10:52:33,ATM,36081,IRCTC,Mumbai,Laptop,No,Normal Transaction
902697,500000012,2026-01-23,04:43:50,ATM,92919,Uber,Mumbai,POS,No,Normal Transaction
902698,500000077,2026-08-04,16:39:17,UPI,88510,DMart,Kolkata,ATM,No,Normal Transaction
902699,500000087,2026-06-10,06:46:13,Debit Card,9800,Amazon,Kolkata,Mobile,No,Normal Transaction
902700,500000157,2026-02-13,01:58:20,UPI,5912,Zomato,Bengaluru,Mobile,No,Normal Transaction
902701,500000107,2026-04-16,05:46:43,NEFT,27499,Amazon,Hyderabad,ATM,No,Normal Transaction
902702,500000130,2026-08-21,18:00:07,NEFT,51841,Swiggy,Mumbai,Mobile,No,Normal Transaction
902703,500000035,2026-05-11,10:15:32,ATM,75694,PhonePe,Bengaluru,Laptop,No,Normal Transaction
902704,500000103,2026-07-19,15:17:56,Debit Card,32274,Swiggy,Mumbai,Laptop,No,Normal Transaction
902705,500000162,2026-10-23,06:10:53,IMPS,16340,Zomato,Mumbai,ATM,No,Normal Transaction
902706,500000069,2026-01-21,18:11:11,RTGS,89718,Reliance,Bengaluru,Mobile,No,Normal Transaction
902707,500000014,2026-02-23,12:12:44,ATM,96838,Uber,Pune,Mobile,No,Normal Transaction
902708,500000043,2026-08-03,14:52:48,ATM,55372,Paytm,Lucknow,ATM,No,Normal Transaction
902709,500000096,2026-05-13,16:21:00,RTGS,90281,IRCTC,Mumbai,Laptop,No,Normal Transaction
902710,500000088,2026-03-11,15:35:44,NEFT,43366,Reliance,Kolkata,Laptop,No,Normal Transaction
902711,500000117,2026-05-09,13:16:42,RTGS,17295,Reliance,Pune,ATM,Yes,Different City
902712,500000117,2026-05-03,12:36:38,UPI,41676,Reliance,Delhi,POS,No,Normal Transaction
902713,500000053,2026-06-27,13:10:58,Debit Card,27660,Zomato,Bengaluru,ATM,No,Normal Transaction
902714,500000046,2026-04-15,16:43:12,ATM,34392,Reliance,Pune,ATM,No,Normal Transaction
902715,500000139,2026-04-19,10:11:59,ATM,36252,Zomato,Pune,Mobile,No,Normal Transaction
902716,500000006,2026-12-22,20:28:38,IMPS,2072,Flipkart,Pune,Mobile,No,Normal Transaction
902717,500000049,2026-07-09,11:29:49,ATM,37926,Flipkart,Hyderabad,Mobile,No,Normal Transaction
902718,500000124,2026-08-29,16:59:41,Credit Card,8188,Swiggy,Lucknow,Mobile,No,Normal Transaction
902719,500000038,2026-09-24,03:08:34,IMPS,57403,Amazon,Lucknow,POS,No,Normal Transaction
902720,500000077,2026-11-17,06:58:14,UPI,95610,Flipkart,Pune,Laptop,No,Normal Transaction
902721,500000057,2026-04-02,02:07:12,ATM,19534,Amazon,Lucknow,Laptop,No,Normal Transaction
902722,500000102,2026-01-27,15:56:33,IMPS,41928,Zomato,Mumbai,POS,No,Normal Transaction
902723,500000080,2026-03-25,05:24:46,Debit Card,96074,Amazon,Mumbai,POS,No,Normal Transaction
902724,500000170,2026-12-21,16:55:06,ATM,49260,Reliance,Mumbai,Laptop,No,Normal Transaction
902725,500000169,2026-01-12,10:06:37,NEFT,93334,IRCTC,Kolkata,Laptop,No,Normal Transaction
902726,500000134,2026-01-20,00:28:20,RTGS,99579,Uber,Hyderabad,ATM,No,Normal Transaction
902727,500000060,2026-04-20,23:26:24,UPI,71365,Amazon,Hyderabad,POS,No,Normal Transaction
902728,500000032,2026-07-14,11:46:19,Credit Card,10821,IRCTC,Hyderabad,POS,No,Normal Transaction
902729,500000152,2026-06-16,20:53:44,NEFT,76749,PhonePe,Hyderabad,Laptop,No,Normal Transaction
902730,500000143,2026-03-26,10:36:57,RTGS,2276,Uber,Lucknow,ATM,No,Normal Transaction
902731,500000043,2026-11-24,20:08:57,IMPS,56214,IRCTC,Kolkata,Mobile,No,Normal Transaction
902732,500000110,2026-11-27,17:46:01,UPI,5940,Paytm,Mumbai,Laptop,No,Normal Transaction
902733,500000119,2026-06-23,16:36:33,RTGS,92355,PhonePe,Hyderabad,ATM,No,Normal Transaction
902734,500000134,2026-07-02,06:09:35,IMPS,60331,PhonePe,Hyderabad,POS,No,Normal Transaction
902735,500000111,2026-11-08,07:33:36,IMPS,39888,IRCTC,Hyderabad,ATM,No,Normal Transaction
902736,500000134,2026-03-12,08:34:50,Credit Card,9384,DMart,Hyderabad,Mobile,No,Normal Transaction
902737,500000065,2026-11-06,07:45:57,NEFT,29690,Reliance,Kolkata,POS,No,Normal Transaction
902738,500000046,2026-05-21,16:15:39,ATM,25231,PhonePe,Delhi,ATM,No,Normal Transaction
902739,500000105,2026-08-27,08:50:27,RTGS,89850,Swiggy,Mumbai,ATM,No,Normal Transaction
902740,500000084,2026-07-24,16:59:44,IMPS,17674,Swiggy,Kolkata,Laptop,No,Normal Transaction
902741,500000081,2026-02-11,05:27:47,NEFT,67917,Zomato,Lucknow,Mobile,No,Normal Transaction
902742,500000087,2026-08-12,17:34:12,IMPS,80337,PhonePe,Lucknow,ATM,No,Normal Transaction
902743,500000067,2026-07-15,00:03:01,Credit Card,53457,IRCTC,Bengaluru,Mobile,No,Normal Transaction
902744,500000108,2026-12-01,09:26:33,UPI,22392,PhonePe,Mumbai,ATM,No,Normal Transaction
902745,500000085,2026-01-30,13:20:51,RTGS,8934,Uber,Pune,POS,No,Normal Transaction
902746,500000023,2026-10-31,19:42:29,NEFT,2940,Uber,Bengaluru,Mobile,No,Normal Transaction
902747,500000176,2026-12-15,11:08:28,ATM,25999,PhonePe,Bengaluru,ATM,No,Normal Transaction
902748,500000071,2026-12-05,17:52:10,IMPS,57385,Swiggy,Bengaluru,Mobile,No,Normal Transaction
902749,500000022,2026-02-11,06:33:00,Credit Card,76519,PhonePe,Kolkata,Mobile,No,Normal Transaction
902750,500000006,2026-09-16,21:17:44,Debit Card,75682,IRCTC,Lucknow,ATM,No,Normal Transaction
902751,500000140,2026-03-27,03:49:21,RTGS,21561,PhonePe,Delhi,ATM,No,Normal Transaction
902752,500000052,2026-11-11,17:46:07,RTGS,37775,Swiggy,Kolkata,POS,No,Normal Transaction
902753,500000037,2026-08-25,15:36:50,UPI,21352,IRCTC,Lucknow,Laptop,No,Normal Transaction
902754,500000043,2026-05-27,21:45:22,ATM,52029,IRCTC,Lucknow,ATM,No,Normal Transaction
902755,500000024,2026-07-19,07:55:09,Credit Card,34170,PhonePe,Lucknow,Laptop,No,Normal Transaction
902756,500000055,2026-07-24,05:18:17,IMPS,48871,Amazon,Hyderabad,Mobile,No,Normal Transaction
902757,500000052,2026-06-14,20:22:56,ATM,17955,IRCTC,Kolkata,POS,No,Normal Transaction
902758,500000152,2026-01-17,08:56:27,ATM,20929,DMart,Delhi,Mobile,No,Normal Transaction
902759,500000017,2026-08-20,17:06:58,ATM,70339,DMart,Pune,POS,No,Normal Transaction
902760,500000148,2026-05-24,17:56:17,RTGS,28648,IRCTC,Mumbai,POS,No,Normal Transaction
902761,500000136,2026-08-19,02:57:53,ATM,22079,Flipkart,Hyderabad,Mobile,No,Normal Transaction
902762,500000046,2026-02-19,03:14:12,Debit Card,81277,IRCTC,Delhi,POS,No,Normal Transaction
902763,500000062,2026-11-21,03:53:09,ATM,35290,Amazon,Bengaluru,POS,No,Normal Transaction
902764,500000049,2026-11-10,06:45:48,Debit Card,65530,Zomato,Hyderabad,POS,No,Normal Transaction
902765,500000086,2026-04-04,02:09:58,IMPS,75464,PhonePe,Pune,Laptop,No,Normal Transaction
902766,500000102,2026-11-26,00:44:23,Credit Card,47535,PhonePe,Delhi,Laptop,No,Normal Transaction
902767,500000022,2026-01-27,20:54:12,ATM,51371,DMart,Hyderabad,Laptop,No,Normal Transaction
902768,500000031,2026-11-15,07:01:58,RTGS,10470,Flipkart,Lucknow,Mobile,No,Normal Transaction
902769,500000115,2026-10-13,02:46:06,IMPS,4462,PhonePe,Pune,Laptop,No,Normal Transaction
902770,500000164,2026-07-19,22:01:23,ATM,97387,Flipkart,Kolkata,Mobile,No,Normal Transaction
902771,500000025,2026-09-30,15:51:10,Credit Card,32256,Reliance,Lucknow,ATM,No,Normal Transaction
902772,500000136,2026-09-03,03:58:30,RTGS,66532,Paytm,Kolkata,Laptop,No,Normal Transaction
902773,500000011,2026-07-02,06:26:07,ATM,1584,Uber,Pune,ATM,No,Normal Transaction
902774,500000084,2026-01-23,02:02:16,ATM,20814,Uber,Delhi,Laptop,No,Normal Transaction
902775,500000027,2026-01-21,02:49:49,ATM,67265,Reliance,Mumbai,Mobile,No,Normal Transaction
902776,500000007,2026-03-28,08:24:27,ATM,43861,PhonePe,Lucknow,Mobile,No,Normal Transaction
902777,500000054,2026-09-19,21:30:55,Credit Card,63799,Amazon,Pune,ATM,No,Normal Transaction
902778,500000160,2026-04-03,14:27:06,RTGS,34541,PhonePe,Hyderabad,Laptop,No,Normal Transaction
902779,500000042,2026-05-12,13:30:00,UPI,85246,Paytm,Bengaluru,Laptop,No,Normal Transaction
902780,500000099,2026-06-19,15:41:08,RTGS,72277,Uber,Hyderabad,Mobile,No,Normal Transaction
902781,500000119,2026-08-27,21:21:50,RTGS,28291,Reliance,Delhi,POS,No,Normal Transaction
902782,500000119,2026-09-12,06:58:16,ATM,44703,Flipkart,Bengaluru,Mobile,No,Normal Transaction
902783,500000166,2026-09-21,07:22:22,UPI,59775,Zomato,Bengaluru,Laptop,No,Normal Transaction
902784,500000153,2026-12-04,03:51:35,IMPS,33570,Reliance,Delhi,Laptop,No,Normal Transaction
902785,500000173,2026-01-16,00:32:57,Debit Card,41216,IRCTC,Delhi,POS,No,Normal Transaction
902786,500000152,2026-12-03,20:21:30,RTGS,69535,DMart,Hyderabad,Laptop,No,Normal Transaction
902787,500000047,2026-06-10,03:21:36,RTGS,10032,Amazon,Delhi,Mobile,No,Normal Transaction
902788,500000161,2026-02-09,08:25:20,UPI,40953,Swiggy,Delhi,Mobile,No,Normal Transaction
902789,500000086,2026-01-19,08:28:55,Credit Card,44649,PhonePe,Mumbai,Mobile,No,Normal Transaction
902790,500000114,2026-09-24,12:40:33,ATM,91075,Zomato,Bengaluru,POS,No,Normal Transaction
902791,500000116,2026-08-02,11:22:27,Credit Card,62257,Flipkart,Hyderabad,Laptop,No,Normal Transaction
902792,500000055,2026-07-26,09:57:40,IMPS,99032,Swiggy,Kolkata,Mobile,Yes,Midnight Transaction
902793,500000160,2026-09-10,06:06:49,NEFT,71675,Paytm,Delhi,POS,No,Normal Transaction
902794,500000129,2026-12-18,23:23:31,RTGS,83233,Reliance,Mumbai,POS,No,Normal Transaction
902795,500000027,2026-10-06,13:52:59,Debit Card,51954,IRCTC,Pune,Mobile,No,Normal Transaction
902796,500000152,2026-11-09,07:53:41,UPI,48760,Flipkart,Mumbai,POS,No,Normal Transaction
902797,500000057,2026-07-21,13:57:47,NEFT,88392,IRCTC,Kolkata,ATM,No,Normal Transaction
902798,500000070,2026-11-13,20:27:50,IMPS,69021,PhonePe,Mumbai,POS,No,Normal Transaction
902799,500000028,2026-05-07,12:13:38,Credit Card,15425,DMart,Lucknow,Laptop,No,Normal Transaction
902800,500000162,2026-06-16,15:46:21,RTGS,78935,Reliance,Bengaluru,POS,No,Normal Transaction
902801,500000004,2026-03-06,14:47:28,Debit Card,68308,Swiggy,Pune,Laptop,No,Normal Transaction
902802,500000047,2026-05-27,06:05:19,UPI,45761,PhonePe,Delhi,Mobile,No,Normal Transaction
902803,500000085,2026-11-16,09:13:24,NEFT,70061,Reliance,Hyderabad,Laptop,No,Normal Transaction
902804,500000092,2026-03-02,22:47:58,NEFT,62025,DMart,Lucknow,ATM,No,Normal Transaction
902805,500000096,2026-09-25,04:54:23,ATM,44022,Amazon,Mumbai,POS,No,Normal Transaction
902806,500000074,2026-10-05,16:05:01,Debit Card,37194,IRCTC,Bengaluru,Mobile,No,Normal Transaction
902807,500000174,2026-09-09,06:32:59,RTGS,35544,IRCTC,Hyderabad,ATM,No,Normal Transaction
902808,500000047,2026-06-02,00:12:19,UPI,88953,Reliance,Mumbai,Mobile,No,Normal Transaction
902809,500000120,2026-05-31,07:11:20,Credit Card,81416,IRCTC,Hyderabad,POS,No,Normal Transaction
902810,500000070,2026-09-24,23:11:41,UPI,44462,Paytm,Kolkata,ATM,No,Normal Transaction
902811,500000162,2026-06-30,01:12:15,ATM,80641,IRCTC,Lucknow,ATM,No,Normal Transaction
902812,500000064,2026-05-08,23:41:06,RTGS,28890,DMart,Mumbai,Mobile,No,Normal Transaction
902813,500000035,2026-06-16,11:14:27,UPI,94339,IRCTC,Hyderabad,Mobile,No,Normal Transaction
902814,500000031,2026-05-16,06:19:49,RTGS,76730,Reliance,Kolkata,POS,No,Normal Transaction
902815,500000052,2026-07-19,12:38:45,IMPS,8863,DMart,Lucknow,Laptop,No,Normal Transaction
902816,500000104,2026-04-23,16:58:40,Debit Card,44486,Paytm,Lucknow,ATM,No,Normal Transaction
902817,500000140,2026-02-15,01:55:08,UPI,34195,Flipkart,Bengaluru,ATM,No,Normal Transaction
902818,500000140,2026-10-01,23:09:31,NEFT,85723,Flipkart,Bengaluru,ATM,No,Normal Transaction
902819,500000138,2026-02-05,07:09:34,Credit Card,59597,Swiggy,Kolkata,POS,No,Normal Transaction
902820,500000010,2026-09-12,22:07:23,NEFT,71603,Swiggy,Bengaluru,ATM,No,Normal Transaction
902821,500000162,2026-10-06,11:36:44,Debit Card,10767,Uber,Pune,POS,No,Normal Transaction
902822,500000112,2026-12-22,09:54:35,RTGS,32278,Uber,Kolkata,Laptop,No,Normal Transaction
902823,500000116,2026-02-22,12:44:50,Credit Card,94913,PhonePe,Lucknow,POS,No,Normal Transaction
902824,500000102,2026-10-22,12:07:44,RTGS,1729,DMart,Hyderabad,Mobile,No,Normal Transaction
902825,500000030,2026-03-18,22:42:17,RTGS,86928,DMart,Lucknow,Mobile,No,Normal Transaction
902826,500000013,2026-02-18,19:30:28,Debit Card,58964,Amazon,Hyderabad,Mobile,No,Normal Transaction
902827,500000047,2026-05-24,03:13:40,Debit Card,57484,Swiggy,Lucknow,POS,No,Normal Transaction
902828,500000010,2026-05-02,23:57:53,Credit Card,32020,Amazon,Delhi,Laptop,No,Normal Transaction
902829,500000014,2026-05-17,03:47:07,Credit Card,38615,IRCTC,Pune,Mobile,No,Normal Transaction
902830,500000171,2026-06-23,23:53:57,IMPS,56398,Zomato,Hyderabad,Laptop,No,Normal Transaction
902831,500000133,2026-02-10,20:29:18,NEFT,90711,Zomato,Lucknow,POS,No,Normal Transaction
902832,500000049,2026-08-04,22:00:20,UPI,79809,Reliance,Bengaluru,POS,Yes,Multiple Transactions
902833,500000158,2026-01-01,02:56:26,Debit Card,14853,Swiggy,Bengaluru,Laptop,Yes,Multiple Transactions
902834,500000171,2026-03-17,23:54:55,Debit Card,18969,Amazon,Delhi,ATM,No,Normal Transaction
902835,500000081,2026-04-04,06:09:51,UPI,34316,Uber,Mumbai,Laptop,No,Normal Transaction
902836,500000030,2026-02-04,18:29:18,Credit Card,51673,Zomato,Mumbai,Laptop,No,Normal Transaction
902837,500000067,2026-09-18,08:49:07,RTGS,12992,Uber,Kolkata,Mobile,No,Normal Transaction
902838,500000020,2026-02-21,20:28:24,UPI,80214,Paytm,Kolkata,Laptop,No,Normal Transaction
902839,500000099,2026-09-25,02:24:33,ATM,95778,PhonePe,Delhi,Mobile,No,Normal Transaction
902840,500000010,2026-07-03,23:29:12,ATM,78841,PhonePe,Delhi,ATM,No,Normal Transaction
902841,500000076,2026-01-22,22:09:50,UPI,49503,DMart,Hyderabad,POS,No,Normal Transaction
902842,500000072,2026-05-14,07:19:10,Debit Card,18112,Flipkart,Bengaluru,ATM,No,Normal Transaction
902843,500000020,2026-11-13,21:21:39,UPI,15518,DMart,Hyderabad,Laptop,No,Normal Transaction
902844,500000095,2026-10-17,12:16:53,IMPS,49131,Amazon,Pune,POS,No,Normal Transaction
902845,500000125,2026-09-29,17:30:55,IMPS,91587,IRCTC,Bengaluru,Mobile,No,Normal Transaction
902846,500000110,2026-01-21,20:40:19,RTGS,46072,Swiggy,Kolkata,Mobile,No,Normal Transaction
902847,500000026,2026-06-01,05:23:24,RTGS,23886,DMart,Pune,ATM,No,Normal Transaction
902848,500000078,2026-09-20,05:49:39,NEFT,70161,IRCTC,Kolkata,ATM,No,Normal Transaction
902849,500000016,2026-04-30,19:43:13,RTGS,3439,PhonePe,Hyderabad,Laptop,No,Normal Transaction
902850,500000102,2026-09-11,03:12:10,RTGS,39773,Paytm,Lucknow,ATM,No,Normal Transaction
902851,500000072,2026-10-27,18:22:37,Credit Card,75189,PhonePe,Mumbai,POS,No,Normal Transaction
902852,500000004,2026-06-24,22:54:37,UPI,85910,PhonePe,Hyderabad,ATM,No,Normal Transaction
902853,500000059,2026-07-02,12:14:49,IMPS,31737,DMart,Kolkata,Laptop,No,Normal Transaction
902854,500000011,2026-01-08,00:21:47,NEFT,53343,IRCTC,Delhi,POS,No,Normal Transaction
902855,500000076,2026-07-14,13:33:10,IMPS,52801,Uber,Pune,ATM,No,Normal Transaction
902856,500000103,2026-11-25,21:45:32,Credit Card,47310,Uber,Mumbai,ATM,No,Normal Transaction
902857,500000070,2026-07-07,14:10:49,Debit Card,38742,Paytm,Hyderabad,POS,No,Normal Transaction
902858,500000125,2026-02-22,10:58:56,IMPS,61253,Zomato,Pune,POS,No,Normal Transaction
902859,500000158,2026-06-02,15:04:20,Debit Card,55426,Paytm,Hyderabad,Laptop,No,Normal Transaction
902860,500000119,2026-07-14,12:48:37,Debit Card,97889,Paytm,Delhi,ATM,No,Normal Transaction
902861,500000084,2026-08-23,05:46:57,NEFT,89882,Paytm,Hyderabad,ATM,No,Normal Transaction
902862,500000065,2026-09-01,08:59:30,Debit Card,49289,Amazon,Delhi,POS,No,Normal Transaction
902863,500000064,2026-10-29,02:28:06,UPI,36616,Paytm,Pune,ATM,No,Normal Transaction
902864,500000125,2026-01-14,03:35:03,RTGS,43606,Reliance,Kolkata,ATM,No,Normal Transaction
902865,500000079,2026-03-28,12:36:52,ATM,46732,Flipkart,Kolkata,ATM,No,Normal Transaction
902866,500000024,2026-04-20,20:41:00,NEFT,46514,DMart,Mumbai,ATM,No,Normal Transaction
902867,500000137,2026-01-29,04:51:36,RTGS,91756,IRCTC,Mumbai,POS,No,Normal Transaction
902868,500000140,2026-12-19,13:25:09,Debit Card,51159,Zomato,Delhi,POS,No,Normal Transaction
902869,500000040,2026-02-16,06:18:09,NEFT,16619,Zomato,Lucknow,Laptop,No,Normal Transaction
902870,500000014,2026-08-18,18:17:29,RTGS,27379,Amazon,Hyderabad,Mobile,No,Normal Transaction
902871,500000167,2026-06-25,06:00:11,Credit Card,95188,Reliance,Lucknow,ATM,No,Normal Transaction
902872,500000056,2026-10-06,20:21:13,Debit Card,20278,Amazon,Delhi,Laptop,No,Normal Transaction
902873,500000111,2026-03-20,08:26:04,NEFT,71192,Flipkart,Bengaluru,Mobile,No,Normal Transaction
902874,500000156,2026-04-05,21:51:20,ATM,516,DMart,Delhi,Mobile,No,Normal Transaction
902875,500000027,2026-09-25,04:53:28,RTGS,90763,Uber,Kolkata,POS,No,Normal Transaction
902876,500000151,2026-01-18,09:05:38,NEFT,58951,Swiggy,Kolkata,Laptop,Yes,Midnight Transaction
902877,500000080,2026-06-27,21:12:43,Credit Card,27566,PhonePe,Delhi,ATM,No,Normal Transaction
902878,500000047,2026-09-06,04:35:39,IMPS,60472,Uber,Kolkata,POS,No,Normal Transaction
902879,500000070,2026-08-10,16:32:39,IMPS,96433,DMart,Bengaluru,Laptop,No,Normal Transaction
902880,500000062,2026-09-03,14:43:50,Debit Card,200,DMart,Delhi,POS,Yes,High Amount
902881,500000159,2026-06-03,00:49:56,UPI,78877,Amazon,Hyderabad,Laptop,No,Normal Transaction
902882,500000034,2026-01-26,10:44:34,IMPS,56529,IRCTC,Bengaluru,Laptop,No,Normal Transaction
902883,500000031,2026-12-13,20:53:39,Credit Card,50821,Zomato,Hyderabad,Mobile,No,Normal Transaction
902884,500000133,2026-12-12,18:15:26,UPI,30333,Amazon,Bengaluru,Laptop,No,Normal Transaction
902885,500000030,2026-02-01,05:01:37,RTGS,33392,Paytm,Delhi,ATM,No,Normal Transaction
902886,500000007,2026-11-12,06:16:35,RTGS,90174,Swiggy,Pune,POS,No,Normal Transaction
902887,500000106,2026-01-21,13:08:00,IMPS,40894,IRCTC,Delhi,Laptop,No,Normal Transaction
902888,500000005,2026-06-07,05:11:29,RTGS,73274,Zomato,Pune,ATM,No,Normal Transaction
902889,500000002,2026-08-20,04:38:09,Debit Card,15103,Uber,Pune,Mobile,No,Normal Transaction
902890,500000115,2026-07-17,12:38:24,ATM,37708,Flipkart,Mumbai,POS,No,Normal Transaction
902891,500000092,2026-02-23,00:55:11,IMPS,3358,DMart,Bengaluru,ATM,No,Normal Transaction
902892,500000113,2026-09-09,04:02:13,NEFT,78997,DMart,Pune,Laptop,No,Normal Transaction
902893,500000021,2026-05-15,13:31:26,UPI,74624,Paytm,Bengaluru,POS,No,Normal Transaction
902894,500000141,2026-03-04,21:04:52,NEFT,77521,Zomato,Lucknow,Laptop,No,Normal Transaction
902895,500000175,2026-08-28,09:52:05,IMPS,14458,Amazon,Pune,ATM,No,Normal Transaction
902896,500000140,2026-07-23,13:44:45,IMPS,99204,Uber,Delhi,ATM,No,Normal Transaction
902897,500000067,2026-04-25,02:44:36,ATM,13265,Zomato,Mumbai,POS,No,Normal Transaction
902898,500000054,2026-07-04,19:32:03,NEFT,36617,Swiggy,Lucknow,ATM,No,Normal Transaction
902899,500000015,2026-01-31,21:33:52,RTGS,97069,Paytm,Bengaluru,Laptop,No,Normal Transaction
902900,500000017,2026-01-01,22:14:57,Credit Card,15450,Flipkart,Hyderabad,ATM,No,Normal Transaction
902901,500000052,2026-05-17,18:45:21,Credit Card,76591,Flipkart,Pune,POS,No,Normal Transaction
902902,500000055,2026-06-25,00:08:59,IMPS,96052,Uber,Pune,Laptop,No,Normal Transaction
902903,500000140,2026-01-08,18:22:36,Debit Card,64178,DMart,Pune,Mobile,No,Normal Transaction
902904,500000068,2026-03-04,04:17:42,IMPS,34825,Paytm,Delhi,ATM,No,Normal Transaction
902905,500000038,2026-04-15,17:55:26,IMPS,3969,Uber,Delhi,Laptop,Yes,Midnight Transaction
902906,500000072,2026-09-18,12:03:09,RTGS,38530,Amazon,Delhi,Mobile,No,Normal Transaction
902907,500000168,2026-03-11,22:40:08,IMPS,2030,PhonePe,Mumbai,ATM,No,Normal Transaction
902908,500000114,2026-03-16,16:28:09,UPI,51463,Amazon,Lucknow,ATM,No,Normal Transaction
902909,500000162,2026-09-19,06:49:37,ATM,69497,DMart,Kolkata,Laptop,No,Normal Transaction
902910,500000043,2026-02-22,23:01:17,ATM,84436,Amazon,Hyderabad,Laptop,No,Normal Transaction
902911,500000110,2026-09-28,21:59:37,Credit Card,41926,Flipkart,Pune,ATM,Yes,Different City
902912,500000129,2026-08-18,02:05:45,NEFT,98481,DMart,Kolkata,Laptop,No,Normal Transaction
902913,500000057,2026-12-02,01:54:56,Credit Card,40095,Amazon,Delhi,Mobile,No,Normal Transaction
902914,500000116,2026-08-28,13:03:26,NEFT,52350,Zomato,Kolkata,POS,No,Normal Transaction
902915,500000126,2026-11-07,20:13:00,Credit Card,23270,Paytm,Hyderabad,Laptop,No,Normal Transaction
902916,500000177,2026-10-10,08:33:09,Credit Card,22714,PhonePe,Pune,ATM,No,Normal Transaction
902917,500000097,2026-07-29,03:26:54,RTGS,57370,Uber,Mumbai,Laptop,No,Normal Transaction
902918,500000113,2026-01-12,09:12:22,RTGS,82755,IRCTC,Lucknow,Mobile,No,Normal Transaction
902919,500000133,2026-03-11,23:36:52,RTGS,24849,Amazon,Bengaluru,ATM,No,Normal Transaction
902920,500000111,2026-03-13,17:51:49,RTGS,45682,Flipkart,Delhi,ATM,No,Normal Transaction
902921,500000071,2026-06-27,15:40:37,RTGS,95032,Reliance,Pune,POS,No,Normal Transaction
902922,500000058,2026-05-11,10:03:49,UPI,71526,IRCTC,Kolkata,Mobile,No,Normal Transaction
902923,500000100,2026-02-06,00:37:22,NEFT,43853,DMart,Lucknow,Mobile,No,Normal Transaction
902924,500000091,2026-01-14,20:53:50,NEFT,86277,DMart,Bengaluru,Laptop,No,Normal Transaction
902925,500000118,2026-12-17,03:09:29,RTGS,20660,Flipkart,Bengaluru,Laptop,No,Normal Transaction
902926,500000170,2026-02-12,09:55:33,Credit Card,56005,IRCTC,Mumbai,Laptop,No,Normal Transaction
902927,500000094,2026-03-26,11:15:16,RTGS,40738,Paytm,Lucknow,ATM,No,Normal Transaction
902928,500000115,2026-11-10,11:43:07,Debit Card,10284,Amazon,Delhi,ATM,No,Normal Transaction
902929,500000049,2026-10-01,20:02:26,NEFT,85753,Uber,Hyderabad,ATM,No,Normal Transaction
902930,500000132,2026-05-19,01:39:51,ATM,66101,Zomato,Pune,ATM,No,Normal Transaction
902931,500000165,2026-11-26,05:38:10,RTGS,46390,Reliance,Kolkata,ATM,No,Normal Transaction
902932,500000096,2026-06-13,00:37:28,Credit Card,67024,Paytm,Lucknow,ATM,No,Normal Transaction
902933,500000042,2026-11-04,03:51:17,Debit Card,22281,Uber,Kolkata,POS,No,Normal Transaction
902934,500000063,2026-05-09,12:22:26,RTGS,40701,Flipkart,Hyderabad,ATM,No,Normal Transaction
902935,500000142,2026-07-07,14:02:03,RTGS,37932,Reliance,Mumbai,Mobile,No,Normal Transaction
902936,500000166,2026-10-29,21:21:33,ATM,52313,Reliance,Mumbai,ATM,No,Normal Transaction
902937,500000015,2026-05-07,14:45:50,Debit Card,82004,Paytm,Pune,ATM,Yes,High Amount
902938,500000139,2026-09-26,09:38:52,Credit Card,22024,Zomato,Hyderabad,Laptop,No,Normal Transaction
902939,500000150,2026-10-23,00:12:10,ATM,89490,Amazon,Lucknow,POS,No,Normal Transaction
902940,500000024,2026-11-26,05:04:31,RTGS,50721,PhonePe,Lucknow,ATM,No,Normal Transaction
902941,500000069,2026-07-11,19:42:20,ATM,74418,Swiggy,Lucknow,ATM,No,Normal Transaction
902942,500000147,2026-01-22,11:50:28,ATM,67871,DMart,Delhi,Laptop,No,Normal Transaction
902943,500000158,2026-08-14,17:46:24,IMPS,73303,Flipkart,Kolkata,POS,No,Normal Transaction
902944,500000118,2026-04-12,18:08:59,IMPS,20686,Paytm,Hyderabad,ATM,No,Normal Transaction
902945,500000068,2026-05-03,04:49:06,IMPS,95201,PhonePe,Mumbai,Mobile,No,Normal Transaction
902946,500000067,2026-05-30,12:29:31,UPI,46630,Zomato,Kolkata,ATM,No,Normal Transaction
902947,500000020,2026-09-13,09:24:19,ATM,73355,Flipkart,Delhi,ATM,No,Normal Transaction
902948,500000096,2026-02-10,01:21:01,RTGS,43950,Reliance,Delhi,Mobile,No,Normal Transaction
902949,500000022,2026-12-14,11:01:48,Credit Card,82732,Reliance,Kolkata,ATM,No,Normal Transaction
902950,500000040,2026-03-09,20:46:53,Credit Card,65486,Zomato,Mumbai,POS,No,Normal Transaction
902951,500000034,2026-07-08,09:19:55,Credit Card,63197,Uber,Lucknow,ATM,No,Normal Transaction
902952,500000148,2026-01-22,09:42:57,IMPS,44987,Paytm,Pune,POS,No,Normal Transaction
902953,500000032,2026-08-19,17:51:30,UPI,43330,Zomato,Mumbai,Mobile,No,Normal Transaction
902954,500000077,2026-11-13,04:48:40,NEFT,25894,IRCTC,Hyderabad,POS,No,Normal Transaction
902955,500000150,2026-04-24,07:16:23,UPI,29754,IRCTC,Mumbai,Mobile,Yes,Different City
902956,500000080,2026-12-28,09:00:36,UPI,66575,Amazon,Kolkata,ATM,No,Normal Transaction
902957,500000087,2026-02-04,14:48:34,IMPS,68044,PhonePe,Mumbai,POS,No,Normal Transaction
902958,500000037,2026-10-28,13:34:17,ATM,12761,DMart,Lucknow,ATM,No,Normal Transaction
902959,500000022,2026-11-15,10:55:29,RTGS,98531,Paytm,Lucknow,POS,No,Normal Transaction
902960,500000066,2026-03-24,18:19:42,Credit Card,16028,Reliance,Lucknow,Mobile,No,Normal Transaction
902961,500000103,2026-01-21,01:43:27,Credit Card,12770,Zomato,Kolkata,Mobile,No,Normal Transaction
902962,500000007,2026-07-17,00:29:19,Credit Card,386,Flipkart,Bengaluru,Laptop,No,Normal Transaction
902963,500000115,2026-02-07,23:15:43,RTGS,35061,Paytm,Hyderabad,Laptop,No,Normal Transaction
902964,500000132,2026-03-17,19:02:45,Debit Card,3710,Reliance,Lucknow,POS,No,Normal Transaction
902965,500000127,2026-12-18,16:21:47,Credit Card,65459,Zomato,Lucknow,Mobile,No,Normal Transaction
902966,500000131,2026-11-05,06:14:26,IMPS,26500,Uber,Pune,POS,No,Normal Transaction
902967,500000165,2026-08-24,22:03:38,RTGS,43392,PhonePe,Mumbai,ATM,No,Normal Transaction
902968,500000139,2026-09-05,02:53:53,Debit Card,96494,DMart,Lucknow,POS,No,Normal Transaction
902969,500000063,2026-12-19,14:33:24,Debit Card,30219,Reliance,Pune,Mobile,No,Normal Transaction
902970,500000089,2026-02-13,10:15:34,NEFT,72080,PhonePe,Pune,Mobile,No,Normal Transaction
902971,500000091,2026-01-17,21:19:01,NEFT,47575,Amazon,Mumbai,Mobile,No,Normal Transaction
902972,500000163,2026-04-26,04:19:02,IMPS,55793,Uber,Hyderabad,Mobile,No,Normal Transaction
902973,500000170,2026-10-16,17:10:37,Credit Card,68064,Flipkart,Pune,Laptop,No,Normal Transaction
902974,500000156,2026-02-04,06:56:09,Debit Card,65951,Uber,Bengaluru,Mobile,No,Normal Transaction
902975,500000142,2026-11-07,16:29:39,NEFT,36354,DMart,Kolkata,Laptop,No,Normal Transaction
902976,500000105,2027-01-01,02:23:41,UPI,49374,PhonePe,Bengaluru,ATM,No,Normal Transaction
902977,500000144,2026-03-08,11:28:50,Credit Card,83059,Swiggy,Kolkata,Mobile,No,Normal Transaction
902978,500000062,2026-01-13,12:53:54,Debit Card,97262,Amazon,Hyderabad,ATM,No,Normal Transaction
902979,500000053,2026-02-20,10:04:52,IMPS,69194,PhonePe,Delhi,Mobile,No,Normal Transaction
902980,500000173,2026-05-25,10:52:07,NEFT,47625,Swiggy,Lucknow,POS,No,Normal Transaction
902981,500000123,2026-04-11,15:44:11,Debit Card,44377,Reliance,Hyderabad,Laptop,Yes,Different City
902982,500000096,2026-10-15,07:12:02,NEFT,5954,DMart,Mumbai,POS,No,Normal Transaction
902983,500000065,2026-03-31,13:42:30,ATM,33795,IRCTC,Lucknow,ATM,No,Normal Transaction
902984,500000120,2026-05-18,03:07:03,NEFT,54057,DMart,Lucknow,ATM,No,Normal Transaction
902985,500000064,2026-04-09,23:58:00,RTGS,22633,Swiggy,Delhi,Mobile,No,Normal Transaction
902986,500000031,2026-06-28,09:24:00,NEFT,92002,IRCTC,Pune,Laptop,No,Normal Transaction
902987,500000030,2026-12-15,11:36:05,NEFT,97504,Amazon,Mumbai,ATM,No,Normal Transaction
902988,500000064,2026-11-27,12:33:07,UPI,98122,Amazon,Pune,Mobile,No,Normal Transaction
902989,500000151,2026-07-02,12:19:33,IMPS,40023,Flipkart,Lucknow,ATM,No,Normal Transaction
902990,500000143,2026-01-04,21:18:53,Credit Card,30817,Swiggy,Mumbai,ATM,No,Normal Transaction
902991,500000152,2026-11-15,12:23:57,IMPS,14735,Swiggy,Kolkata,ATM,No,Normal Transaction
902992,500000029,2026-05-11,11:42:50,Credit Card,11321,PhonePe,Mumbai,POS,No,Normal Transaction
902993,500000127,2026-07-06,01:25:51,Credit Card,22356,Paytm,Lucknow,ATM,No,Normal Transaction
902994,500000167,2026-11-23,09:15:03,RTGS,80354,DMart,Lucknow,ATM,No,Normal Transaction
902995,500000110,2026-05-06,00:37:05,Credit Card,44718,IRCTC,Delhi,ATM,No,Normal Transaction
902996,500000007,2026-11-04,17:02:35,IMPS,16495,Reliance,Kolkata,ATM,No,Normal Transaction
902997,500000061,2026-10-09,06:53:48,IMPS,27692,Zomato,Delhi,Mobile,No,Normal Transaction
902998,500000018,2026-10-11,08:10:45,Credit Card,82360,Reliance,Bengaluru,Mobile,No,Normal Transaction
902999,500000058,2026-12-26,14:54:40,IMPS,35740,DMart,Bengaluru,Mobile,No,Normal Transaction
903000,500000047,2026-01-11,20:31:21,IMPS,21259,DMart,Hyderabad,ATM,No,Normal Transaction
903001,500000167,2026-04-15,10:16:09,RTGS,82037,PhonePe,Delhi,Mobile,No,Normal Transaction
903002,500000024,2026-08-09,06:46:36,ATM,70733,PhonePe,Hyderabad,Mobile,No,Normal Transaction
903003,500000169,2026-12-14,00:05:29,Debit Card,2186,Amazon,Kolkata,ATM,No,Normal Transaction
903004,500000154,2026-08-18,12:09:52,RTGS,34279,PhonePe,Kolkata,Laptop,No,Normal Transaction
903005,500000079,2026-04-25,02:08:41,NEFT,50353,Paytm,Mumbai,ATM,No,Normal Transaction
903006,500000133,2026-02-17,17:03:24,UPI,12965,Flipkart,Lucknow,POS,No,Normal Transaction
903007,500000059,2026-01-01,21:46:20,Debit Card,38315,PhonePe,Delhi,ATM,No,Normal Transaction
903008,500000152,2026-01-12,16:44:00,NEFT,17834,Paytm,Bengaluru,POS,No,Normal Transaction
903009,500000124,2026-06-24,00:34:24,NEFT,68148,Amazon,Mumbai,Laptop,No,Normal Transaction
903010,500000006,2026-09-08,16:28:26,UPI,81088,Swiggy,Hyderabad,Laptop,No,Normal Transaction
903011,500000021,2026-12-24,09:30:44,RTGS,69599,Paytm,Bengaluru,Mobile,No,Normal Transaction
903012,500000004,2026-07-17,02:12:02,RTGS,60136,Paytm,Kolkata,POS,No,Normal Transaction
903013,500000069,2026-02-14,12:25:33,UPI,45892,Amazon,Bengaluru,Mobile,No,Normal Transaction
903014,500000096,2026-06-07,02:19:17,Credit Card,32799,Paytm,Delhi,POS,No,Normal Transaction
903015,500000060,2026-02-05,21:22:45,IMPS,3548,IRCTC,Pune,Mobile,No,Normal Transaction
903016,500000167,2026-06-24,21:25:07,NEFT,57897,Paytm,Bengaluru,POS,No,Normal Transaction
903017,500000045,2026-06-21,13:39:03,NEFT,72791,Reliance,Hyderabad,Laptop,No,Normal Transaction
903018,500000162,2026-11-02,22:06:35,UPI,23965,PhonePe,Hyderabad,POS,No,Normal Transaction
903019,500000116,2026-02-23,11:42:25,UPI,82457,Flipkart,Lucknow,Laptop,No,Normal Transaction
903020,500000049,2026-03-17,00:18:58,RTGS,21076,Zomato,Bengaluru,Laptop,No,Normal Transaction
903021,500000027,2026-01-08,01:36:01,IMPS,82694,Swiggy,Delhi,Mobile,No,Normal Transaction
903022,500000082,2026-10-02,12:19:52,UPI,97840,PhonePe,Pune,POS,No,Normal Transaction
903023,500000080,2026-06-04,03:54:46,ATM,68867,Flipkart,Hyderabad,ATM,No,Normal Transaction
903024,500000054,2026-04-05,04:14:18,NEFT,42732,Amazon,Kolkata,ATM,No,Normal Transaction
903025,500000162,2026-08-18,04:09:34,RTGS,99056,Uber,Hyderabad,Laptop,No,Normal Transaction
903026,500000138,2026-01-05,07:32:22,Debit Card,93327,Reliance,Mumbai,POS,Yes,Different City
903027,500000086,2026-08-10,10:40:20,ATM,77828,IRCTC,Pune,ATM,No,Normal Transaction
903028,500000126,2026-11-21,15:05:52,Credit Card,57696,DMart,Mumbai,Laptop,No,Normal Transaction
903029,500000163,2026-09-20,00:30:56,IMPS,4959,Zomato,Mumbai,Laptop,No,Normal Transaction
903030,500000127,2026-03-26,03:09:30,IMPS,71863,Flipkart,Lucknow,Mobile,No,Normal Transaction
903031,500000087,2026-06-30,07:56:14,IMPS,89928,Swiggy,Hyderabad,ATM,No,Normal Transaction
903032,500000109,2026-04-24,23:11:27,Credit Card,74441,Swiggy,Pune,Mobile,No,Normal Transaction
903033,500000130,2027-01-01,19:03:44,Credit Card,28350,Paytm,Bengaluru,POS,No,Normal Transaction
903034,500000003,2026-06-09,19:50:58,NEFT,23330,Amazon,Delhi,Mobile,No,Normal Transaction
903035,500000115,2026-03-08,16:12:01,ATM,51151,Amazon,Lucknow,POS,No,Normal Transaction
903036,500000111,2026-03-30,18:09:26,RTGS,49657,Paytm,Kolkata,Laptop,No,Normal Transaction
903037,500000094,2026-02-04,12:32:15,IMPS,60052,Reliance,Pune,Mobile,No,Normal Transaction
903038,500000046,2026-11-13,00:41:02,ATM,17408,Paytm,Delhi,ATM,No,Normal Transaction
903039,500000098,2026-05-02,04:54:47,ATM,71842,Zomato,Hyderabad,POS,No,Normal Transaction
903040,500000021,2026-09-08,22:21:09,Debit Card,56684,Uber,Hyderabad,Laptop,No,Normal Transaction
903041,500000049,2026-03-15,03:25:49,IMPS,50159,Paytm,Mumbai,Laptop,No,Normal Transaction
903042,500000031,2026-06-16,09:10:43,ATM,93608,Swiggy,Delhi,ATM,No,Normal Transaction
903043,500000031,2026-03-23,08:28:34,Credit Card,37343,Amazon,Lucknow,Mobile,No,Normal Transaction
903044,500000063,2026-11-17,07:08:33,RTGS,40295,Paytm,Hyderabad,Mobile,No,Normal Transaction
903045,500000002,2026-01-01,07:06:00,Debit Card,79229,Uber,Mumbai,Laptop,No,Normal Transaction
903046,500000042,2026-09-16,14:13:09,UPI,67754,IRCTC,Lucknow,POS,No,Normal Transaction
903047,500000078,2026-08-30,03:16:34,RTGS,68508,Paytm,Mumbai,Laptop,No,Normal Transaction
903048,500000160,2026-10-02,15:44:54,RTGS,87881,Amazon,Lucknow,Mobile,No,Normal Transaction
903049,500000166,2026-01-14,13:05:58,ATM,83342,Flipkart,Kolkata,POS,No,Normal Transaction
903050,500000032,2026-02-01,21:38:52,UPI,15148,Flipkart,Bengaluru,ATM,Yes,Different City
903051,500000094,2026-07-13,13:32:36,IMPS,51569,Amazon,Hyderabad,Laptop,No,Normal Transaction
903052,500000130,2026-10-11,08:06:08,NEFT,81341,Amazon,Mumbai,ATM,No,Normal Transaction
903053,500000045,2026-12-22,20:49:24,Credit Card,89300,Zomato,Lucknow,Mobile,No,Normal Transaction
903054,500000174,2026-05-30,21:11:56,Credit Card,60747,Reliance,Mumbai,Mobile,No,Normal Transaction
903055,500000004,2026-03-13,22:24:12,Debit Card,48203,Swiggy,Hyderabad,POS,No,Normal Transaction
903056,500000152,2026-07-11,13:47:01,RTGS,15990,Zomato,Delhi,Laptop,No,Normal Transaction
903057,500000129,2026-09-09,19:30:07,UPI,15224,IRCTC,Bengaluru,ATM,No,Normal Transaction
903058,500000042,2026-09-22,05:49:17,UPI,39028,Flipkart,Mumbai,ATM,No,Normal Transaction
903059,500000089,2026-06-24,01:10:45,ATM,49254,DMart,Lucknow,POS,No,Normal Transaction
903060,500000072,2026-06-03,11:58:11,RTGS,34887,Amazon,Hyderabad,Laptop,No,Normal Transaction
903061,500000075,2026-02-21,16:50:49,NEFT,40432,Reliance,Hyderabad,Laptop,No,Normal Transaction
903062,500000180,2026-02-14,01:48:33,NEFT,14605,IRCTC,Delhi,ATM,No,Normal Transaction
903063,500000125,2026-09-05,07:26:08,Debit Card,92610,Flipkart,Lucknow,Mobile,No,Normal Transaction
903064,500000069,2026-08-18,11:09:18,IMPS,62599,DMart,Kolkata,Laptop,No,Normal Transaction
903065,500000069,2026-07-08,04:26:56,RTGS,51632,PhonePe,Bengaluru,Mobile,No,Normal Transaction
903066,500000042,2026-04-26,16:01:12,IMPS,51532,Swiggy,Lucknow,POS,No,Normal Transaction
903067,500000106,2026-03-07,05:54:55,NEFT,65607,Paytm,Pune,POS,No,Normal Transaction
903068,500000175,2026-03-07,11:20:34,UPI,82638,Reliance,Bengaluru,Mobile,No,Normal Transaction
903069,500000056,2026-09-27,14:09:53,UPI,69468,Zomato,Kolkata,Mobile,No,Normal Transaction
903070,500000011,2026-04-26,18:50:12,IMPS,51471,Flipkart,Pune,Laptop,No,Normal Transaction
903071,500000039,2026-07-28,23:47:17,UPI,7912,Reliance,Hyderabad,ATM,No,Normal Transaction
903072,500000161,2026-03-23,01:30:20,RTGS,33298,PhonePe,Hyderabad,POS,No,Normal Transaction
903073,500000161,2026-07-31,12:05:57,Debit Card,69792,Uber,Pune,ATM,No,Normal Transaction
903074,500000098,2026-07-19,07:50:05,IMPS,47147,Paytm,Lucknow,Mobile,No,Normal Transaction
903075,500000042,2026-08-06,19:09:12,UPI,39195,Amazon,Mumbai,POS,No,Normal Transaction
903076,500000161,2026-01-08,06:45:29,NEFT,48783,DMart,Lucknow,Laptop,No,Normal Transaction
903077,500000116,2026-12-04,16:11:58,IMPS,77751,PhonePe,Delhi,Mobile,No,Normal Transaction
903078,500000065,2026-10-07,15:34:28,NEFT,95626,Paytm,Kolkata,Laptop,No,Normal Transaction
903079,500000065,2026-03-01,22:52:14,Debit Card,90336,Flipkart,Pune,Mobile,No,Normal Transaction
903080,500000050,2026-08-04,03:59:22,NEFT,39511,IRCTC,Hyderabad,ATM,No,Normal Transaction
903081,500000100,2026-04-02,01:59:22,UPI,10334,DMart,Mumbai,Laptop,No,Normal Transaction
903082,500000173,2026-04-30,20:45:49,UPI,24880,Zomato,Pune,Laptop,No,Normal Transaction
903083,500000060,2026-08-22,14:58:08,NEFT,89709,Amazon,Mumbai,ATM,No,Normal Transaction
903084,500000175,2026-05-04,08:53:59,UPI,65704,Zomato,Hyderabad,Laptop,No,Normal Transaction
903085,500000174,2026-07-15,04:49:49,Credit Card,90937,Zomato,Mumbai,POS,No,Normal Transaction
903086,500000137,2026-12-15,11:04:35,UPI,39461,Reliance,Kolkata,POS,No,Normal Transaction
903087,500000077,2026-03-17,21:51:33,ATM,98473,Paytm,Bengaluru,ATM,No,Normal Transaction
903088,500000102,2026-07-06,00:08:43,NEFT,17417,Flipkart,Kolkata,ATM,No,Normal Transaction
903089,500000134,2026-10-03,19:42:37,Credit Card,49047,PhonePe,Mumbai,Mobile,No,Normal Transaction
903090,500000146,2026-11-07,06:17:42,IMPS,73250,DMart,Lucknow,Mobile,No,Normal Transaction
903091,500000166,2026-04-17,22:42:32,RTGS,48268,Uber,Bengaluru,ATM,No,Normal Transaction
903092,500000178,2026-07-19,01:33:51,NEFT,72718,Uber,Hyderabad,Laptop,No,Normal Transaction
903093,500000052,2026-12-18,15:35:09,UPI,60388,Paytm,Delhi,POS,No,Normal Transaction
903094,500000051,2026-05-19,08:15:22,UPI,36624,DMart,Kolkata,Mobile,No,Normal Transaction
903095,500000055,2026-11-29,23:42:46,ATM,59412,Uber,Delhi,Laptop,No,Normal Transaction
903096,500000106,2026-11-27,10:54:27,ATM,84339,Paytm,Kolkata,ATM,No,Normal Transaction
903097,500000145,2026-12-25,17:48:17,NEFT,37033,Flipkart,Kolkata,Mobile,No,Normal Transaction
903098,500000102,2026-10-10,09:47:50,NEFT,94269,IRCTC,Lucknow,POS,No,Normal Transaction
903099,500000125,2026-02-26,11:52:29,UPI,73599,Amazon,Delhi,Laptop,No,Normal Transaction
903100,500000121,2026-12-04,00:26:21,ATM,13901,Flipkart,Mumbai,Laptop,No,Normal Transaction
903101,500000167,2026-02-08,00:58:21,RTGS,92738,Paytm,Lucknow,Laptop,No,Normal Transaction
903102,500000001,2026-12-19,01:38:58,ATM,28705,Swiggy,Hyderabad,ATM,No,Normal Transaction
903103,500000059,2026-05-27,16:01:40,RTGS,59814,PhonePe,Delhi,Laptop,No,Normal Transaction
903104,500000045,2026-04-14,03:02:15,IMPS,82880,Uber,Lucknow,ATM,No,Normal Transaction
903105,500000098,2026-05-25,12:04:45,NEFT,43190,IRCTC,Delhi,Laptop,No,Normal Transaction
903106,500000135,2026-12-08,03:03:17,Debit Card,86636,Amazon,Kolkata,ATM,No,Normal Transaction
903107,500000177,2026-10-01,04:51:51,IMPS,77158,IRCTC,Lucknow,POS,No,Normal Transaction
903108,500000115,2026-11-01,18:57:50,Debit Card,74581,Zomato,Pune,Mobile,No,Normal Transaction
903109,500000040,2026-01-29,11:21:21,UPI,5017,IRCTC,Kolkata,ATM,No,Normal Transaction
903110,500000029,2026-11-12,05:48:33,RTGS,93561,Paytm,Kolkata,POS,No,Normal Transaction
903111,500000148,2026-07-08,08:49:24,Debit Card,35875,Zomato,Delhi,Laptop,No,Normal Transaction
903112,500000159,2026-05-19,13:40:12,IMPS,31847,Uber,Mumbai,POS,No,Normal Transaction
903113,500000152,2026-12-21,18:10:15,Credit Card,1473,Swiggy,Mumbai,POS,No,Normal Transaction
903114,500000044,2026-08-09,00:22:42,Credit Card,62069,DMart,Delhi,POS,No,Normal Transaction
903115,500000025,2026-07-13,21:09:01,NEFT,73750,PhonePe,Mumbai,Mobile,No,Normal Transaction
903116,500000014,2026-09-04,18:14:37,UPI,56317,Swiggy,Hyderabad,POS,No,Normal Transaction
903117,500000090,2026-02-18,03:28:07,UPI,2628,Amazon,Lucknow,Laptop,No,Normal Transaction
903118,500000025,2026-03-05,19:41:17,Debit Card,32028,Flipkart,Lucknow,POS,No,Normal Transaction
903119,500000167,2026-05-12,09:00:46,RTGS,48170,IRCTC,Pune,Laptop,Yes,Midnight Transaction
903120,500000170,2026-03-12,19:09:09,UPI,99878,Zomato,Pune,Laptop,No,Normal Transaction
903121,500000049,2026-03-13,01:25:04,IMPS,58717,Reliance,Pune,ATM,No,Normal Transaction
903122,500000006,2026-11-06,14:39:46,ATM,43476,Amazon,Mumbai,Laptop,No,Normal Transaction
903123,500000094,2026-01-31,05:15:16,Debit Card,58855,DMart,Delhi,Mobile,No,Normal Transaction
903124,500000116,2026-10-07,13:13:30,IMPS,49865,Swiggy,Kolkata,Mobile,No,Normal Transaction
903125,500000137,2026-04-11,17:33:57,RTGS,29082,IRCTC,Hyderabad,ATM,No,Normal Transaction
903126,500000111,2026-01-04,22:15:04,RTGS,50089,DMart,Mumbai,ATM,No,Normal Transaction
903127,500000031,2026-12-22,03:57:45,IMPS,49169,IRCTC,Hyderabad,Mobile,No,Normal Transaction
903128,500000049,2026-03-11,04:59:54,ATM,59041,Swiggy,Lucknow,ATM,No,Normal Transaction
903129,500000088,2026-02-25,22:08:20,Credit Card,82735,Amazon,Pune,ATM,No,Normal Transaction
903130,500000060,2026-07-08,06:36:50,Debit Card,46704,Paytm,Bengaluru,ATM,No,Normal Transaction
903131,500000003,2026-02-26,14:31:55,ATM,56595,Zomato,Lucknow,Laptop,No,Normal Transaction
903132,500000033,2026-02-08,15:37:50,ATM,18517,Zomato,Bengaluru,ATM,No,Normal Transaction
903133,500000164,2026-08-01,06:39:09,Credit Card,26385,Amazon,Delhi,POS,No,Normal Transaction
903134,500000135,2026-09-18,12:25:08,NEFT,86535,Zomato,Hyderabad,POS,No,Normal Transaction
903135,500000125,2026-10-23,20:50:01,ATM,99977,Zomato,Delhi,ATM,No,Normal Transaction
903136,500000012,2026-11-09,22:08:40,IMPS,16087,Zomato,Delhi,Laptop,No,Normal Transaction
903137,500000153,2026-02-20,18:30:48,Credit Card,55400,Amazon,Kolkata,POS,No,Normal Transaction
903138,500000149,2026-07-01,15:27:03,NEFT,11678,IRCTC,Delhi,Mobile,No,Normal Transaction
903139,500000091,2026-04-12,10:56:40,UPI,96507,IRCTC,Mumbai,Mobile,No,Normal Transaction
903140,500000159,2026-03-17,12:35:34,Credit Card,36262,IRCTC,Delhi,POS,No,Normal Transaction
903141,500000175,2026-10-07,17:46:43,Debit Card,50675,Reliance,Kolkata,POS,No,Normal Transaction
903142,500000146,2026-08-17,22:35:20,Debit Card,29496,DMart,Delhi,Laptop,No,Normal Transaction
903143,500000090,2026-10-15,01:25:43,ATM,60622,Amazon,Mumbai,POS,No,Normal Transaction
903144,500000034,2026-04-18,00:18:41,IMPS,80428,Swiggy,Mumbai,Laptop,No,Normal Transaction
903145,500000169,2026-01-19,20:57:18,ATM,48024,Swiggy,Hyderabad,ATM,No,Normal Transaction
903146,500000050,2026-01-30,17:20:34,Credit Card,77259,Flipkart,Delhi,POS,No,Normal Transaction
903147,500000165,2026-05-15,22:25:43,Debit Card,75159,PhonePe,Hyderabad,POS,No,Normal Transaction
903148,500000051,2026-03-21,10:25:00,NEFT,89549,PhonePe,Pune,ATM,No,Normal Transaction
903149,500000028,2026-03-21,23:19:50,IMPS,96711,IRCTC,Pune,ATM,No,Normal Transaction
903150,500000171,2026-09-11,02:16:35,IMPS,68196,Swiggy,Lucknow,Laptop,No,Normal Transaction
903151,500000078,2026-09-16,14:32:04,NEFT,62955,Uber,Mumbai,Laptop,No,Normal Transaction
903152,500000024,2026-11-02,11:28:14,RTGS,34477,Flipkart,Mumbai,POS,No,Normal Transaction
903153,500000176,2026-10-27,05:55:39,Credit Card,92161,Paytm,Hyderabad,Laptop,No,Normal Transaction
903154,500000162,2026-07-27,19:14:55,UPI,10129,Zomato,Hyderabad,POS,Yes,High Amount
903155,500000080,2026-12-24,05:02:19,ATM,408,Amazon,Pune,ATM,No,Normal Transaction
903156,500000174,2026-10-29,12:19:37,UPI,67792,Uber,Bengaluru,ATM,No,Normal Transaction
903157,500000138,2026-01-16,19:17:12,NEFT,19753,PhonePe,Lucknow,ATM,No,Normal Transaction
903158,500000149,2026-09-12,15:41:34,ATM,4384,Amazon,Delhi,POS,No,Normal Transaction
903159,500000028,2026-08-14,15:28:39,Debit Card,37607,Zomato,Lucknow,POS,No,Normal Transaction
903160,500000160,2026-01-07,14:00:27,ATM,54743,Flipkart,Kolkata,ATM,No,Normal Transaction
903161,500000147,2026-04-30,02:59:45,Credit Card,76201,Uber,Pune,POS,No,Normal Transaction
903162,500000081,2026-09-30,19:27:33,UPI,47906,Swiggy,Mumbai,ATM,No,Normal Transaction
903163,500000138,2026-03-14,15:32:53,NEFT,61066,Paytm,Hyderabad,Laptop,No,Normal Transaction
903164,500000126,2026-11-02,07:23:48,RTGS,22091,Uber,Lucknow,POS,No,Normal Transaction
903165,500000028,2026-04-09,03:28:53,IMPS,68188,PhonePe,Delhi,Laptop,No,Normal Transaction
903166,500000062,2026-01-23,17:37:00,NEFT,55355,Flipkart,Pune,ATM,No,Normal Transaction
903167,500000012,2026-07-10,04:25:16,Credit Card,31328,DMart,Hyderabad,ATM,No,Normal Transaction
903168,500000176,2026-06-10,11:32:20,NEFT,74434,DMart,Bengaluru,POS,No,Normal Transaction
903169,500000050,2026-04-05,00:26:31,IMPS,68767,Swiggy,Mumbai,Laptop,No,Normal Transaction
903170,500000028,2026-06-28,18:21:38,ATM,48671,Zomato,Bengaluru,Laptop,No,Normal Transaction
903171,500000034,2026-08-08,08:06:20,UPI,79758,IRCTC,Pune,POS,No,Normal Transaction
903172,500000102,2026-12-01,03:32:23,IMPS,2274,PhonePe,Lucknow,POS,No,Normal Transaction
903173,500000079,2026-09-29,07:28:29,ATM,78229,Flipkart,Bengaluru,Laptop,No,Normal Transaction
903174,500000099,2026-11-06,00:01:29,Debit Card,27570,Reliance,Hyderabad,Laptop,No,Normal Transaction
903175,500000158,2026-11-30,09:52:33,Debit Card,10856,DMart,Delhi,Mobile,No,Normal Transaction
903176,500000165,2026-11-25,23:13:01,Credit Card,58833,Flipkart,Hyderabad,Laptop,No,Normal Transaction
903177,500000113,2026-05-09,19:17:33,NEFT,76002,Swiggy,Kolkata,Mobile,No,Normal Transaction
903178,500000041,2026-12-20,17:58:16,NEFT,20638,Flipkart,Hyderabad,ATM,Yes,Midnight Transaction
903179,500000108,2026-07-15,10:03:47,Credit Card,82648,Flipkart,Hyderabad,Mobile,No,Normal Transaction
903180,500000037,2026-09-03,13:12:16,Debit Card,512,Reliance,Bengaluru,POS,Yes,High Amount
903181,500000114,2026-08-30,13:53:50,Credit Card,53441,Swiggy,Lucknow,Laptop,No,Normal Transaction
903182,500000030,2026-05-19,12:24:32,ATM,50803,Flipkart,Lucknow,ATM,No,Normal Transaction
903183,500000055,2026-10-19,17:33:47,IMPS,95401,Reliance,Kolkata,ATM,No,Normal Transaction
903184,500000022,2026-10-23,14:52:09,Credit Card,10294,Amazon,Hyderabad,ATM,No,Normal Transaction
903185,500000023,2026-05-14,05:50:05,Debit Card,53518,Swiggy,Pune,Mobile,Yes,High Amount
903186,500000035,2026-07-12,21:12:51,Credit Card,57301,Paytm,Delhi,POS,No,Normal Transaction
903187,500000115,2026-06-02,13:55:04,RTGS,83819,Reliance,Pune,ATM,No,Normal Transaction
903188,500000076,2026-10-01,10:43:05,NEFT,97525,PhonePe,Lucknow,ATM,No,Normal Transaction
903189,500000133,2026-10-12,03:38:25,NEFT,22073,Uber,Mumbai,Laptop,No,Normal Transaction
903190,500000098,2026-07-13,19:07:39,Credit Card,57602,IRCTC,Lucknow,POS,No,Normal Transaction
903191,500000091,2026-07-20,06:06:35,NEFT,98871,PhonePe,Kolkata,ATM,No,Normal Transaction
903192,500000161,2026-03-06,05:04:50,UPI,31817,PhonePe,Kolkata,ATM,No,Normal Transaction
903193,500000068,2026-10-14,17:40:28,NEFT,92224,PhonePe,Hyderabad,Mobile,No,Normal Transaction
903194,500000121,2026-09-13,12:33:33,Credit Card,95603,PhonePe,Bengaluru,POS,No,Normal Transaction
903195,500000094,2026-06-04,04:27:40,Debit Card,75772,Swiggy,Bengaluru,POS,No,Normal Transaction
903196,500000133,2026-05-18,21:33:29,Credit Card,42620,Flipkart,Lucknow,POS,No,Normal Transaction
903197,500000039,2026-05-02,22:52:26,ATM,88542,Flipkart,Mumbai,Laptop,No,Normal Transaction
903198,500000129,2026-07-25,07:57:10,IMPS,51266,Zomato,Lucknow,ATM,No,Normal Transaction
903199,500000158,2026-01-22,18:40:31,Credit Card,62490,PhonePe,Mumbai,ATM,No,Normal Transaction
903200,500000109,2026-07-19,03:23:15,ATM,34588,Paytm,Pune,POS,No,Normal Transaction
903201,500000178,2026-05-17,17:05:49,UPI,32582,Flipkart,Mumbai,Mobile,No,Normal Transaction
903202,500000166,2026-01-06,03:41:58,NEFT,35189,Uber,Pune,Mobile,No,Normal Transaction
903203,500000073,2026-11-24,23:00:08,ATM,95009,Zomato,Hyderabad,ATM,No,Normal Transaction
903204,500000055,2026-01-02,09:45:03,Debit Card,39487,Paytm,Hyderabad,Mobile,No,Normal Transaction
903205,500000139,2026-03-11,02:13:03,IMPS,61214,Reliance,Kolkata,ATM,No,Normal Transaction
903206,500000039,2026-01-04,12:12:58,IMPS,62650,Amazon,Lucknow,POS,No,Normal Transaction
903207,500000039,2026-03-12,03:29:13,UPI,20131,DMart,Mumbai,Laptop,No,Normal Transaction
903208,500000167,2026-01-01,14:51:45,RTGS,37513,PhonePe,Delhi,ATM,No,Normal Transaction
903209,500000115,2026-11-18,06:42:22,ATM,83423,Paytm,Delhi,Laptop,No,Normal Transaction
903210,500000021,2026-03-03,00:53:31,Credit Card,82894,Uber,Mumbai,Mobile,No,Normal Transaction
903211,500000073,2026-02-18,04:57:45,ATM,25817,Swiggy,Mumbai,Laptop,No,Normal Transaction
903212,500000046,2026-06-08,13:57:05,UPI,25040,DMart,Pune,Mobile,No,Normal Transaction
903213,500000140,2026-01-10,02:24:24,Credit Card,34501,Reliance,Bengaluru,POS,No,Normal Transaction
903214,500000148,2026-12-21,03:27:33,ATM,88197,Reliance,Kolkata,Laptop,No,Normal Transaction
903215,500000093,2026-09-13,22:51:19,ATM,47694,DMart,Delhi,Mobile,No,Normal Transaction
903216,500000060,2026-04-18,14:16:56,RTGS,8843,Uber,Pune,POS,No,Normal Transaction
903217,500000097,2026-09-12,18:06:47,NEFT,74270,Amazon,Lucknow,Laptop,No,Normal Transaction
903218,500000093,2026-01-28,10:58:08,Credit Card,38792,IRCTC,Lucknow,POS,No,Normal Transaction
903219,500000173,2026-06-21,00:06:41,NEFT,40348,DMart,Bengaluru,POS,No,Normal Transaction
903220,500000011,2026-12-09,03:48:00,Debit Card,88305,Uber,Delhi,Mobile,No,Normal Transaction
903221,500000092,2026-11-14,02:22:21,ATM,51839,Reliance,Kolkata,Laptop,No,Normal Transaction
903222,500000169,2026-07-01,08:06:28,Debit Card,22201,Paytm,Bengaluru,POS,No,Normal Transaction
903223,500000176,2026-01-27,19:05:07,NEFT,22920,Paytm,Mumbai,Laptop,No,Normal Transaction
903224,500000122,2026-01-29,12:39:27,Debit Card,40156,Uber,Bengaluru,ATM,No,Normal Transaction
903225,500000155,2026-02-07,05:18:44,RTGS,67462,Uber,Delhi,POS,No,Normal Transaction
903226,500000073,2026-06-25,06:58:47,ATM,58271,Amazon,Pune,POS,No,Normal Transaction
903227,500000089,2026-08-27,12:53:54,Credit Card,92366,Flipkart,Pune,POS,Yes,High Amount
903228,500000142,2026-12-09,00:01:38,RTGS,41719,Uber,Mumbai,POS,No,Normal Transaction
903229,500000132,2026-02-12,10:45:18,NEFT,46585,DMart,Hyderabad,Mobile,No,Normal Transaction
903230,500000138,2026-04-06,04:00:59,Debit Card,82079,DMart,Lucknow,Laptop,No,Normal Transaction
903231,500000010,2026-11-14,12:56:01,UPI,1242,IRCTC,Kolkata,Laptop,No,Normal Transaction
903232,500000075,2026-10-15,17:57:32,UPI,55800,Amazon,Bengaluru,Mobile,No,Normal Transaction
903233,500000075,2026-07-18,17:06:06,Credit Card,21451,Swiggy,Pune,Mobile,No,Normal Transaction
903234,500000045,2026-09-05,01:29:55,UPI,85149,Amazon,Bengaluru,Mobile,No,Normal Transaction
903235,500000176,2026-03-22,05:36:56,Credit Card,94967,Swiggy,Hyderabad,Laptop,No,Normal Transaction
903236,500000099,2026-04-19,12:40:54,IMPS,34805,PhonePe,Delhi,Mobile,No,Normal Transaction
903237,500000004,2026-07-12,16:02:16,UPI,71154,Flipkart,Kolkata,POS,No,Normal Transaction
903238,500000057,2026-10-03,01:39:34,Credit Card,49289,Uber,Lucknow,Laptop,No,Normal Transaction
903239,500000046,2026-11-12,23:37:29,RTGS,18028,IRCTC,Bengaluru,Laptop,No,Normal Transaction
903240,500000109,2026-08-07,02:54:10,UPI,47363,DMart,Bengaluru,Laptop,No,Normal Transaction
903241,500000049,2026-11-06,20:15:47,Debit Card,71482,Swiggy,Mumbai,ATM,No,Normal Transaction
903242,500000117,2026-02-01,10:04:52,RTGS,59314,Zomato,Lucknow,ATM,No,Normal Transaction
903243,500000152,2026-08-01,07:21:46,Debit Card,34791,Uber,Delhi,POS,No,Normal Transaction
903244,500000119,2026-12-25,08:03:20,UPI,32119,DMart,Pune,Mobile,No,Normal Transaction
903245,500000029,2026-05-13,00:22:24,NEFT,66776,PhonePe,Lucknow,Mobile,No,Normal Transaction
903246,500000048,2026-09-23,16:21:12,Credit Card,45869,Reliance,Hyderabad,ATM,No,Normal Transaction
903247,500000060,2026-04-15,23:20:13,Debit Card,70386,Flipkart,Hyderabad,ATM,No,Normal Transaction
903248,500000016,2026-05-30,02:25:50,UPI,81486,Zomato,Bengaluru,Mobile,No,Normal Transaction
903249,500000084,2026-08-22,19:55:39,Debit Card,70325,IRCTC,Pune,Mobile,No,Normal Transaction
903250,500000125,2026-03-20,03:47:39,Credit Card,99159,Reliance,Kolkata,POS,No,Normal Transaction
903251,500000061,2026-10-14,01:38:41,Credit Card,71687,Swiggy,Hyderabad,ATM,No,Normal Transaction
903252,500000136,2026-06-27,13:05:48,Debit Card,60127,Swiggy,Lucknow,POS,No,Normal Transaction
903253,500000122,2026-01-19,05:00:10,RTGS,15180,PhonePe,Pune,Laptop,Yes,Different City
903254,500000032,2026-08-14,18:14:15,RTGS,69815,DMart,Hyderabad,POS,No,Normal Transaction
903255,500000120,2026-11-23,14:19:49,RTGS,90078,DMart,Kolkata,POS,No,Normal Transaction
903256,500000166,2026-12-06,01:36:03,NEFT,72197,Uber,Mumbai,Laptop,No,Normal Transaction
903257,500000013,2026-05-22,07:27:36,Debit Card,85973,PhonePe,Lucknow,Mobile,No,Normal Transaction
903258,500000017,2026-06-22,00:27:31,RTGS,53207,IRCTC,Hyderabad,ATM,No,Normal Transaction
903259,500000065,2026-09-02,08:08:03,Credit Card,36075,IRCTC,Bengaluru,Laptop,No,Normal Transaction
903260,500000147,2026-02-12,09:56:44,ATM,97427,Swiggy,Mumbai,POS,No,Normal Transaction
903261,500000163,2026-12-11,08:55:26,ATM,82080,DMart,Delhi,Laptop,No,Normal Transaction
903262,500000021,2026-10-01,22:07:16,IMPS,76318,IRCTC,Delhi,POS,No,Normal Transaction
903263,500000091,2026-11-25,12:17:43,IMPS,22328,Amazon,Bengaluru,Laptop,No,Normal Transaction
903264,500000017,2026-04-04,01:28:27,ATM,21467,Swiggy,Kolkata,ATM,No,Normal Transaction
903265,500000122,2026-01-28,05:57:53,RTGS,64312,Zomato,Lucknow,Laptop,No,Normal Transaction
903266,500000157,2026-10-21,01:32:29,Debit Card,71260,Flipkart,Bengaluru,ATM,No,Normal Transaction
903267,500000058,2026-09-15,20:06:32,Credit Card,52594,Uber,Mumbai,ATM,No,Normal Transaction
903268,500000169,2026-08-01,23:15:34,IMPS,9273,DMart,Bengaluru,ATM,No,Normal Transaction
903269,500000089,2026-01-20,16:39:38,NEFT,41174,IRCTC,Delhi,ATM,No,Normal Transaction
903270,500000133,2026-07-26,18:12:15,ATM,53530,Flipkart,Hyderabad,ATM,No,Normal Transaction
903271,500000043,2026-04-10,23:02:29,NEFT,85202,Uber,Pune,ATM,No,Normal Transaction
903272,500000017,2026-10-15,10:39:32,UPI,64613,Reliance,Kolkata,Laptop,No,Normal Transaction
903273,500000147,2026-06-10,08:57:15,NEFT,716,Flipkart,Kolkata,POS,No,Normal Transaction
903274,500000041,2026-08-08,11:13:31,IMPS,14305,Uber,Pune,ATM,No,Normal Transaction
903275,500000042,2026-11-26,04:44:36,UPI,15590,Amazon,Hyderabad,ATM,No,Normal Transaction
903276,500000118,2026-08-21,05:49:25,ATM,47477,Paytm,Delhi,POS,No,Normal Transaction
903277,500000031,2026-09-13,06:40:15,UPI,11763,IRCTC,Pune,ATM,No,Normal Transaction
903278,500000159,2026-09-11,23:51:56,ATM,48133,Swiggy,Delhi,Laptop,No,Normal Transaction
903279,500000012,2026-01-09,21:25:33,Credit Card,42527,IRCTC,Lucknow,Laptop,No,Normal Transaction
903280,500000050,2026-01-20,08:42:55,RTGS,73719,Flipkart,Hyderabad,ATM,No,Normal Transaction
903281,500000033,2026-11-16,05:18:10,ATM,40449,Swiggy,Delhi,Mobile,No,Normal Transaction
903282,500000137,2026-02-01,19:48:28,IMPS,45397,IRCTC,Lucknow,POS,No,Normal Transaction
903283,500000075,2026-02-03,15:46:17,Credit Card,52775,Flipkart,Pune,Mobile,No,Normal Transaction
903284,500000120,2026-06-16,04:44:13,Debit Card,60039,DMart,Pune,POS,No,Normal Transaction
903285,500000115,2026-11-21,23:02:51,RTGS,95921,Amazon,Mumbai,ATM,No,Normal Transaction
903286,500000044,2026-11-12,19:32:28,UPI,31332,Amazon,Hyderabad,ATM,No,Normal Transaction
903287,500000081,2026-11-28,01:34:05,UPI,12201,Swiggy,Mumbai,POS,No,Normal Transaction
903288,500000001,2026-06-22,06:46:56,NEFT,75889,Zomato,Bengaluru,Laptop,No,Normal Transaction
903289,500000149,2026-06-09,11:31:06,ATM,75133,DMart,Lucknow,POS,No,Normal Transaction
903290,500000025,2026-09-06,02:24:12,RTGS,6484,Uber,Mumbai,Laptop,No,Normal Transaction
903291,500000078,2026-03-09,17:47:44,ATM,32184,Amazon,Pune,Laptop,No,Normal Transaction
903292,500000140,2026-08-09,05:56:46,UPI,70929,Amazon,Kolkata,ATM,No,Normal Transaction
903293,500000110,2026-11-23,20:14:07,UPI,82134,Uber,Kolkata,POS,No,Normal Transaction
903294,500000105,2026-01-19,17:35:34,RTGS,86470,Reliance,Bengaluru,POS,No,Normal Transaction
903295,500000053,2026-04-21,08:06:22,Debit Card,81294,Reliance,Delhi,ATM,No,Normal Transaction
903296,500000166,2026-01-03,01:36:29,Credit Card,5490,Paytm,Mumbai,ATM,No,Normal Transaction
903297,500000145,2026-12-05,23:57:06,NEFT,41658,Amazon,Kolkata,Mobile,No,Normal Transaction
903298,500000052,2026-07-23,00:58:37,RTGS,36679,IRCTC,Hyderabad,POS,No,Normal Transaction
903299,500000043,2026-12-03,06:00:59,ATM,83909,Paytm,Bengaluru,Laptop,No,Normal Transaction
903300,500000140,2026-11-04,00:38:42,RTGS,72646,DMart,Lucknow,Laptop,No,Normal Transaction
903301,500000159,2026-12-25,05:31:24,Debit Card,88454,DMart,Pune,Mobile,No,Normal Transaction
903302,500000083,2026-12-25,04:55:46,UPI,82611,Uber,Pune,Laptop,No,Normal Transaction
903303,500000088,2026-05-14,11:32:48,IMPS,29010,IRCTC,Delhi,POS,No,Normal Transaction
903304,500000081,2026-04-16,14:16:37,Debit Card,11733,PhonePe,Lucknow,Laptop,No,Normal Transaction
903305,500000005,2026-09-02,10:13:45,IMPS,3336,Paytm,Lucknow,POS,No,Normal Transaction
903306,500000056,2026-11-28,07:50:33,Debit Card,28412,Swiggy,Hyderabad,ATM,No,Normal Transaction
903307,500000019,2026-10-30,16:11:08,Debit Card,82099,Swiggy,Pune,ATM,No,Normal Transaction
903308,500000084,2026-04-20,12:07:52,NEFT,81645,PhonePe,Pune,ATM,No,Normal Transaction
903309,500000153,2026-09-15,17:28:59,RTGS,20681,Amazon,Mumbai,Laptop,No,Normal Transaction
903310,500000177,2026-01-04,21:20:26,Debit Card,1280,Swiggy,Pune,Mobile,No,Normal Transaction
903311,500000090,2026-03-24,09:31:53,UPI,76153,Paytm,Lucknow,POS,No,Normal Transaction
903312,500000092,2026-05-24,20:58:31,UPI,21078,Uber,Hyderabad,POS,No,Normal Transaction
903313,500000106,2026-10-06,13:46:24,RTGS,78468,Swiggy,Kolkata,ATM,No,Normal Transaction
903314,500000134,2026-05-11,13:57:38,Credit Card,87244,DMart,Bengaluru,Mobile,No,Normal Transaction
903315,500000050,2026-08-27,01:57:44,IMPS,74684,IRCTC,Hyderabad,Laptop,No,Normal Transaction
903316,500000179,2026-11-29,12:55:39,IMPS,42025,Flipkart,Lucknow,Mobile,No,Normal Transaction
903317,500000037,2026-04-13,14:04:34,IMPS,45122,Reliance,Pune,Laptop,No,Normal Transaction
903318,500000179,2026-11-25,13:14:39,IMPS,42470,Flipkart,Pune,ATM,No,Normal Transaction
903319,500000173,2026-09-25,04:07:11,ATM,55392,Uber,Pune,ATM,No,Normal Transaction
903320,500000006,2026-07-03,16:23:15,RTGS,54599,Uber,Kolkata,Mobile,No,Normal Transaction
903321,500000142,2026-02-28,01:42:48,UPI,69355,Reliance,Mumbai,POS,No,Normal Transaction
903322,500000071,2026-12-24,10:18:18,IMPS,7155,Flipkart,Kolkata,POS,No,Normal Transaction
903323,500000022,2026-11-04,15:35:08,RTGS,74806,PhonePe,Mumbai,Mobile,No,Normal Transaction
903324,500000032,2026-09-08,12:27:39,Debit Card,82104,Amazon,Pune,POS,No,Normal Transaction
903325,500000013,2026-08-12,11:45:51,UPI,84274,IRCTC,Hyderabad,ATM,No,Normal Transaction
903326,500000163,2026-03-05,21:21:18,RTGS,13317,Amazon,Hyderabad,Laptop,No,Normal Transaction
903327,500000126,2026-11-21,13:09:11,Credit Card,79591,DMart,Mumbai,ATM,No,Normal Transaction
903328,500000051,2026-12-20,00:53:23,Credit Card,96938,Zomato,Hyderabad,POS,No,Normal Transaction
903329,500000025,2026-07-09,12:50:00,NEFT,33011,Zomato,Delhi,ATM,No,Normal Transaction
903330,500000166,2026-12-13,08:31:49,Credit Card,44787,DMart,Lucknow,ATM,No,Normal Transaction
903331,500000068,2026-05-19,17:13:49,NEFT,38478,Paytm,Lucknow,ATM,No,Normal Transaction
903332,500000010,2026-02-10,14:51:37,Debit Card,24500,Amazon,Kolkata,ATM,No,Normal Transaction
903333,500000125,2026-11-30,18:52:11,NEFT,72776,DMart,Kolkata,Mobile,No,Normal Transaction
903334,500000162,2026-01-01,11:45:03,Credit Card,88863,Paytm,Mumbai,ATM,No,Normal Transaction
903335,500000090,2026-03-19,04:08:14,RTGS,46298,Amazon,Delhi,POS,No,Normal Transaction
903336,500000065,2026-12-04,16:26:57,Debit Card,31965,Paytm,Kolkata,Mobile,No,Normal Transaction
903337,500000073,2026-11-11,22:34:43,ATM,84082,Paytm,Lucknow,Mobile,No,Normal Transaction
903338,500000008,2026-10-19,16:44:32,RTGS,87910,Amazon,Hyderabad,Mobile,No,Normal Transaction
903339,500000090,2026-04-01,02:15:29,RTGS,69538,PhonePe,Mumbai,Laptop,No,Normal Transaction
903340,500000078,2026-02-01,16:57:11,ATM,66512,Zomato,Lucknow,ATM,No,Normal Transaction
903341,500000028,2026-01-15,23:25:00,IMPS,19404,Paytm,Hyderabad,Laptop,No,Normal Transaction
903342,500000014,2026-12-21,11:50:30,Debit Card,13631,DMart,Kolkata,Mobile,No,Normal Transaction
903343,500000007,2026-07-12,07:24:02,RTGS,83074,PhonePe,Hyderabad,Mobile,No,Normal Transaction
903344,500000049,2026-08-08,00:28:24,IMPS,72234,Uber,Pune,Mobile,No,Normal Transaction
903345,500000126,2026-08-17,03:53:49,NEFT,59117,Zomato,Pune,Laptop,No,Normal Transaction
903346,500000012,2026-06-09,03:24:06,RTGS,34773,Flipkart,Mumbai,ATM,No,Normal Transaction
903347,500000169,2026-11-21,01:03:52,NEFT,87847,Swiggy,Lucknow,Mobile,No,Normal Transaction
903348,500000086,2026-04-11,22:08:14,UPI,61961,Swiggy,Bengaluru,ATM,No,Normal Transaction
903349,500000046,2026-06-27,22:20:17,UPI,8219,DMart,Delhi,Mobile,Yes,Multiple Transactions
903350,500000027,2026-10-17,13:53:52,RTGS,70066,IRCTC,Pune,ATM,No,Normal Transaction
903351,500000177,2026-12-07,11:05:49,RTGS,62426,Swiggy,Kolkata,ATM,No,Normal Transaction
903352,500000090,2026-11-12,23:07:55,ATM,57038,Paytm,Kolkata,Laptop,No,Normal Transaction
903353,500000147,2026-12-31,10:31:20,Credit Card,63970,Paytm,Kolkata,ATM,Yes,Different City
903354,500000161,2026-09-01,09:11:12,IMPS,42658,Uber,Lucknow,Mobile,No,Normal Transaction
903355,500000172,2026-09-30,16:41:11,NEFT,93540,Uber,Hyderabad,Laptop,No,Normal Transaction
903356,500000024,2026-02-26,21:33:42,UPI,18996,Amazon,Lucknow,Mobile,No,Normal Transaction
903357,500000039,2026-11-07,11:35:41,ATM,52493,Flipkart,Pune,POS,No,Normal Transaction
903358,500000168,2026-08-11,01:41:31,RTGS,1451,Zomato,Bengaluru,ATM,No,Normal Transaction
903359,500000107,2026-08-27,03:48:43,NEFT,41902,PhonePe,Hyderabad,ATM,No,Normal Transaction
903360,500000004,2026-03-26,04:14:20,IMPS,84831,Amazon,Kolkata,POS,No,Normal Transaction
903361,500000063,2026-01-10,23:16:36,ATM,96001,IRCTC,Hyderabad,ATM,No,Normal Transaction
903362,500000161,2026-05-12,22:00:36,Credit Card,79774,Reliance,Mumbai,Mobile,No,Normal Transaction
903363,500000157,2026-08-15,23:53:45,Credit Card,25951,IRCTC,Mumbai,ATM,No,Normal Transaction
903364,500000130,2026-05-31,16:45:51,NEFT,5443,Flipkart,Bengaluru,Mobile,No,Normal Transaction
903365,500000158,2026-08-31,10:35:56,ATM,12306,Zomato,Delhi,ATM,No,Normal Transaction
903366,500000072,2026-12-19,02:21:09,ATM,37937,Flipkart,Delhi,Laptop,No,Normal Transaction
903367,500000130,2026-07-23,00:26:39,UPI,51174,Reliance,Pune,Laptop,No,Normal Transaction
903368,500000172,2026-12-14,05:01:29,NEFT,23501,Amazon,Hyderabad,Laptop,No,Normal Transaction
903369,500000118,2026-06-16,18:21:55,ATM,40756,Swiggy,Bengaluru,ATM,No,Normal Transaction
903370,500000003,2026-05-09,12:25:28,IMPS,37194,Swiggy,Bengaluru,Laptop,No,Normal Transaction
903371,500000128,2026-10-16,06:02:58,Debit Card,42037,PhonePe,Bengaluru,POS,No,Normal Transaction
903372,500000120,2026-04-21,09:38:22,Credit Card,25011,Flipkart,Bengaluru,POS,No,Normal Transaction
903373,500000102,2026-01-01,20:34:20,NEFT,39029,PhonePe,Pune,POS,No,Normal Transaction
903374,500000087,2026-12-05,01:59:07,UPI,52217,IRCTC,Kolkata,Mobile,No,Normal Transaction
903375,500000069,2026-10-20,22:16:03,ATM,28542,Uber,Kolkata,Mobile,No,Normal Transaction
903376,500000042,2026-01-19,16:58:03,UPI,69465,Amazon,Lucknow,Mobile,No,Normal Transaction
903377,500000043,2026-07-30,21:39:42,IMPS,93248,Zomato,Mumbai,Laptop,No,Normal Transaction
903378,500000053,2026-08-31,16:58:54,IMPS,99052,PhonePe,Hyderabad,ATM,No,Normal Transaction
903379,500000126,2026-09-24,21:36:14,UPI,18976,Zomato,Hyderabad,ATM,No,Normal Transaction
903380,500000040,2026-03-29,09:42:23,Debit Card,29339,PhonePe,Kolkata,Laptop,No,Normal Transaction
903381,500000053,2026-12-31,14:02:18,RTGS,71307,Reliance,Lucknow,Mobile,No,Normal Transaction
903382,500000008,2026-02-15,00:04:01,UPI,79321,IRCTC,Pune,Mobile,No,Normal Transaction
903383,500000139,2026-07-07,17:14:58,Credit Card,3708,Paytm,Delhi,ATM,No,Normal Transaction
903384,500000064,2026-03-10,04:03:39,NEFT,96296,IRCTC,Hyderabad,ATM,No,Normal Transaction
903385,500000103,2026-01-16,03:36:23,UPI,19091,IRCTC,Bengaluru,ATM,No,Normal Transaction
903386,500000150,2026-06-11,03:19:35,IMPS,13842,Zomato,Hyderabad,Mobile,No,Normal Transaction
903387,500000029,2026-03-29,16:46:27,Debit Card,78745,IRCTC,Bengaluru,ATM,No,Normal Transaction
903388,500000042,2026-10-15,15:00:08,UPI,21963,DMart,Mumbai,Mobile,No,Normal Transaction
903389,500000071,2026-12-14,03:19:45,Credit Card,84899,Flipkart,Kolkata,ATM,No,Normal Transaction
903390,500000023,2026-12-02,12:55:19,UPI,46081,Swiggy,Kolkata,ATM,No,Normal Transaction
903391,500000138,2026-03-21,18:28:05,IMPS,4842,PhonePe,Lucknow,Laptop,Yes,High Amount
903392,500000024,2026-08-21,16:38:19,ATM,39101,Zomato,Bengaluru,POS,No,Normal Transaction
903393,500000005,2026-03-29,19:42:42,ATM,49769,Uber,Pune,Laptop,No,Normal Transaction
903394,500000166,2026-03-04,10:24:25,IMPS,96788,Amazon,Delhi,ATM,No,Normal Transaction
903395,500000136,2026-03-09,18:54:56,NEFT,90401,DMart,Delhi,Laptop,No,Normal Transaction
903396,500000174,2026-09-23,10:37:43,Debit Card,59565,DMart,Lucknow,ATM,No,Normal Transaction
903397,500000167,2026-12-03,17:40:53,NEFT,2141,Zomato,Hyderabad,Laptop,No,Normal Transaction
903398,500000073,2026-01-17,17:44:53,UPI,20012,Paytm,Mumbai,POS,No,Normal Transaction
903399,500000175,2026-06-17,15:22:24,RTGS,16499,Flipkart,Delhi,Laptop,No,Normal Transaction
903400,500000106,2026-10-26,00:26:03,Debit Card,15695,Paytm,Lucknow,Mobile,No,Normal Transaction
903401,500000043,2026-04-12,05:10:14,Credit Card,20765,Zomato,Kolkata,POS,No,Normal Transaction
903402,500000055,2026-04-14,11:35:49,NEFT,97366,Zomato,Bengaluru,POS,No,Normal Transaction
903403,500000091,2026-08-14,02:38:47,Credit Card,43046,Amazon,Lucknow,POS,No,Normal Transaction
903404,500000111,2026-07-26,12:29:32,RTGS,48427,Swiggy,Delhi,POS,No,Normal Transaction
903405,500000122,2026-08-24,13:50:42,IMPS,34823,Paytm,Bengaluru,ATM,No,Normal Transaction
903406,500000093,2026-07-22,17:35:05,Credit Card,85989,DMart,Kolkata,Laptop,No,Normal Transaction
903407,500000046,2026-08-17,08:58:35,RTGS,18386,Uber,Mumbai,Laptop,No,Normal Transaction
903408,500000090,2026-09-01,01:55:51,NEFT,57103,Flipkart,Pune,Mobile,No,Normal Transaction
903409,500000117,2026-07-04,03:07:04,NEFT,79362,DMart,Pune,POS,No,Normal Transaction
903410,500000046,2026-05-02,10:35:39,NEFT,92721,Flipkart,Pune,Mobile,No,Normal Transaction
903411,500000130,2026-12-26,04:00:45,Debit Card,51841,Paytm,Lucknow,Mobile,No,Normal Transaction
903412,500000059,2026-09-18,14:41:12,Credit Card,39887,Uber,Mumbai,Mobile,No,Normal Transaction
903413,500000018,2026-09-10,02:20:45,Debit Card,59778,DMart,Pune,Laptop,No,Normal Transaction
903414,500000101,2026-10-07,07:44:49,UPI,41059,Flipkart,Delhi,Mobile,No,Normal Transaction
903415,500000143,2026-10-17,05:06:28,Credit Card,55068,Paytm,Hyderabad,Laptop,No,Normal Transaction
903416,500000065,2026-07-13,16:34:58,Debit Card,22817,PhonePe,Mumbai,POS,No,Normal Transaction
903417,500000142,2026-08-18,21:10:22,RTGS,10419,Zomato,Delhi,Mobile,No,Normal Transaction
903418,500000099,2026-09-28,00:33:42,RTGS,8662,Paytm,Hyderabad,Laptop,No,Normal Transaction
903419,500000090,2026-04-14,22:11:30,NEFT,11211,Zomato,Bengaluru,ATM,No,Normal Transaction
903420,500000032,2026-05-19,06:15:13,RTGS,35935,Zomato,Hyderabad,Mobile,No,Normal Transaction
903421,500000025,2026-11-23,03:29:31,NEFT,47430,Swiggy,Kolkata,ATM,No,Normal Transaction
903422,500000141,2026-03-20,06:18:55,Credit Card,55145,Uber,Kolkata,POS,No,Normal Transaction
903423,500000050,2026-02-09,16:13:28,NEFT,20230,DMart,Pune,Mobile,No,Normal Transaction
903424,500000062,2026-12-05,20:27:46,RTGS,59068,Zomato,Bengaluru,POS,No,Normal Transaction
903425,500000118,2026-07-11,05:24:24,NEFT,87157,DMart,Delhi,Laptop,No,Normal Transaction
903426,500000131,2026-08-12,09:12:27,UPI,15620,Paytm,Bengaluru,Mobile,No,Normal Transaction
903427,500000158,2026-04-20,09:49:49,Debit Card,88670,Flipkart,Delhi,ATM,No,Normal Transaction
903428,500000059,2026-08-07,20:12:17,RTGS,51817,Amazon,Hyderabad,ATM,No,Normal Transaction
903429,500000134,2026-04-20,02:22:43,RTGS,71637,Uber,Lucknow,Laptop,No,Normal Transaction
903430,500000141,2026-04-10,13:57:30,IMPS,94425,Reliance,Hyderabad,ATM,No,Normal Transaction
903431,500000064,2026-11-05,11:53:12,IMPS,64134,IRCTC,Bengaluru,Laptop,No,Normal Transaction
903432,500000004,2026-05-30,11:33:59,Credit Card,44783,IRCTC,Lucknow,POS,No,Normal Transaction
903433,500000116,2026-08-04,07:39:14,Credit Card,52464,Zomato,Delhi,ATM,No,Normal Transaction
903434,500000178,2026-10-29,15:09:47,IMPS,80179,PhonePe,Delhi,Mobile,No,Normal Transaction
903435,500000146,2026-08-19,16:57:18,ATM,89809,Zomato,Mumbai,Laptop,No,Normal Transaction
903436,500000084,2026-01-20,16:27:05,RTGS,15497,Zomato,Lucknow,ATM,No,Normal Transaction
903437,500000089,2026-11-13,22:23:01,RTGS,25343,Amazon,Kolkata,POS,Yes,High Amount
903438,500000171,2026-02-11,00:36:29,IMPS,68728,Reliance,Lucknow,Laptop,No,Normal Transaction
903439,500000011,2026-08-14,05:31:54,UPI,90714,PhonePe,Lucknow,POS,No,Normal Transaction
903440,500000122,2026-03-30,17:52:25,IMPS,68565,Zomato,Mumbai,ATM,No,Normal Transaction
903441,500000107,2026-11-07,05:24:37,NEFT,94662,IRCTC,Pune,Laptop,No,Normal Transaction
903442,500000080,2026-06-11,02:19:44,UPI,65168,Flipkart,Hyderabad,Mobile,No,Normal Transaction
903443,500000001,2026-02-04,01:15:30,NEFT,11523,IRCTC,Delhi,Mobile,No,Normal Transaction
903444,500000127,2026-08-10,12:33:55,NEFT,41401,Uber,Lucknow,Mobile,No,Normal Transaction
903445,500000179,2026-08-13,15:31:20,UPI,24033,Flipkart,Lucknow,Mobile,No,Normal Transaction
903446,500000107,2026-11-01,08:51:06,UPI,81965,Flipkart,Lucknow,ATM,No,Normal Transaction
903447,500000062,2026-08-02,03:16:08,NEFT,31997,Zomato,Lucknow,POS,No,Normal Transaction
903448,500000145,2026-09-21,04:51:54,ATM,25426,Zomato,Mumbai,Laptop,No,Normal Transaction
903449,500000163,2026-03-21,23:19:08,NEFT,49309,Flipkart,Delhi,Laptop,No,Normal Transaction
903450,500000014,2026-08-25,07:34:52,Credit Card,99203,Zomato,Bengaluru,Laptop,No,Normal Transaction
903451,500000083,2026-08-08,15:48:14,Credit Card,16030,PhonePe,Mumbai,Mobile,No,Normal Transaction
903452,500000014,2026-03-25,07:09:38,Credit Card,4210,DMart,Mumbai,Mobile,No,Normal Transaction
903453,500000124,2026-11-08,03:17:24,RTGS,33361,Flipkart,Bengaluru,Laptop,No,Normal Transaction
903454,500000136,2026-04-07,01:46:09,IMPS,31552,Uber,Lucknow,Laptop,No,Normal Transaction
903455,500000098,2026-08-09,22:23:19,Credit Card,81864,PhonePe,Delhi,ATM,No,Normal Transaction
903456,500000102,2026-05-28,23:59:06,Credit Card,912,Uber,Lucknow,POS,No,Normal Transaction
903457,500000009,2026-03-07,10:06:41,Credit Card,99217,Zomato,Delhi,Mobile,No,Normal Transaction
903458,500000024,2026-02-03,21:55:47,NEFT,20859,Flipkart,Delhi,Mobile,No,Normal Transaction
903459,500000128,2026-03-18,03:49:14,Credit Card,3596,Uber,Kolkata,Laptop,No,Normal Transaction
903460,500000175,2026-07-16,11:24:14,Debit Card,85575,Paytm,Delhi,ATM,No,Normal Transaction
903461,500000023,2026-09-27,21:09:15,NEFT,20067,PhonePe,Pune,ATM,No,Normal Transaction
903462,500000120,2026-10-26,15:22:52,ATM,86121,DMart,Bengaluru,Laptop,No,Normal Transaction
903463,500000021,2026-09-07,12:14:33,RTGS,60987,PhonePe,Mumbai,Laptop,No,Normal Transaction
903464,500000019,2026-05-31,01:51:32,UPI,52911,Reliance,Bengaluru,POS,No,Normal Transaction
903465,500000176,2026-08-07,19:40:39,Debit Card,50951,Zomato,Pune,ATM,No,Normal Transaction
903466,500000044,2026-08-26,01:43:13,RTGS,90975,IRCTC,Kolkata,ATM,No,Normal Transaction
903467,500000123,2026-02-03,05:00:29,UPI,33265,Flipkart,Pune,POS,No,Normal Transaction
903468,500000017,2026-01-12,01:56:45,UPI,89581,Reliance,Delhi,POS,No,Normal Transaction
903469,500000162,2026-10-12,21:03:30,IMPS,39641,DMart,Delhi,Laptop,No,Normal Transaction
903470,500000116,2026-04-14,05:24:11,UPI,86063,Paytm,Lucknow,POS,No,Normal Transaction
903471,500000027,2026-10-04,18:38:00,IMPS,47138,Uber,Pune,Laptop,No,Normal Transaction
903472,500000119,2026-10-06,12:49:27,Credit Card,4922,Reliance,Lucknow,Laptop,No,Normal Transaction
903473,500000096,2026-02-15,17:24:56,NEFT,67601,IRCTC,Kolkata,ATM,No,Normal Transaction
903474,500000100,2026-06-21,13:57:09,Credit Card,51752,Uber,Hyderabad,POS,No,Normal Transaction
903475,500000071,2026-07-10,10:24:56,RTGS,85508,Paytm,Delhi,Mobile,No,Normal Transaction
903476,500000050,2026-12-02,06:32:24,RTGS,24614,DMart,Kolkata,POS,No,Normal Transaction
903477,500000123,2026-04-26,08:25:48,ATM,68929,DMart,Lucknow,POS,No,Normal Transaction
903478,500000153,2026-07-02,15:49:14,NEFT,144,Amazon,Kolkata,Mobile,No,Normal Transaction
903479,500000022,2026-02-21,13:44:41,ATM,34737,Reliance,Bengaluru,Laptop,No,Normal Transaction
903480,500000048,2026-07-29,20:57:11,NEFT,29437,DMart,Hyderabad,Laptop,No,Normal Transaction
903481,500000171,2026-11-09,06:20:10,IMPS,15722,Swiggy,Delhi,POS,No,Normal Transaction
903482,500000046,2026-04-03,01:55:48,Credit Card,93955,IRCTC,Mumbai,Mobile,No,Normal Transaction
903483,500000033,2026-03-14,18:45:00,NEFT,17560,Swiggy,Hyderabad,Laptop,No,Normal Transaction
903484,500000146,2026-09-25,08:06:45,Debit Card,27137,Paytm,Kolkata,Mobile,No,Normal Transaction
903485,500000113,2026-01-15,10:22:37,UPI,90695,Zomato,Delhi,Mobile,No,Normal Transaction
903486,500000057,2026-05-08,11:41:18,IMPS,66292,Zomato,Delhi,POS,No,Normal Transaction
903487,500000107,2026-06-20,13:56:39,UPI,23741,Swiggy,Lucknow,POS,No,Normal Transaction
903488,500000032,2026-02-12,04:10:54,Debit Card,97515,Amazon,Bengaluru,POS,No,Normal Transaction
903489,500000011,2026-12-05,19:23:03,ATM,61369,Uber,Lucknow,ATM,No,Normal Transaction
903490,500000060,2026-08-24,11:39:07,IMPS,29051,DMart,Bengaluru,POS,No,Normal Transaction
903491,500000173,2026-02-20,05:32:14,NEFT,59491,Amazon,Lucknow,POS,Yes,Multiple Transactions
903492,500000100,2026-11-09,23:24:14,NEFT,90237,Zomato,Hyderabad,Mobile,No,Normal Transaction
903493,500000071,2026-11-25,14:51:54,ATM,23630,Swiggy,Delhi,ATM,No,Normal Transaction
903494,500000016,2026-06-17,10:41:56,ATM,42248,Paytm,Mumbai,Mobile,No,Normal Transaction
903495,500000158,2026-08-11,09:41:38,ATM,82076,PhonePe,Hyderabad,POS,No,Normal Transaction
903496,500000089,2026-06-20,07:31:36,ATM,31068,Reliance,Mumbai,ATM,No,Normal Transaction
903497,500000161,2026-05-24,14:52:41,Debit Card,78256,Reliance,Mumbai,POS,No,Normal Transaction
903498,500000042,2026-08-18,04:40:17,UPI,74384,Paytm,Hyderabad,ATM,No,Normal Transaction
903499,500000178,2026-01-04,13:07:40,UPI,69754,Zomato,Lucknow,Laptop,No,Normal Transaction
903500,500000021,2026-04-04,00:08:58,NEFT,82398,Swiggy,Mumbai,ATM,No,Normal Transaction
903501,500000060,2026-10-14,09:23:59,NEFT,72427,Flipkart,Delhi,Laptop,No,Normal Transaction
903502,500000032,2026-07-30,15:25:15,Debit Card,4078,IRCTC,Pune,POS,No,Normal Transaction
903503,500000162,2026-07-03,00:04:11,RTGS,79617,IRCTC,Kolkata,Mobile,No,Normal Transaction
903504,500000104,2026-08-02,11:24:49,UPI,36683,IRCTC,Lucknow,Laptop,No,Normal Transaction
903505,500000033,2026-09-19,10:17:23,IMPS,35251,DMart,Kolkata,ATM,No,Normal Transaction
903506,500000077,2026-09-30,15:01:57,ATM,97626,DMart,Lucknow,POS,No,Normal Transaction
903507,500000153,2026-10-05,10:10:52,RTGS,83581,Zomato,Lucknow,POS,No,Normal Transaction
903508,500000121,2026-05-14,05:35:22,Debit Card,52417,Uber,Mumbai,Mobile,Yes,Midnight Transaction
903509,500000172,2026-12-07,08:44:35,Debit Card,78670,IRCTC,Kolkata,ATM,No,Normal Transaction
903510,500000131,2026-09-11,12:28:15,IMPS,99212,Uber,Hyderabad,Mobile,No,Normal Transaction
903511,500000124,2026-02-04,01:33:37,IMPS,29513,Reliance,Bengaluru,Laptop,No,Normal Transaction
903512,500000042,2026-06-19,02:24:15,RTGS,35977,PhonePe,Hyderabad,Laptop,No,Normal Transaction
903513,500000104,2026-07-27,05:43:56,RTGS,93124,Paytm,Mumbai,Laptop,No,Normal Transaction
903514,500000134,2026-07-05,04:04:41,UPI,54753,Flipkart,Kolkata,POS,No,Normal Transaction
903515,500000013,2026-10-16,19:58:38,Credit Card,91451,DMart,Mumbai,POS,No,Normal Transaction
903516,500000101,2026-02-21,20:50:51,NEFT,54120,Reliance,Lucknow,Laptop,Yes,Different City
903517,500000132,2026-12-26,18:21:45,NEFT,46233,Paytm,Kolkata,Laptop,No,Normal Transaction
903518,500000168,2026-10-17,10:23:27,UPI,96142,Uber,Mumbai,Mobile,No,Normal Transaction
903519,500000042,2026-08-17,20:35:07,RTGS,67793,Uber,Delhi,POS,No,Normal Transaction
903520,500000108,2026-04-24,06:38:27,RTGS,85864,Flipkart,Delhi,ATM,No,Normal Transaction
903521,500000097,2026-09-20,02:14:25,ATM,64262,PhonePe,Delhi,ATM,No,Normal Transaction
903522,500000161,2027-01-01,01:18:09,UPI,5519,Flipkart,Delhi,POS,No,Normal Transaction
903523,500000085,2026-01-24,01:35:33,NEFT,14262,Flipkart,Mumbai,Laptop,No,Normal Transaction
903524,500000051,2026-11-25,19:44:42,IMPS,82006,Paytm,Lucknow,Mobile,No,Normal Transaction
903525,500000061,2026-01-13,09:30:31,RTGS,34490,Uber,Pune,Mobile,No,Normal Transaction
903526,500000059,2026-12-29,05:07:42,IMPS,1801,Uber,Delhi,POS,No,Normal Transaction
903527,500000152,2026-01-26,18:35:18,NEFT,47136,Paytm,Pune,POS,No,Normal Transaction
903528,500000001,2026-02-10,16:44:50,IMPS,35666,Reliance,Bengaluru,Laptop,No,Normal Transaction
903529,500000064,2026-04-10,03:57:15,Debit Card,81900,Paytm,Hyderabad,ATM,No,Normal Transaction
903530,500000032,2026-04-13,21:56:03,NEFT,70177,Reliance,Mumbai,Mobile,No,Normal Transaction
903531,500000123,2026-09-25,13:07:16,IMPS,73022,Swiggy,Mumbai,ATM,No,Normal Transaction
903532,500000153,2026-06-19,19:04:59,UPI,90248,Zomato,Pune,POS,No,Normal Transaction
903533,500000101,2026-10-01,09:51:43,IMPS,3964,Amazon,Hyderabad,ATM,No,Normal Transaction
903534,500000138,2026-07-22,04:08:52,IMPS,23921,Uber,Pune,ATM,No,Normal Transaction
903535,500000168,2026-11-10,15:09:40,Debit Card,7507,DMart,Kolkata,POS,No,Normal Transaction
903536,500000004,2026-11-08,20:39:38,IMPS,76109,Paytm,Kolkata,Mobile,No,Normal Transaction
903537,500000173,2026-07-10,17:42:59,Debit Card,71409,DMart,Lucknow,Laptop,No,Normal Transaction
903538,500000075,2026-05-13,14:41:06,UPI,43580,Amazon,Kolkata,ATM,No,Normal Transaction
903539,500000081,2026-09-06,18:06:42,NEFT,58762,IRCTC,Bengaluru,ATM,No,Normal Transaction
903540,500000002,2026-08-13,17:35:40,Credit Card,65812,Flipkart,Mumbai,Laptop,Yes,Multiple Transactions
903541,500000099,2026-05-22,20:43:44,UPI,51625,IRCTC,Bengaluru,POS,No,Normal Transaction
903542,500000157,2026-12-05,02:56:43,IMPS,40256,PhonePe,Mumbai,Mobile,No,Normal Transaction
903543,500000155,2026-11-22,21:01:00,NEFT,17396,DMart,Delhi,ATM,No,Normal Transaction
903544,500000031,2026-04-12,13:31:37,Debit Card,91184,DMart,Kolkata,POS,No,Normal Transaction
903545,500000051,2026-05-27,13:41:30,Debit Card,99232,Swiggy,Mumbai,ATM,No,Normal Transaction
903546,500000043,2026-11-28,23:30:15,IMPS,51363,DMart,Lucknow,POS,No,Normal Transaction
903547,500000135,2026-05-26,19:23:38,Debit Card,56204,Uber,Kolkata,Mobile,No,Normal Transaction
903548,500000098,2026-08-30,05:15:57,Credit Card,46528,Flipkart,Kolkata,Laptop,No,Normal Transaction
903549,500000014,2026-09-27,12:56:08,NEFT,57551,Zomato,Mumbai,POS,No,Normal Transaction
903550,500000016,2026-01-10,20:21:49,UPI,9973,PhonePe,Lucknow,POS,No,Normal Transaction
903551,500000006,2026-01-07,17:34:44,UPI,66206,Reliance,Kolkata,Laptop,No,Normal Transaction
903552,500000156,2026-04-06,20:05:50,RTGS,40767,PhonePe,Bengaluru,Mobile,No,Normal Transaction
903553,500000152,2026-06-08,16:38:01,IMPS,86212,Flipkart,Mumbai,POS,No,Normal Transaction
903554,500000041,2026-10-21,22:31:04,UPI,6880,Amazon,Kolkata,Laptop,No,Normal Transaction
903555,500000010,2026-08-31,16:05:47,Debit Card,61175,IRCTC,Kolkata,POS,No,Normal Transaction
903556,500000011,2026-05-12,04:27:28,ATM,89994,Zomato,Pune,Mobile,No,Normal Transaction
903557,500000120,2026-02-09,02:18:48,ATM,95946,Flipkart,Lucknow,ATM,No,Normal Transaction
903558,500000128,2026-12-24,22:56:09,RTGS,15125,DMart,Bengaluru,POS,No,Normal Transaction
903559,500000091,2026-08-26,02:54:39,ATM,56568,DMart,Lucknow,Laptop,No,Normal Transaction
903560,500000153,2026-01-06,04:15:23,RTGS,45912,Swiggy,Delhi,POS,No,Normal Transaction
903561,500000177,2026-11-23,18:23:53,IMPS,20223,Paytm,Lucknow,Mobile,No,Normal Transaction
903562,500000064,2026-08-23,17:25:06,ATM,62097,IRCTC,Kolkata,POS,No,Normal Transaction
903563,500000148,2026-08-31,21:23:39,RTGS,30792,Flipkart,Bengaluru,ATM,No,Normal Transaction
903564,500000019,2026-04-08,15:33:52,RTGS,41218,Reliance,Kolkata,Laptop,No,Normal Transaction
903565,500000155,2026-05-05,14:53:34,IMPS,59651,PhonePe,Bengaluru,ATM,No,Normal Transaction
903566,500000143,2026-10-11,15:49:10,NEFT,64772,PhonePe,Lucknow,Laptop,No,Normal Transaction
903567,500000141,2026-03-31,15:31:19,ATM,33035,Flipkart,Bengaluru,POS,No,Normal Transaction
903568,500000039,2026-03-03,09:39:49,Credit Card,9324,Zomato,Delhi,ATM,No,Normal Transaction
903569,500000005,2026-04-12,17:43:54,ATM,62364,DMart,Bengaluru,ATM,No,Normal Transaction
903570,500000174,2026-01-27,03:32:52,Debit Card,53871,Swiggy,Hyderabad,Laptop,No,Normal Transaction
903571,500000173,2026-02-26,19:56:59,UPI,23333,Zomato,Lucknow,Laptop,No,Normal Transaction
903572,500000042,2026-08-14,01:34:34,Debit Card,4341,Reliance,Hyderabad,Laptop,No,Normal Transaction
903573,500000040,2026-08-18,20:10:31,Credit Card,73574,Amazon,Pune,ATM,No,Normal Transaction
903574,500000132,2026-03-19,20:31:33,Credit Card,61852,Flipkart,Mumbai,POS,No,Normal Transaction
903575,500000003,2026-05-17,03:07:51,IMPS,527,DMart,Kolkata,POS,No,Normal Transaction
903576,500000073,2026-04-01,14:36:46,RTGS,61585,IRCTC,Kolkata,Mobile,Yes,High Amount
903577,500000071,2026-06-24,18:51:05,Credit Card,17408,Zomato,Kolkata,Mobile,No,Normal Transaction
903578,500000120,2026-05-28,17:50:15,IMPS,2543,Amazon,Delhi,Mobile,No,Normal Transaction
903579,500000014,2026-03-03,07:20:06,RTGS,91310,Amazon,Mumbai,ATM,No,Normal Transaction
903580,500000081,2026-10-03,11:34:16,ATM,52014,PhonePe,Pune,POS,No,Normal Transaction
903581,500000072,2026-07-17,18:22:57,UPI,49795,Amazon,Bengaluru,Mobile,No,Normal Transaction
903582,500000091,2026-11-01,00:00:03,Debit Card,58737,Paytm,Hyderabad,Mobile,No,Normal Transaction
903583,500000112,2026-11-07,04:08:05,ATM,33945,Amazon,Pune,Laptop,No,Normal Transaction
903584,500000162,2026-07-06,10:49:47,Debit Card,33143,Zomato,Hyderabad,Laptop,No,Normal Transaction
903585,500000057,2026-03-10,22:05:25,Credit Card,57905,Flipkart,Kolkata,Mobile,No,Normal Transaction
903586,500000109,2026-10-29,12:51:19,IMPS,45287,Zomato,Hyderabad,POS,No,Normal Transaction
903587,500000071,2026-07-14,02:25:10,NEFT,18937,DMart,Lucknow,Laptop,No,Normal Transaction
903588,500000082,2026-01-10,00:34:17,IMPS,95588,Reliance,Lucknow,POS,No,Normal Transaction
903589,500000180,2026-10-07,01:59:31,NEFT,40534,Paytm,Pune,ATM,No,Normal Transaction
903590,500000144,2026-10-18,00:53:29,Debit Card,59728,Flipkart,Hyderabad,ATM,No,Normal Transaction
903591,500000103,2027-01-01,19:12:14,Debit Card,49772,Swiggy,Mumbai,Mobile,No,Normal Transaction
903592,500000156,2026-06-28,21:20:34,ATM,31173,Reliance,Delhi,ATM,No,Normal Transaction
903593,500000087,2026-02-13,23:23:20,ATM,68937,Uber,Mumbai,ATM,No,Normal Transaction
903594,500000068,2026-02-20,09:35:48,RTGS,42191,PhonePe,Kolkata,ATM,No,Normal Transaction
903595,500000059,2026-12-10,23:18:51,RTGS,21111,Paytm,Lucknow,ATM,No,Normal Transaction
903596,500000177,2026-02-10,15:23:17,Credit Card,83437,Amazon,Hyderabad,Mobile,No,Normal Transaction
903597,500000026,2026-02-11,12:28:37,NEFT,48996,Swiggy,Bengaluru,ATM,No,Normal Transaction
903598,500000174,2026-04-12,12:04:00,Credit Card,85228,Zomato,Pune,Mobile,No,Normal Transaction
903599,500000174,2026-06-19,07:55:49,ATM,25974,Uber,Kolkata,POS,No,Normal Transaction
903600,500000068,2026-12-28,03:09:23,IMPS,15876,Amazon,Mumbai,POS,No,Normal Transaction
903601,500000093,2026-04-11,15:10:17,NEFT,37864,PhonePe,Kolkata,Laptop,No,Normal Transaction
903602,500000105,2026-09-03,16:44:43,NEFT,96660,Reliance,Hyderabad,Mobile,No,Normal Transaction
903603,500000067,2026-05-22,05:05:03,ATM,68662,Reliance,Hyderabad,Laptop,No,Normal Transaction
903604,500000093,2026-05-15,19:27:50,Credit Card,34000,PhonePe,Bengaluru,Mobile,No,Normal Transaction
903605,500000167,2026-05-02,12:37:38,RTGS,31342,Reliance,Mumbai,Laptop,No,Normal Transaction
903606,500000066,2026-03-22,14:45:23,UPI,12162,Reliance,Lucknow,ATM,No,Normal Transaction
903607,500000026,2026-12-28,08:03:23,UPI,38467,Uber,Delhi,Laptop,No,Normal Transaction
903608,500000174,2026-08-17,18:00:47,Credit Card,10182,Flipkart,Mumbai,Laptop,No,Normal Transaction
903609,500000091,2026-01-23,13:56:44,IMPS,1648,Swiggy,Hyderabad,ATM,No,Normal Transaction
903610,500000107,2026-08-20,14:13:20,Debit Card,74376,Swiggy,Hyderabad,Mobile,No,Normal Transaction
903611,500000153,2026-11-10,05:36:20,UPI,36647,Flipkart,Lucknow,POS,No,Normal Transaction
903612,500000008,2026-08-10,12:39:52,NEFT,19060,Uber,Delhi,POS,Yes,High Amount
903613,500000136,2026-12-26,06:58:00,NEFT,89507,PhonePe,Bengaluru,ATM,No,Normal Transaction
903614,500000178,2026-05-06,03:13:51,UPI,28506,Flipkart,Delhi,ATM,No,Normal Transaction
903615,500000049,2026-10-09,07:22:19,RTGS,3083,Swiggy,Hyderabad,ATM,No,Normal Transaction
903616,500000076,2026-02-14,13:04:26,RTGS,50840,Amazon,Kolkata,POS,No,Normal Transaction
903617,500000062,2026-11-11,10:38:02,IMPS,45910,Zomato,Pune,POS,No,Normal Transaction
903618,500000178,2026-04-26,23:13:43,ATM,90443,PhonePe,Kolkata,Laptop,No,Normal Transaction
903619,500000055,2026-03-24,22:40:55,Credit Card,52080,Flipkart,Hyderabad,Laptop,No,Normal Transaction
903620,500000117,2026-07-21,17:55:46,UPI,53220,Flipkart,Delhi,Laptop,No,Normal Transaction
903621,500000011,2026-12-22,14:33:05,UPI,8063,Flipkart,Mumbai,Laptop,No,Normal Transaction
903622,500000152,2026-02-03,21:11:48,RTGS,23260,Zomato,Hyderabad,Mobile,No,Normal Transaction
903623,500000056,2026-12-23,01:00:42,Credit Card,77359,Swiggy,Lucknow,ATM,No,Normal Transaction
903624,500000057,2026-09-12,02:43:59,UPI,95975,DMart,Bengaluru,Mobile,No,Normal Transaction
903625,500000125,2026-10-27,02:21:57,IMPS,82595,DMart,Lucknow,Mobile,No,Normal Transaction
903626,500000164,2026-06-17,01:42:03,NEFT,50866,Swiggy,Kolkata,Mobile,No,Normal Transaction
903627,500000060,2026-02-16,06:16:30,ATM,457,Swiggy,Kolkata,ATM,No,Normal Transaction
903628,500000172,2026-04-05,01:23:11,IMPS,75797,IRCTC,Delhi,Laptop,No,Normal Transaction
903629,500000057,2026-06-22,12:46:00,Debit Card,31640,Swiggy,Lucknow,ATM,No,Normal Transaction
903630,500000012,2026-02-16,10:01:10,IMPS,65839,DMart,Kolkata,Laptop,No,Normal Transaction
903631,500000173,2026-08-11,17:33:14,UPI,88565,Flipkart,Kolkata,Mobile,No,Normal Transaction
903632,500000011,2026-05-13,11:08:56,NEFT,48931,Reliance,Hyderabad,ATM,No,Normal Transaction
903633,500000148,2026-03-19,06:22:29,NEFT,5913,Zomato,Mumbai,Laptop,No,Normal Transaction
903634,500000038,2026-06-19,00:32:24,NEFT,81671,Paytm,Bengaluru,Laptop,No,Normal Transaction
903635,500000016,2026-07-08,06:10:34,ATM,84842,Paytm,Lucknow,ATM,No,Normal Transaction
903636,500000129,2026-07-16,13:28:49,RTGS,9466,Paytm,Lucknow,Laptop,No,Normal Transaction
903637,500000128,2026-04-26,12:43:39,RTGS,7240,Swiggy,Delhi,Mobile,No,Normal Transaction
903638,500000093,2026-11-19,10:26:00,IMPS,15783,Reliance,Mumbai,ATM,No,Normal Transaction
903639,500000051,2026-11-07,07:56:13,ATM,36283,Reliance,Bengaluru,ATM,No,Normal Transaction
903640,500000177,2026-05-16,01:38:38,IMPS,37445,Flipkart,Mumbai,ATM,No,Normal Transaction
903641,500000036,2026-01-19,17:00:04,UPI,98443,Paytm,Delhi,Mobile,No,Normal Transaction
903642,500000036,2026-07-18,14:12:56,RTGS,55454,Swiggy,Bengaluru,Mobile,No,Normal Transaction
903643,500000171,2026-08-07,08:36:57,RTGS,89046,Amazon,Lucknow,Laptop,No,Normal Transaction
903644,500000040,2026-12-23,06:08:55,Debit Card,55588,PhonePe,Hyderabad,POS,No,Normal Transaction
903645,500000058,2026-06-09,22:35:20,UPI,3312,IRCTC,Delhi,Laptop,No,Normal Transaction
903646,500000124,2026-04-02,14:56:49,Credit Card,89196,Reliance,Lucknow,POS,No,Normal Transaction
903647,500000131,2026-10-11,00:20:09,Debit Card,36134,Paytm,Pune,Mobile,No,Normal Transaction
903648,500000058,2026-12-25,20:52:10,ATM,67358,IRCTC,Mumbai,POS,No,Normal Transaction
903649,500000078,2026-06-17,01:41:19,Debit Card,19246,Zomato,Kolkata,Mobile,No,Normal Transaction
903650,500000085,2026-08-26,18:53:29,UPI,92573,DMart,Delhi,Mobile,No,Normal Transaction
903651,500000080,2026-12-12,09:26:19,UPI,59621,Amazon,Pune,ATM,Yes,High Amount
903652,500000019,2026-03-16,02:48:28,UPI,7970,PhonePe,Delhi,POS,No,Normal Transaction
903653,500000179,2026-08-16,02:23:59,IMPS,47564,Amazon,Hyderabad,Laptop,No,Normal Transaction
903654,500000034,2026-08-11,20:18:14,ATM,87574,Flipkart,Mumbai,ATM,No,Normal Transaction
903655,500000101,2026-03-21,23:04:47,NEFT,90979,Swiggy,Bengaluru,Mobile,No,Normal Transaction
903656,500000134,2026-05-12,18:46:51,RTGS,46724,Uber,Bengaluru,Laptop,No,Normal Transaction
903657,500000109,2026-02-17,03:20:59,IMPS,70874,Zomato,Pune,ATM,No,Normal Transaction
903658,500000144,2026-07-16,23:29:02,RTGS,11852,IRCTC,Pune,POS,No,Normal Transaction
903659,500000114,2026-09-11,10:24:41,UPI,15509,Zomato,Delhi,ATM,No,Normal Transaction
903660,500000087,2026-10-12,23:08:32,UPI,13897,PhonePe,Mumbai,ATM,No,Normal Transaction
903661,500000042,2026-12-28,14:33:14,NEFT,73774,Zomato,Hyderabad,Laptop,No,Normal Transaction
903662,500000107,2026-02-23,20:47:22,ATM,6344,Flipkart,Pune,Mobile,No,Normal Transaction
903663,500000109,2026-12-14,22:19:56,Debit Card,36251,Paytm,Pune,POS,No,Normal Transaction
903664,500000170,2026-07-11,03:10:48,RTGS,25805,Uber,Delhi,POS,No,Normal Transaction
903665,500000022,2026-04-07,04:47:53,RTGS,6564,IRCTC,Hyderabad,POS,No,Normal Transaction
903666,500000155,2026-12-10,20:55:25,Debit Card,82655,Swiggy,Delhi,POS,No,Normal Transaction
903667,500000090,2026-01-28,22:01:18,IMPS,77558,Flipkart,Hyderabad,ATM,No,Normal Transaction
903668,500000110,2026-06-05,09:23:29,Credit Card,76523,DMart,Mumbai,POS,No,Normal Transaction
903669,500000177,2026-11-11,21:49:08,RTGS,30370,Zomato,Bengaluru,Laptop,No,Normal Transaction
903670,500000140,2026-11-08,10:39:07,Credit Card,48306,Flipkart,Hyderabad,Laptop,No,Normal Transaction
903671,500000141,2026-12-03,15:56:57,Debit Card,76379,Reliance,Mumbai,Laptop,No,Normal Transaction
903672,500000065,2026-06-10,02:41:42,RTGS,1769,Reliance,Bengaluru,Mobile,No,Normal Transaction
903673,500000053,2026-09-26,01:41:39,Debit Card,34816,Uber,Mumbai,Mobile,No,Normal Transaction
903674,500000140,2026-05-20,05:02:37,Credit Card,89548,Paytm,Hyderabad,ATM,No,Normal Transaction
903675,500000077,2026-09-16,12:44:17,IMPS,40944,Amazon,Delhi,POS,No,Normal Transaction
903676,500000053,2026-06-09,19:18:08,ATM,35152,Zomato,Pune,Laptop,No,Normal Transaction
903677,500000065,2026-01-26,08:11:36,UPI,16451,Flipkart,Delhi,Laptop,No,Normal Transaction
903678,500000066,2026-11-05,08:34:28,IMPS,64099,Zomato,Delhi,Mobile,No,Normal Transaction
903679,500000055,2026-08-23,11:33:12,IMPS,78348,IRCTC,Hyderabad,Laptop,No,Normal Transaction
903680,500000093,2026-09-20,19:36:26,RTGS,48287,Swiggy,Lucknow,ATM,No,Normal Transaction
903681,500000167,2026-09-22,15:10:16,UPI,41223,IRCTC,Lucknow,POS,No,Normal Transaction
903682,500000049,2026-07-09,16:11:12,RTGS,56803,Amazon,Hyderabad,ATM,No,Normal Transaction
903683,500000171,2026-08-25,07:35:59,Debit Card,33422,IRCTC,Mumbai,Mobile,No,Normal Transaction
903684,500000178,2026-04-12,06:18:50,Credit Card,4761,Reliance,Bengaluru,ATM,No,Normal Transaction
903685,500000155,2026-07-14,12:15:11,RTGS,42010,Uber,Bengaluru,POS,No,Normal Transaction
903686,500000100,2026-06-27,19:59:37,Debit Card,32372,Flipkart,Lucknow,POS,No,Normal Transaction
903687,500000017,2026-11-14,20:02:38,ATM,98575,Uber,Kolkata,Mobile,No,Normal Transaction
903688,500000098,2026-06-06,23:33:05,ATM,39445,Reliance,Kolkata,ATM,No,Normal Transaction
903689,500000092,2026-04-19,14:31:20,Credit Card,64442,Uber,Bengaluru,ATM,No,Normal Transaction
903690,500000033,2026-09-15,02:12:26,NEFT,8291,Swiggy,Kolkata,Mobile,No,Normal Transaction
903691,500000001,2026-01-04,05:17:20,UPI,35474,Flipkart,Lucknow,Mobile,No,Normal Transaction
903692,500000012,2026-06-07,20:06:27,Debit Card,29000,Uber,Hyderabad,Laptop,No,Normal Transaction
903693,500000166,2026-07-26,13:06:04,ATM,65161,Reliance,Bengaluru,Mobile,No,Normal Transaction
903694,500000137,2026-03-25,00:23:55,UPI,40873,Amazon,Mumbai,ATM,No,Normal Transaction
903695,500000072,2026-02-25,07:16:33,UPI,12908,Swiggy,Delhi,Laptop,No,Normal Transaction
903696,500000146,2026-09-19,23:36:59,NEFT,9734,DMart,Pune,Laptop,No,Normal Transaction
903697,500000176,2026-03-27,08:41:57,UPI,95074,Amazon,Bengaluru,POS,No,Normal Transaction
903698,500000083,2026-01-22,06:06:53,RTGS,69002,Flipkart,Kolkata,Mobile,No,Normal Transaction
903699,500000168,2026-09-23,03:10:23,RTGS,81396,Paytm,Mumbai,Mobile,No,Normal Transaction
903700,500000089,2026-05-17,09:05:06,UPI,9874,Reliance,Lucknow,Mobile,No,Normal Transaction
903701,500000140,2026-12-07,06:14:04,RTGS,37257,PhonePe,Kolkata,ATM,No,Normal Transaction
903702,500000086,2026-12-28,17:08:10,UPI,63268,Zomato,Mumbai,Laptop,No,Normal Transaction
903703,500000057,2026-08-01,15:52:10,RTGS,65517,Reliance,Mumbai,Laptop,No,Normal Transaction
903704,500000006,2026-12-03,01:51:24,NEFT,84266,Zomato,Hyderabad,POS,No,Normal Transaction
903705,500000116,2026-05-08,15:13:14,Credit Card,74806,Swiggy,Bengaluru,ATM,No,Normal Transaction
903706,500000009,2026-06-20,17:28:00,Credit Card,47836,Amazon,Hyderabad,ATM,No,Normal Transaction
903707,500000125,2026-03-07,08:09:23,NEFT,71544,Flipkart,Pune,Mobile,No,Normal Transaction
903708,500000063,2026-06-12,01:59:39,RTGS,83461,Uber,Delhi,Mobile,No,Normal Transaction
903709,500000112,2026-09-03,07:09:29,ATM,58512,Uber,Kolkata,Laptop,No,Normal Transaction
903710,500000088,2026-01-18,05:42:34,IMPS,65124,Swiggy,Mumbai,POS,No,Normal Transaction
903711,500000065,2026-10-22,13:03:32,RTGS,75000,Swiggy,Kolkata,ATM,No,Normal Transaction
903712,500000098,2026-01-10,07:28:49,NEFT,86887,Uber,Pune,POS,No,Normal Transaction
903713,500000158,2026-08-09,23:39:25,ATM,40153,Reliance,Hyderabad,POS,No,Normal Transaction
903714,500000028,2026-05-30,15:52:06,NEFT,55893,DMart,Delhi,ATM,No,Normal Transaction
903715,500000117,2026-07-20,14:58:31,Credit Card,53320,PhonePe,Pune,POS,No,Normal Transaction
903716,500000168,2026-12-14,11:54:36,ATM,73247,Reliance,Kolkata,Mobile,No,Normal Transaction
903717,500000124,2026-06-04,12:18:14,IMPS,88125,IRCTC,Pune,ATM,No,Normal Transaction
903718,500000050,2026-03-14,01:08:13,NEFT,6478,Flipkart,Delhi,POS,No,Normal Transaction
903719,500000071,2026-12-25,12:00:47,IMPS,45164,PhonePe,Bengaluru,ATM,No,Normal Transaction
903720,500000160,2026-04-11,09:09:27,UPI,62840,PhonePe,Lucknow,POS,No,Normal Transaction
903721,500000036,2026-07-23,22:41:39,NEFT,98511,Uber,Kolkata,Mobile,No,Normal Transaction
903722,500000064,2026-03-17,16:05:41,Debit Card,98725,Paytm,Lucknow,Mobile,No,Normal Transaction
903723,500000034,2026-01-23,17:56:53,NEFT,41179,PhonePe,Kolkata,Laptop,No,Normal Transaction
903724,500000116,2026-03-16,04:29:09,IMPS,27895,PhonePe,Kolkata,POS,No,Normal Transaction
903725,500000129,2026-05-23,07:48:23,Credit Card,44055,Reliance,Kolkata,Mobile,No,Normal Transaction
903726,500000010,2026-05-30,21:55:40,RTGS,64875,Flipkart,Delhi,POS,No,Normal Transaction
903727,500000066,2026-07-14,01:41:38,Credit Card,48773,Zomato,Kolkata,ATM,No,Normal Transaction
903728,500000001,2026-03-24,03:32:44,NEFT,74346,Swiggy,Pune,Laptop,No,Normal Transaction
903729,500000105,2026-02-09,00:32:50,NEFT,1493,PhonePe,Mumbai,Mobile,No,Normal Transaction
903730,500000175,2026-12-02,04:06:41,NEFT,25132,Swiggy,Lucknow,Laptop,No,Normal Transaction
903731,500000168,2026-02-28,04:39:45,NEFT,74279,Flipkart,Bengaluru,Mobile,No,Normal Transaction
903732,500000040,2026-02-17,14:33:33,UPI,98391,DMart,Pune,POS,No,Normal Transaction
903733,500000026,2026-10-12,21:22:00,Debit Card,52614,Amazon,Hyderabad,Laptop,No,Normal Transaction
903734,500000101,2026-11-25,20:38:57,Credit Card,15265,Paytm,Lucknow,Mobile,No,Normal Transaction
903735,500000055,2026-03-05,14:57:07,RTGS,36800,Paytm,Lucknow,POS,No,Normal Transaction
903736,500000096,2026-08-24,03:48:36,Credit Card,3759,Flipkart,Lucknow,POS,No,Normal Transaction
903737,500000044,2026-02-12,00:17:52,NEFT,70723,Reliance,Kolkata,Mobile,No,Normal Transaction
903738,500000071,2026-02-19,08:35:00,NEFT,24233,Paytm,Bengaluru,Laptop,No,Normal Transaction
903739,500000016,2026-02-16,03:13:59,ATM,13279,Flipkart,Mumbai,Mobile,No,Normal Transaction
903740,500000099,2026-03-04,04:41:32,Credit Card,21593,IRCTC,Pune,ATM,No,Normal Transaction
903741,500000101,2026-09-20,11:35:57,RTGS,19791,IRCTC,Lucknow,Mobile,Yes,Midnight Transaction
903742,500000177,2026-11-06,21:46:59,UPI,94053,Flipkart,Mumbai,POS,No,Normal Transaction
903743,500000087,2026-05-15,01:38:02,Debit Card,99182,Flipkart,Kolkata,POS,No,Normal Transaction
903744,500000032,2026-04-14,14:06:11,RTGS,8351,Zomato,Bengaluru,Mobile,No,Normal Transaction
903745,500000167,2026-09-18,23:33:09,IMPS,77410,PhonePe,Mumbai,POS,No,Normal Transaction
903746,500000002,2026-11-21,08:20:54,ATM,35575,Swiggy,Pune,Laptop,No,Normal Transaction
903747,500000112,2026-04-29,01:50:31,Debit Card,83760,IRCTC,Kolkata,Laptop,No,Normal Transaction
903748,500000138,2027-01-01,06:48:53,NEFT,66722,IRCTC,Pune,ATM,No,Normal Transaction
903749,500000167,2026-08-14,16:52:17,UPI,72529,Uber,Bengaluru,ATM,No,Normal Transaction
903750,500000028,2026-05-01,14:42:49,NEFT,43435,Zomato,Pune,ATM,No,Normal Transaction
903751,500000091,2026-02-11,04:08:43,ATM,52878,PhonePe,Kolkata,POS,No,Normal Transaction
903752,500000159,2026-08-11,20:40:29,ATM,82490,Zomato,Bengaluru,Mobile,No,Normal Transaction
903753,500000137,2026-08-16,09:06:59,Debit Card,83997,Uber,Kolkata,Mobile,No,Normal Transaction
903754,500000142,2026-09-09,05:44:18,RTGS,12102,IRCTC,Bengaluru,ATM,No,Normal Transaction
903755,500000058,2026-06-27,16:52:54,ATM,20687,Reliance,Lucknow,POS,No,Normal Transaction
903756,500000116,2026-11-26,15:11:42,Debit Card,30750,Reliance,Hyderabad,ATM,No,Normal Transaction
903757,500000103,2026-05-23,06:13:58,RTGS,18915,PhonePe,Kolkata,ATM,No,Normal Transaction
903758,500000040,2026-02-28,05:51:29,ATM,11550,Flipkart,Mumbai,ATM,No,Normal Transaction
903759,500000158,2026-12-06,02:45:16,UPI,63170,Swiggy,Lucknow,Laptop,No,Normal Transaction
903760,500000042,2026-04-16,15:18:18,IMPS,31860,Swiggy,Hyderabad,Laptop,No,Normal Transaction
903761,500000052,2026-10-01,20:56:58,NEFT,1545,Reliance,Bengaluru,Laptop,No,Normal Transaction
903762,500000064,2026-02-10,18:05:20,RTGS,31546,Reliance,Pune,ATM,No,Normal Transaction
903763,500000151,2026-01-21,13:04:47,Credit Card,70541,Flipkart,Hyderabad,POS,No,Normal Transaction
903764,500000088,2026-01-10,12:03:47,ATM,49999,Uber,Delhi,Mobile,No,Normal Transaction
903765,500000103,2026-04-06,06:12:56,Debit Card,57112,Reliance,Kolkata,POS,No,Normal Transaction
903766,500000055,2026-10-06,04:31:18,UPI,56479,Flipkart,Lucknow,POS,No,Normal Transaction
903767,500000020,2026-08-30,15:23:24,RTGS,60019,Amazon,Delhi,Mobile,No,Normal Transaction
903768,500000019,2026-01-24,06:46:22,IMPS,28052,IRCTC,Lucknow,POS,No,Normal Transaction
903769,500000001,2026-05-09,11:47:08,UPI,45907,Amazon,Delhi,Laptop,No,Normal Transaction
903770,500000140,2026-09-03,09:08:05,Debit Card,93274,Amazon,Hyderabad,POS,No,Normal Transaction
903771,500000129,2026-02-03,00:59:20,RTGS,78857,Swiggy,Kolkata,ATM,No,Normal Transaction
903772,500000140,2026-08-15,09:28:05,RTGS,21887,Zomato,Delhi,POS,No,Normal Transaction
903773,500000008,2026-11-22,11:11:53,ATM,31827,Swiggy,Hyderabad,Mobile,No,Normal Transaction
903774,500000018,2026-05-10,13:21:39,RTGS,50662,DMart,Pune,Laptop,No,Normal Transaction
903775,500000163,2026-10-18,03:14:57,Credit Card,24198,Swiggy,Bengaluru,ATM,No,Normal Transaction
903776,500000045,2026-02-25,13:38:18,RTGS,26116,IRCTC,Bengaluru,Mobile,No,Normal Transaction
903777,500000136,2026-10-08,09:58:07,RTGS,99215,Zomato,Delhi,Mobile,No,Normal Transaction
903778,500000148,2026-02-09,23:09:32,IMPS,80643,Reliance,Lucknow,ATM,No,Normal Transaction
903779,500000060,2026-03-10,23:10:22,Debit Card,64325,Flipkart,Kolkata,ATM,No,Normal Transaction
903780,500000137,2026-11-29,21:10:58,IMPS,35490,Zomato,Bengaluru,Mobile,No,Normal Transaction
903781,500000175,2026-04-20,19:54:42,Debit Card,31400,Uber,Delhi,Laptop,No,Normal Transaction
903782,500000104,2026-05-23,18:22:28,Debit Card,66551,Swiggy,Lucknow,ATM,No,Normal Transaction
903783,500000153,2026-06-13,10:39:57,UPI,18245,Reliance,Pune,Mobile,No,Normal Transaction
903784,500000067,2026-04-07,05:47:47,Credit Card,96334,Zomato,Lucknow,Mobile,No,Normal Transaction
903785,500000076,2026-04-16,23:40:40,ATM,61335,DMart,Mumbai,Laptop,No,Normal Transaction
903786,500000097,2026-11-17,17:18:17,RTGS,67435,PhonePe,Kolkata,Mobile,No,Normal Transaction
903787,500000077,2026-03-19,14:13:11,Credit Card,7399,IRCTC,Kolkata,ATM,No,Normal Transaction
903788,500000162,2026-03-24,23:31:34,Credit Card,39611,Swiggy,Hyderabad,Laptop,No,Normal Transaction
903789,500000104,2026-12-21,17:22:16,UPI,17566,Reliance,Bengaluru,POS,No,Normal Transaction
903790,500000129,2026-02-13,16:03:56,Credit Card,43325,PhonePe,Lucknow,Laptop,No,Normal Transaction
903791,500000096,2026-12-14,04:56:43,IMPS,30533,Reliance,Delhi,Laptop,No,Normal Transaction
903792,500000026,2026-07-07,10:17:15,RTGS,29213,Reliance,Lucknow,POS,No,Normal Transaction
903793,500000079,2026-11-11,19:24:15,IMPS,80359,Swiggy,Pune,ATM,No,Normal Transaction
903794,500000132,2026-05-13,19:31:27,UPI,66555,Amazon,Bengaluru,ATM,No,Normal Transaction
903795,500000165,2026-08-19,09:54:24,NEFT,23002,Reliance,Delhi,POS,No,Normal Transaction
903796,500000047,2026-09-26,17:15:09,NEFT,92297,Swiggy,Lucknow,ATM,No,Normal Transaction
903797,500000030,2026-04-29,12:33:23,RTGS,49213,PhonePe,Delhi,Mobile,No,Normal Transaction
903798,500000085,2026-01-06,17:13:53,UPI,86043,PhonePe,Delhi,Laptop,No,Normal Transaction
903799,500000030,2026-11-27,23:14:56,Credit Card,25510,Uber,Lucknow,POS,No,Normal Transaction
903800,500000031,2026-12-15,02:04:01,NEFT,39330,Zomato,Bengaluru,Mobile,No,Normal Transaction
903801,500000075,2026-04-30,00:52:09,Credit Card,61695,Amazon,Kolkata,Laptop,No,Normal Transaction
903802,500000103,2026-12-21,02:40:31,NEFT,11330,Uber,Delhi,Laptop,No,Normal Transaction
903803,500000157,2026-04-29,22:56:34,RTGS,92604,PhonePe,Delhi,ATM,No,Normal Transaction
903804,500000077,2026-01-20,07:00:06,Debit Card,76396,Zomato,Kolkata,Laptop,No,Normal Transaction
903805,500000111,2026-04-10,20:48:09,Debit Card,8877,Swiggy,Lucknow,Mobile,No,Normal Transaction
903806,500000146,2026-03-25,21:03:26,Debit Card,42959,Flipkart,Mumbai,Mobile,No,Normal Transaction
903807,500000064,2026-11-07,11:03:23,Debit Card,84695,Amazon,Lucknow,Mobile,No,Normal Transaction
903808,500000145,2026-12-12,03:22:09,NEFT,42545,DMart,Lucknow,POS,No,Normal Transaction
903809,500000048,2026-04-07,11:31:38,Credit Card,42669,IRCTC,Pune,POS,No,Normal Transaction
903810,500000007,2026-09-12,03:07:41,NEFT,53330,Reliance,Lucknow,Laptop,No,Normal Transaction
903811,500000108,2026-07-18,18:18:00,IMPS,39824,Zomato,Pune,POS,No,Normal Transaction
903812,500000102,2026-08-02,01:01:20,Credit Card,16458,Reliance,Pune,Mobile,No,Normal Transaction
903813,500000014,2026-09-11,04:44:27,UPI,59540,Zomato,Bengaluru,ATM,No,Normal Transaction
903814,500000039,2026-05-07,18:42:17,UPI,26894,Paytm,Hyderabad,POS,No,Normal Transaction
903815,500000113,2026-07-16,03:30:34,NEFT,85917,Reliance,Bengaluru,Mobile,No,Normal Transaction
903816,500000145,2026-11-02,14:01:39,RTGS,51897,Swiggy,Kolkata,POS,No,Normal Transaction
903817,500000041,2026-03-09,09:35:26,RTGS,77341,PhonePe,Delhi,ATM,No,Normal Transaction
903818,500000118,2026-07-20,07:29:24,UPI,61032,Paytm,Hyderabad,Laptop,No,Normal Transaction
903819,500000051,2026-10-29,17:23:38,ATM,41478,IRCTC,Delhi,POS,No,Normal Transaction
903820,500000148,2026-07-15,08:35:38,IMPS,64347,DMart,Hyderabad,Mobile,No,Normal Transaction
903821,500000065,2026-05-22,07:19:31,IMPS,69547,Zomato,Mumbai,POS,No,Normal Transaction
903822,500000069,2026-11-03,08:16:22,Credit Card,24590,Swiggy,Hyderabad,POS,No,Normal Transaction
903823,500000001,2026-01-31,06:40:46,Credit Card,32072,Paytm,Kolkata,Mobile,No,Normal Transaction
903824,500000037,2026-12-24,02:04:32,NEFT,88603,Paytm,Hyderabad,Mobile,No,Normal Transaction
903825,500000176,2026-04-11,02:12:16,RTGS,62206,DMart,Delhi,Laptop,No,Normal Transaction
903826,500000009,2026-11-06,16:19:49,Credit Card,47417,PhonePe,Delhi,POS,No,Normal Transaction
903827,500000149,2026-11-06,11:17:24,RTGS,71320,Zomato,Kolkata,POS,No,Normal Transaction
903828,500000131,2026-02-25,02:25:21,UPI,95708,Amazon,Delhi,POS,No,Normal Transaction
903829,500000124,2026-10-22,08:07:02,Debit Card,21114,IRCTC,Bengaluru,Mobile,No,Normal Transaction
903830,500000128,2026-01-21,07:43:20,IMPS,62753,IRCTC,Delhi,ATM,No,Normal Transaction
903831,500000139,2026-03-22,20:56:26,UPI,99772,DMart,Pune,POS,No,Normal Transaction
903832,500000068,2026-07-27,10:10:12,Debit Card,45338,Swiggy,Lucknow,Mobile,No,Normal Transaction
903833,500000042,2026-01-04,16:55:01,Credit Card,31659,PhonePe,Bengaluru,Laptop,No,Normal Transaction
903834,500000102,2026-03-17,05:43:41,RTGS,16913,Zomato,Kolkata,POS,No,Normal Transaction
903835,500000170,2026-10-31,16:30:10,RTGS,82942,Swiggy,Hyderabad,POS,No,Normal Transaction
903836,500000022,2026-10-08,04:48:32,NEFT,74729,DMart,Hyderabad,Mobile,No,Normal Transaction
903837,500000101,2026-04-08,11:14:56,IMPS,68058,IRCTC,Kolkata,Mobile,Yes,Multiple Transactions
903838,500000154,2026-04-05,23:40:46,Credit Card,86769,Uber,Bengaluru,POS,No,Normal Transaction
903839,500000174,2026-06-09,14:08:56,ATM,46703,Uber,Delhi,Mobile,No,Normal Transaction
903840,500000151,2026-04-21,03:39:40,ATM,681,Uber,Lucknow,Mobile,No,Normal Transaction
903841,500000123,2026-07-04,06:32:35,Debit Card,69754,Zomato,Lucknow,Laptop,No,Normal Transaction
903842,500000164,2026-11-22,21:35:10,IMPS,53588,Reliance,Mumbai,Laptop,No,Normal Transaction
903843,500000018,2026-03-01,00:13:09,NEFT,74097,PhonePe,Pune,Laptop,No,Normal Transaction
903844,500000056,2026-04-11,23:21:53,Credit Card,48309,Swiggy,Kolkata,Laptop,No,Normal Transaction
903845,500000021,2026-04-27,13:15:46,Debit Card,42154,IRCTC,Kolkata,Laptop,No,Normal Transaction
903846,500000096,2026-05-25,03:04:50,ATM,67256,Paytm,Bengaluru,ATM,No,Normal Transaction
903847,500000164,2026-07-08,18:01:39,RTGS,75499,Amazon,Mumbai,Laptop,No,Normal Transaction
903848,500000037,2026-04-13,12:52:11,Credit Card,35054,Paytm,Bengaluru,Mobile,Yes,High Amount
903849,500000180,2026-08-05,16:09:15,ATM,72173,IRCTC,Lucknow,ATM,No,Normal Transaction
903850,500000129,2026-05-10,05:53:46,Debit Card,6052,Uber,Hyderabad,ATM,No,Normal Transaction
903851,500000154,2026-06-21,07:31:14,RTGS,16360,Reliance,Hyderabad,Mobile,No,Normal Transaction
903852,500000149,2026-07-26,23:51:30,RTGS,36797,PhonePe,Pune,Laptop,No,Normal Transaction
903853,500000144,2026-12-15,14:28:28,NEFT,40808,Uber,Lucknow,Laptop,No,Normal Transaction
903854,500000064,2026-08-19,19:08:59,Credit Card,39690,DMart,Pune,Laptop,No,Normal Transaction
903855,500000031,2026-01-22,09:39:29,RTGS,49160,Flipkart,Delhi,Laptop,No,Normal Transaction
903856,500000033,2026-12-21,09:09:49,UPI,20053,Uber,Bengaluru,ATM,No,Normal Transaction
903857,500000107,2026-09-10,21:20:48,ATM,83404,Uber,Hyderabad,Laptop,No,Normal Transaction
903858,500000094,2026-06-17,01:27:13,ATM,99144,Swiggy,Hyderabad,Laptop,No,Normal Transaction
903859,500000163,2026-04-08,01:31:06,RTGS,64434,Amazon,Delhi,POS,No,Normal Transaction
903860,500000141,2026-08-13,04:04:56,Debit Card,2136,Swiggy,Bengaluru,Mobile,No,Normal Transaction
903861,500000112,2026-08-20,19:42:51,UPI,73393,Flipkart,Lucknow,Mobile,No,Normal Transaction
903862,500000143,2026-01-27,19:33:21,ATM,5642,Uber,Kolkata,ATM,No,Normal Transaction
903863,500000150,2026-02-11,17:48:05,Credit Card,92907,Amazon,Mumbai,Laptop,No,Normal Transaction
903864,500000165,2026-05-27,16:42:42,IMPS,20591,Amazon,Delhi,ATM,No,Normal Transaction
903865,500000172,2026-12-09,21:17:56,ATM,28245,Paytm,Delhi,POS,No,Normal Transaction
903866,500000122,2026-02-26,12:35:41,Credit Card,89827,Reliance,Kolkata,Mobile,No,Normal Transaction
903867,500000066,2026-05-17,05:24:07,NEFT,3958,IRCTC,Pune,Laptop,No,Normal Transaction
903868,500000037,2026-06-13,10:56:37,Debit Card,16232,Flipkart,Mumbai,ATM,No,Normal Transaction
903869,500000180,2026-01-05,04:32:49,IMPS,65121,Paytm,Kolkata,Mobile,Yes,Multiple Transactions
903870,500000028,2026-05-31,04:37:08,ATM,9359,Flipkart,Mumbai,ATM,No,Normal Transaction
903871,500000026,2026-06-23,17:54:03,ATM,38782,Zomato,Pune,Laptop,No,Normal Transaction
903872,500000146,2026-01-31,17:19:26,ATM,70045,Swiggy,Mumbai,POS,No,Normal Transaction
903873,500000101,2026-03-02,18:03:39,Debit Card,64586,Flipkart,Delhi,ATM,No,Normal Transaction
903874,500000025,2026-08-22,11:37:27,NEFT,30649,IRCTC,Kolkata,Laptop,No,Normal Transaction
903875,500000154,2026-12-23,15:38:46,UPI,10800,IRCTC,Lucknow,Mobile,No,Normal Transaction
903876,500000093,2026-07-13,15:45:42,UPI,80253,PhonePe,Mumbai,Laptop,No,Normal Transaction
903877,500000103,2026-04-28,02:19:27,IMPS,10620,DMart,Bengaluru,POS,No,Normal Transaction
903878,500000105,2026-07-23,19:48:37,ATM,63807,Amazon,Lucknow,Laptop,No,Normal Transaction
903879,500000102,2026-09-26,13:54:19,IMPS,64296,Flipkart,Kolkata,POS,No,Normal Transaction
903880,500000032,2026-09-27,10:14:13,Credit Card,29426,PhonePe,Pune,Mobile,No,Normal Transaction
903881,500000067,2026-11-09,04:03:03,RTGS,99047,Flipkart,Delhi,Mobile,No,Normal Transaction
903882,500000152,2026-06-18,22:34:11,ATM,22736,IRCTC,Hyderabad,ATM,No,Normal Transaction
903883,500000020,2026-06-15,13:18:59,Debit Card,2385,Amazon,Pune,Mobile,No,Normal Transaction
903884,500000164,2026-02-09,03:18:17,Debit Card,25265,DMart,Lucknow,POS,No,Normal Transaction
903885,500000108,2026-11-28,15:56:01,ATM,51284,Amazon,Lucknow,Laptop,No,Normal Transaction
903886,500000132,2026-06-28,14:38:45,UPI,90719,Flipkart,Lucknow,Laptop,No,Normal Transaction
903887,500000009,2026-09-29,03:21:07,IMPS,88080,Reliance,Lucknow,ATM,No,Normal Transaction
903888,500000003,2026-09-24,00:17:08,RTGS,71669,IRCTC,Hyderabad,POS,No,Normal Transaction
903889,500000139,2026-01-05,09:59:41,Credit Card,5719,Paytm,Lucknow,Mobile,No,Normal Transaction
903890,500000108,2026-11-12,23:02:08,Credit Card,28183,Paytm,Hyderabad,Mobile,No,Normal Transaction
903891,500000141,2026-06-07,19:25:26,IMPS,457,IRCTC,Mumbai,ATM,No,Normal Transaction
903892,500000110,2026-06-11,12:55:54,UPI,48212,IRCTC,Lucknow,ATM,No,Normal Transaction
903893,500000018,2026-06-27,04:41:27,ATM,16899,Flipkart,Mumbai,POS,No,Normal Transaction
903894,500000142,2026-04-09,04:04:29,IMPS,48707,Zomato,Hyderabad,Mobile,No,Normal Transaction
903895,500000106,2026-12-10,00:34:33,NEFT,39317,Zomato,Pune,Laptop,No,Normal Transaction
903896,500000092,2026-01-05,08:32:20,Credit Card,61194,PhonePe,Mumbai,ATM,No,Normal Transaction
903897,500000096,2026-05-17,08:53:45,IMPS,20796,IRCTC,Delhi,ATM,No,Normal Transaction
903898,500000065,2026-08-30,22:02:32,UPI,68160,Reliance,Pune,Mobile,No,Normal Transaction
903899,500000079,2026-05-28,03:32:21,Debit Card,96670,Uber,Mumbai,POS,No,Normal Transaction
903900,500000172,2026-07-04,15:06:59,Debit Card,34178,Reliance,Lucknow,POS,No,Normal Transaction
903901,500000157,2026-05-05,16:29:41,NEFT,76940,Zomato,Bengaluru,ATM,No,Normal Transaction
903902,500000148,2026-08-06,11:32:51,UPI,59055,Paytm,Delhi,POS,No,Normal Transaction
903903,500000133,2026-01-03,02:00:47,NEFT,42810,Reliance,Lucknow,Laptop,No,Normal Transaction
903904,500000019,2026-03-12,12:41:39,Debit Card,63559,Amazon,Bengaluru,Mobile,No,Normal Transaction
903905,500000007,2026-12-10,06:38:58,IMPS,68633,Amazon,Kolkata,POS,No,Normal Transaction
903906,500000161,2026-11-03,04:28:20,NEFT,87918,DMart,Mumbai,ATM,No,Normal Transaction
903907,500000045,2026-01-29,07:15:28,Debit Card,30373,PhonePe,Hyderabad,Laptop,No,Normal Transaction
903908,500000003,2026-07-29,00:28:38,RTGS,57227,PhonePe,Kolkata,ATM,No,Normal Transaction
903909,500000025,2026-12-31,19:48:57,NEFT,42234,Reliance,Kolkata,Mobile,No,Normal Transaction
903910,500000100,2026-09-27,05:59:15,UPI,67594,Uber,Hyderabad,ATM,No,Normal Transaction
903911,500000004,2026-10-20,20:34:44,UPI,45616,Uber,Hyderabad,POS,No,Normal Transaction
903912,500000039,2026-01-16,17:39:41,Debit Card,80685,PhonePe,Bengaluru,POS,No,Normal Transaction
903913,500000149,2026-05-27,10:10:06,Credit Card,74544,Amazon,Bengaluru,Laptop,No,Normal Transaction
903914,500000022,2026-04-08,20:18:33,IMPS,49936,Amazon,Pune,ATM,No,Normal Transaction
903915,500000180,2026-04-04,13:59:28,UPI,20001,Uber,Pune,Mobile,Yes,Different City
903916,500000083,2026-04-22,16:21:49,ATM,94819,Amazon,Pune,Mobile,No,Normal Transaction
903917,500000099,2026-11-19,23:46:04,Debit Card,66865,Reliance,Pune,POS,No,Normal Transaction
903918,500000041,2026-11-04,23:39:48,IMPS,81918,Amazon,Pune,Mobile,No,Normal Transaction
903919,500000115,2026-02-01,04:36:03,ATM,7221,Uber,Lucknow,POS,No,Normal Transaction
903920,500000075,2026-01-18,16:34:10,IMPS,96682,Zomato,Hyderabad,ATM,No,Normal Transaction
903921,500000116,2026-09-29,07:48:38,ATM,98698,Zomato,Hyderabad,Mobile,No,Normal Transaction
903922,500000137,2026-12-27,06:22:08,RTGS,79385,Swiggy,Kolkata,POS,No,Normal Transaction
903923,500000039,2026-09-29,18:52:45,RTGS,20314,IRCTC,Delhi,Mobile,No,Normal Transaction
903924,500000055,2026-10-12,19:27:02,NEFT,21743,DMart,Pune,ATM,No,Normal Transaction
903925,500000149,2026-01-04,02:18:16,Debit Card,40088,IRCTC,Kolkata,Laptop,No,Normal Transaction
903926,500000019,2026-11-20,22:41:47,Credit Card,64952,Flipkart,Mumbai,ATM,No,Normal Transaction
903927,500000139,2026-11-10,14:15:23,IMPS,56499,Uber,Kolkata,Mobile,No,Normal Transaction
903928,500000149,2026-05-23,19:57:19,ATM,70700,Swiggy,Hyderabad,ATM,No,Normal Transaction
903929,500000066,2026-05-08,22:36:27,Credit Card,15666,Reliance,Pune,POS,No,Normal Transaction
903930,500000008,2026-08-11,17:59:02,NEFT,15548,Paytm,Delhi,ATM,No,Normal Transaction
903931,500000172,2026-05-02,22:13:09,RTGS,81977,PhonePe,Bengaluru,Laptop,No,Normal Transaction
903932,500000131,2026-03-07,20:27:08,Debit Card,74410,DMart,Bengaluru,Laptop,No,Normal Transaction
903933,500000080,2026-10-18,07:51:05,UPI,3987,Paytm,Lucknow,POS,No,Normal Transaction
903934,500000009,2026-05-12,17:37:14,UPI,98953,Flipkart,Delhi,Laptop,No,Normal Transaction
903935,500000108,2026-09-21,12:53:20,UPI,26961,Paytm,Bengaluru,POS,No,Normal Transaction
903936,500000118,2026-08-24,11:24:24,RTGS,44022,DMart,Hyderabad,ATM,No,Normal Transaction
903937,500000056,2026-11-19,15:47:23,Debit Card,56704,DMart,Mumbai,Mobile,No,Normal Transaction
903938,500000030,2026-02-24,10:58:18,Debit Card,55874,Paytm,Delhi,Mobile,No,Normal Transaction
903939,500000147,2026-08-22,22:28:16,NEFT,71024,Amazon,Kolkata,Laptop,No,Normal Transaction
903940,500000086,2026-04-27,10:16:00,RTGS,81782,Reliance,Bengaluru,POS,No,Normal Transaction
903941,500000049,2026-12-12,08:35:12,IMPS,92502,Reliance,Delhi,Mobile,No,Normal Transaction
903942,500000159,2026-06-22,08:02:52,Credit Card,30096,Swiggy,Delhi,Laptop,No,Normal Transaction
903943,500000005,2026-06-05,15:10:08,IMPS,15517,Flipkart,Kolkata,Laptop,No,Normal Transaction
903944,500000078,2026-01-14,15:20:10,ATM,82096,IRCTC,Hyderabad,Mobile,No,Normal Transaction
903945,500000072,2026-12-21,13:57:16,RTGS,62953,Zomato,Lucknow,POS,No,Normal Transaction
903946,500000111,2026-09-15,00:13:21,RTGS,24067,PhonePe,Lucknow,ATM,No,Normal Transaction
903947,500000055,2026-04-06,01:04:10,IMPS,2742,Paytm,Bengaluru,POS,No,Normal Transaction
903948,500000066,2026-12-27,15:41:44,RTGS,12969,Paytm,Bengaluru,Mobile,No,Normal Transaction
903949,500000074,2026-12-16,09:32:22,RTGS,26351,DMart,Mumbai,Laptop,No,Normal Transaction
903950,500000022,2026-06-14,19:51:37,NEFT,32869,PhonePe,Bengaluru,ATM,No,Normal Transaction
903951,500000087,2026-02-24,14:39:25,ATM,84930,Uber,Bengaluru,Mobile,No,Normal Transaction
903952,500000016,2026-06-28,12:24:47,NEFT,2172,Zomato,Mumbai,Laptop,No,Normal Transaction
903953,500000014,2026-12-25,16:12:30,NEFT,51548,Uber,Bengaluru,Mobile,No,Normal Transaction
903954,500000141,2026-10-20,09:34:40,RTGS,65827,Swiggy,Delhi,Mobile,No,Normal Transaction
903955,500000129,2026-03-21,19:00:25,IMPS,12132,Zomato,Lucknow,Mobile,No,Normal Transaction
903956,500000146,2026-05-29,05:21:05,ATM,49190,Flipkart,Bengaluru,Mobile,No,Normal Transaction
903957,500000153,2026-07-27,07:56:25,UPI,65217,Zomato,Hyderabad,Mobile,No,Normal Transaction
903958,500000144,2026-09-08,16:32:15,RTGS,91518,PhonePe,Hyderabad,Mobile,No,Normal Transaction
903959,500000058,2026-04-25,04:48:17,RTGS,88968,PhonePe,Delhi,POS,No,Normal Transaction
903960,500000041,2026-09-17,06:42:19,UPI,3201,IRCTC,Lucknow,Mobile,No,Normal Transaction
903961,500000022,2026-09-29,19:04:15,Credit Card,66177,Amazon,Mumbai,Laptop,No,Normal Transaction
903962,500000015,2026-05-21,13:02:26,RTGS,26147,PhonePe,Kolkata,ATM,No,Normal Transaction
903963,500000132,2026-11-26,23:31:31,ATM,1448,DMart,Bengaluru,ATM,No,Normal Transaction
903964,500000003,2026-01-18,06:56:00,ATM,76826,Amazon,Kolkata,Laptop,No,Normal Transaction
903965,500000157,2026-04-26,17:32:34,IMPS,36847,Uber,Pune,Laptop,No,Normal Transaction
903966,500000102,2026-05-30,20:23:59,RTGS,12778,IRCTC,Bengaluru,Laptop,No,Normal Transaction
903967,500000153,2026-11-29,20:41:17,Credit Card,79714,Swiggy,Kolkata,ATM,No,Normal Transaction
903968,500000092,2026-02-19,07:16:06,Debit Card,37965,Swiggy,Lucknow,POS,No,Normal Transaction
903969,500000050,2026-03-11,02:18:06,ATM,12475,Swiggy,Kolkata,POS,No,Normal Transaction
903970,500000011,2026-02-23,13:53:11,NEFT,13646,PhonePe,Lucknow,Laptop,No,Normal Transaction
903971,500000011,2026-10-21,05:34:21,IMPS,15681,DMart,Kolkata,Laptop,No,Normal Transaction
903972,500000176,2026-01-21,19:29:15,NEFT,30355,PhonePe,Lucknow,ATM,No,Normal Transaction
903973,500000162,2026-08-02,19:55:42,ATM,92056,DMart,Kolkata,POS,No,Normal Transaction
903974,500000059,2026-03-16,01:47:56,RTGS,66016,Flipkart,Pune,Mobile,No,Normal Transaction
903975,500000074,2026-08-03,02:24:53,ATM,37087,Reliance,Kolkata,POS,No,Normal Transaction
903976,500000120,2026-03-03,06:56:20,UPI,67486,Swiggy,Lucknow,POS,No,Normal Transaction
903977,500000005,2026-07-27,09:11:30,ATM,55530,IRCTC,Mumbai,POS,No,Normal Transaction
903978,500000008,2026-01-10,07:04:52,Credit Card,90563,Swiggy,Lucknow,ATM,Yes,High Amount
903979,500000068,2026-04-08,20:19:55,Debit Card,40114,Amazon,Pune,Mobile,No,Normal Transaction
903980,500000069,2026-07-27,08:18:19,ATM,18560,PhonePe,Delhi,ATM,No,Normal Transaction
903981,500000065,2026-09-18,13:49:12,RTGS,86947,Paytm,Delhi,ATM,No,Normal Transaction
903982,500000058,2026-08-10,08:45:29,Credit Card,97005,Reliance,Kolkata,ATM,No,Normal Transaction
903983,500000041,2026-09-12,07:29:37,NEFT,20364,Paytm,Lucknow,ATM,No,Normal Transaction
903984,500000175,2026-05-19,18:36:26,RTGS,96489,Flipkart,Kolkata,Mobile,No,Normal Transaction
903985,500000033,2026-07-06,21:57:46,NEFT,72645,Reliance,Delhi,Mobile,No,Normal Transaction
903986,500000135,2026-09-25,05:03:34,Credit Card,67132,PhonePe,Pune,Laptop,No,Normal Transaction
903987,500000086,2026-03-31,01:20:16,IMPS,98160,Flipkart,Hyderabad,POS,No,Normal Transaction
903988,500000122,2026-04-29,21:17:42,Debit Card,70603,DMart,Kolkata,ATM,No,Normal Transaction
903989,500000092,2026-12-19,16:57:53,ATM,89748,Amazon,Bengaluru,Laptop,Yes,Different City
903990,500000138,2026-07-10,01:04:27,NEFT,11912,Amazon,Pune,ATM,No,Normal Transaction
903991,500000107,2026-12-04,12:20:16,ATM,14816,Zomato,Pune,Laptop,No,Normal Transaction
903992,500000066,2026-04-04,12:57:53,IMPS,49350,IRCTC,Bengaluru,ATM,No,Normal Transaction
903993,500000145,2026-09-08,11:58:19,Credit Card,5521,Amazon,Delhi,Mobile,No,Normal Transaction
903994,500000072,2026-01-01,08:21:03,Debit Card,85066,IRCTC,Hyderabad,Mobile,No,Normal Transaction
903995,500000170,2026-10-20,00:19:29,Credit Card,88172,DMart,Mumbai,POS,No,Normal Transaction
903996,500000072,2026-06-16,04:34:50,Debit Card,14697,DMart,Mumbai,ATM,No,Normal Transaction
903997,500000067,2026-01-18,18:01:31,NEFT,24385,Zomato,Bengaluru,Laptop,No,Normal Transaction
903998,500000015,2026-06-22,10:11:54,Credit Card,18847,DMart,Pune,Laptop,No,Normal Transaction
903999,500000063,2026-10-14,01:48:15,Credit Card,61068,Reliance,Lucknow,ATM,No,Normal Transaction
904000,500000004,2026-10-09,11:53:42,ATM,18110,Zomato,Delhi,ATM,No,Normal Transaction
904001,500000009,2026-02-06,10:21:39,Credit Card,21913,Paytm,Kolkata,Mobile,No,Normal Transaction
904002,500000023,2026-06-20,00:39:16,Debit Card,77523,Swiggy,Delhi,ATM,No,Normal Transaction
904003,500000105,2026-11-19,02:56:36,Debit Card,81068,PhonePe,Kolkata,POS,No,Normal Transaction
904004,500000029,2026-01-18,11:32:50,NEFT,25565,Amazon,Bengaluru,Laptop,No,Normal Transaction
904005,500000071,2026-06-21,08:07:40,ATM,68746,Zomato,Pune,POS,No,Normal Transaction
904006,500000024,2027-01-01,11:53:30,ATM,26610,Amazon,Kolkata,ATM,No,Normal Transaction
904007,500000082,2026-06-08,17:22:44,NEFT,16814,Swiggy,Mumbai,ATM,No,Normal Transaction
904008,500000132,2026-08-14,22:21:31,UPI,31308,Zomato,Kolkata,Mobile,No,Normal Transaction
904009,500000006,2026-01-05,05:49:39,ATM,46937,Zomato,Delhi,Laptop,No,Normal Transaction
904010,500000010,2026-09-05,18:34:37,RTGS,5806,Paytm,Delhi,POS,No,Normal Transaction
904011,500000120,2026-05-11,21:38:01,Debit Card,66368,PhonePe,Lucknow,ATM,No,Normal Transaction
904012,500000156,2026-06-01,20:38:29,ATM,10538,Zomato,Hyderabad,POS,No,Normal Transaction
904013,500000130,2026-03-19,05:35:02,IMPS,8273,Swiggy,Lucknow,Mobile,No,Normal Transaction
904014,500000042,2026-01-25,04:23:37,ATM,78409,Swiggy,Delhi,POS,No,Normal Transaction
904015,500000059,2026-03-01,03:42:35,UPI,44906,IRCTC,Lucknow,ATM,No,Normal Transaction
904016,500000133,2026-03-09,06:28:45,RTGS,32929,Amazon,Hyderabad,Laptop,No,Normal Transaction
904017,500000154,2026-11-27,07:25:59,Debit Card,61540,Reliance,Hyderabad,Mobile,No,Normal Transaction
904018,500000155,2026-10-05,08:32:14,NEFT,93941,Flipkart,Hyderabad,POS,No,Normal Transaction
904019,500000095,2026-03-03,08:05:53,RTGS,26028,Uber,Lucknow,Mobile,No,Normal Transaction
904020,500000120,2026-08-05,20:21:30,UPI,48207,Flipkart,Pune,Laptop,No,Normal Transaction
904021,500000099,2026-09-30,02:47:18,UPI,49092,IRCTC,Lucknow,Laptop,No,Normal Transaction
904022,500000125,2026-11-22,19:55:29,IMPS,26283,Flipkart,Delhi,ATM,No,Normal Transaction
904023,500000125,2026-09-17,06:29:11,ATM,95030,Flipkart,Bengaluru,Mobile,No,Normal Transaction
904024,500000022,2026-06-20,17:34:22,RTGS,1626,Swiggy,Hyderabad,Mobile,No,Normal Transaction
904025,500000162,2026-06-30,23:15:10,ATM,62575,Paytm,Mumbai,Laptop,No,Normal Transaction
904026,500000135,2026-01-29,18:23:28,NEFT,61491,Uber,Pune,ATM,No,Normal Transaction
904027,500000108,2026-03-05,17:59:13,Credit Card,81035,Paytm,Bengaluru,Mobile,No,Normal Transaction
904028,500000053,2026-04-03,17:18:51,UPI,23335,Flipkart,Pune,ATM,No,Normal Transaction
904029,500000078,2026-04-07,08:30:47,UPI,18560,Swiggy,Mumbai,ATM,No,Normal Transaction
904030,500000020,2026-04-07,19:45:52,ATM,49601,IRCTC,Bengaluru,ATM,No,Normal Transaction
904031,500000031,2026-11-25,05:12:45,IMPS,82892,Reliance,Bengaluru,Mobile,No,Normal Transaction
904032,500000051,2026-08-01,10:48:08,IMPS,63387,DMart,Lucknow,Mobile,Yes,Multiple Transactions
904033,500000056,2026-04-23,12:34:50,ATM,72299,Flipkart,Mumbai,Laptop,No,Normal Transaction
904034,500000095,2026-07-06,17:46:10,IMPS,78043,Swiggy,Hyderabad,Mobile,No,Normal Transaction
904035,500000045,2026-08-28,10:12:51,Debit Card,32418,Reliance,Kolkata,Laptop,No,Normal Transaction
904036,500000009,2026-10-11,06:18:56,RTGS,46853,Paytm,Bengaluru,Laptop,No,Normal Transaction
904037,500000100,2026-07-08,00:26:02,IMPS,99265,Zomato,Kolkata,Mobile,No,Normal Transaction
904038,500000095,2026-03-14,17:11:00,RTGS,59654,Paytm,Kolkata,POS,No,Normal Transaction
904039,500000127,2026-04-04,01:53:59,RTGS,42606,PhonePe,Kolkata,ATM,No,Normal Transaction
904040,500000091,2026-10-14,12:15:48,UPI,68383,Amazon,Mumbai,POS,No,Normal Transaction
904041,500000053,2026-04-20,00:43:05,Debit Card,63476,Swiggy,Lucknow,Mobile,No,Normal Transaction
904042,500000133,2026-01-30,16:18:39,Debit Card,54069,Reliance,Lucknow,POS,No,Normal Transaction
904043,500000170,2026-07-17,10:44:21,UPI,79740,Flipkart,Lucknow,Laptop,No,Normal Transaction
904044,500000085,2026-03-25,14:41:47,IMPS,64365,DMart,Delhi,ATM,No,Normal Transaction
904045,500000034,2026-01-27,09:56:28,NEFT,77292,Paytm,Bengaluru,Mobile,No,Normal Transaction
904046,500000043,2026-07-21,01:11:40,RTGS,90884,Amazon,Delhi,Mobile,No,Normal Transaction
904047,500000088,2026-09-06,23:53:04,ATM,20627,DMart,Hyderabad,Laptop,No,Normal Transaction
904048,500000089,2026-11-26,02:53:59,RTGS,23490,IRCTC,Lucknow,Laptop,No,Normal Transaction
904049,500000167,2026-06-05,16:53:31,ATM,70714,IRCTC,Hyderabad,POS,No,Normal Transaction
904050,500000087,2026-08-08,11:52:45,ATM,25228,Paytm,Kolkata,POS,No,Normal Transaction
904051,500000032,2026-07-26,15:49:34,NEFT,40190,PhonePe,Mumbai,ATM,No,Normal Transaction
904052,500000133,2026-01-04,01:10:19,RTGS,7464,PhonePe,Mumbai,Laptop,No,Normal Transaction
904053,500000090,2026-09-09,01:14:51,Debit Card,70698,Uber,Pune,ATM,No,Normal Transaction
904054,500000044,2026-05-18,09:08:04,NEFT,8424,Reliance,Bengaluru,Mobile,No,Normal Transaction
904055,500000120,2026-12-09,01:06:50,IMPS,65971,Swiggy,Bengaluru,Laptop,No,Normal Transaction
904056,500000029,2026-12-19,23:35:07,Credit Card,58612,Flipkart,Kolkata,Laptop,No,Normal Transaction
904057,500000060,2026-04-21,05:17:48,IMPS,81485,Uber,Delhi,Laptop,No,Normal Transaction
904058,500000142,2026-01-01,23:22:16,NEFT,48068,Reliance,Kolkata,POS,No,Normal Transaction
904059,500000123,2026-04-17,12:57:25,Credit Card,90234,PhonePe,Bengaluru,ATM,No,Normal Transaction
904060,500000116,2026-08-30,19:13:09,Debit Card,30518,Zomato,Hyderabad,Mobile,No,Normal Transaction
904061,500000001,2026-06-11,04:50:30,Credit Card,13320,PhonePe,Hyderabad,ATM,No,Normal Transaction
904062,500000070,2026-07-26,00:54:04,RTGS,85650,Paytm,Mumbai,ATM,No,Normal Transaction
904063,500000080,2026-03-02,06:12:47,Credit Card,18024,Flipkart,Lucknow,Mobile,No,Normal Transaction
904064,500000092,2026-11-18,17:07:43,NEFT,9766,Flipkart,Mumbai,ATM,No,Normal Transaction
904065,500000050,2026-10-26,19:58:58,RTGS,42801,Zomato,Bengaluru,POS,No,Normal Transaction
904066,500000073,2026-04-27,18:25:45,Debit Card,55877,Swiggy,Pune,Laptop,No,Normal Transaction
904067,500000147,2026-05-11,18:58:21,UPI,50071,Uber,Lucknow,Laptop,No,Normal Transaction
904068,500000087,2026-09-08,21:03:20,Debit Card,14511,Swiggy,Hyderabad,Mobile,No,Normal Transaction
904069,500000041,2026-11-02,15:13:45,Debit Card,46278,IRCTC,Mumbai,POS,No,Normal Transaction
904070,500000166,2026-10-02,11:52:29,RTGS,90133,Zomato,Delhi,POS,No,Normal Transaction
904071,500000105,2026-11-11,09:38:34,UPI,38571,Paytm,Hyderabad,POS,No,Normal Transaction
904072,500000107,2026-07-06,12:24:12,Debit Card,18769,IRCTC,Bengaluru,ATM,No,Normal Transaction
904073,500000141,2026-05-19,04:17:53,Debit Card,21247,IRCTC,Hyderabad,Laptop,No,Normal Transaction
904074,500000047,2026-03-05,01:41:59,Credit Card,79025,Reliance,Lucknow,Mobile,No,Normal Transaction
904075,500000135,2026-09-13,10:11:13,NEFT,64275,Amazon,Mumbai,Mobile,No,Normal Transaction
904076,500000075,2026-01-27,06:54:09,ATM,97994,DMart,Pune,Mobile,No,Normal Transaction
904077,500000077,2026-05-15,20:43:30,NEFT,27835,Swiggy,Delhi,Laptop,No,Normal Transaction
904078,500000127,2026-12-16,23:40:40,NEFT,6166,Swiggy,Pune,ATM,No,Normal Transaction
904079,500000051,2026-08-05,13:08:11,ATM,27116,IRCTC,Bengaluru,Mobile,No,Normal Transaction
904080,500000013,2026-05-19,13:17:20,UPI,13979,Amazon,Lucknow,Mobile,No,Normal Transaction
904081,500000058,2026-01-29,17:21:12,UPI,57717,PhonePe,Bengaluru,Mobile,No,Normal Transaction
904082,500000066,2026-03-03,15:57:09,ATM,46643,Swiggy,Bengaluru,Laptop,No,Normal Transaction
904083,500000139,2026-02-05,20:42:15,IMPS,56246,DMart,Lucknow,ATM,No,Normal Transaction
904084,500000081,2026-04-01,17:24:33,IMPS,86310,PhonePe,Bengaluru,Laptop,No,Normal Transaction
904085,500000014,2026-09-27,04:23:49,UPI,31239,Paytm,Kolkata,Laptop,No,Normal Transaction
904086,500000030,2026-06-09,07:20:11,RTGS,45465,Uber,Delhi,Mobile,Yes,Multiple Transactions
904087,500000165,2026-10-21,23:16:50,ATM,43229,Swiggy,Bengaluru,POS,No,Normal Transaction
904088,500000095,2026-08-31,23:46:06,Debit Card,57142,DMart,Lucknow,ATM,Yes,Multiple Transactions
904089,500000011,2026-04-26,19:44:39,RTGS,83261,Reliance,Hyderabad,POS,No,Normal Transaction
904090,500000023,2026-06-24,06:42:31,UPI,50490,Reliance,Bengaluru,ATM,No,Normal Transaction
904091,500000018,2026-06-30,21:11:42,Debit Card,25151,Reliance,Mumbai,POS,No,Normal Transaction
904092,500000053,2026-07-13,13:31:16,UPI,70131,Swiggy,Pune,Laptop,No,Normal Transaction
904093,500000102,2026-05-02,18:44:08,Credit Card,79390,DMart,Hyderabad,ATM,No,Normal Transaction
904094,500000060,2026-10-02,03:18:49,Debit Card,89794,DMart,Pune,Laptop,No,Normal Transaction
904095,500000092,2026-04-03,12:12:22,IMPS,51670,PhonePe,Kolkata,ATM,No,Normal Transaction
904096,500000089,2026-10-14,20:53:52,IMPS,37223,IRCTC,Pune,Laptop,No,Normal Transaction
904097,500000087,2026-01-27,17:25:18,Credit Card,72018,IRCTC,Mumbai,Mobile,No,Normal Transaction
904098,500000080,2026-02-07,20:28:28,RTGS,18790,Amazon,Mumbai,Laptop,Yes,Multiple Transactions
904099,500000148,2026-11-14,12:53:18,ATM,58381,Paytm,Mumbai,POS,No,Normal Transaction
904100,500000110,2026-07-04,07:50:47,IMPS,50753,DMart,Lucknow,POS,No,Normal Transaction
904101,500000005,2026-09-23,06:51:06,IMPS,75697,Amazon,Delhi,ATM,No,Normal Transaction
904102,500000146,2026-02-24,17:01:08,RTGS,41612,Amazon,Pune,POS,No,Normal Transaction
904103,500000002,2026-10-21,01:19:18,IMPS,98369,Uber,Bengaluru,POS,No,Normal Transaction
904104,500000035,2026-10-21,17:58:16,ATM,68010,DMart,Bengaluru,Laptop,No,Normal Transaction
904105,500000012,2026-04-06,07:38:53,Debit Card,49402,Amazon,Hyderabad,ATM,No,Normal Transaction
904106,500000018,2026-04-02,14:53:35,Credit Card,10846,Swiggy,Lucknow,ATM,No,Normal Transaction
904107,500000145,2026-09-25,15:42:39,Debit Card,85357,Amazon,Bengaluru,Mobile,No,Normal Transaction
904108,500000011,2026-11-17,17:45:51,ATM,40687,Reliance,Kolkata,Mobile,No,Normal Transaction
904109,500000006,2026-02-09,00:54:59,Credit Card,98568,Amazon,Pune,Laptop,No,Normal Transaction
904110,500000053,2026-04-22,18:21:24,Debit Card,9656,IRCTC,Kolkata,Mobile,No,Normal Transaction
904111,500000179,2026-05-26,07:31:15,RTGS,75344,Flipkart,Hyderabad,Laptop,No,Normal Transaction
904112,500000045,2026-06-05,19:25:53,ATM,22019,Paytm,Mumbai,Mobile,No,Normal Transaction
904113,500000122,2026-10-31,08:33:01,Debit Card,67143,Zomato,Kolkata,ATM,No,Normal Transaction
904114,500000176,2026-05-25,19:46:01,UPI,17404,Flipkart,Hyderabad,POS,No,Normal Transaction
904115,500000131,2026-04-11,05:06:27,RTGS,4303,PhonePe,Hyderabad,POS,No,Normal Transaction
904116,500000004,2026-04-21,18:27:11,UPI,49878,DMart,Mumbai,Laptop,No,Normal Transaction
904117,500000044,2026-03-02,13:36:32,ATM,35463,DMart,Bengaluru,Mobile,Yes,Midnight Transaction
904118,500000107,2026-08-29,07:44:57,NEFT,71982,Flipkart,Mumbai,Mobile,Yes,Multiple Transactions
904119,500000102,2026-08-22,18:28:55,NEFT,77887,Paytm,Delhi,ATM,No,Normal Transaction
904120,500000143,2026-04-21,15:16:46,UPI,84035,Zomato,Mumbai,Mobile,No,Normal Transaction
904121,500000006,2026-10-18,07:50:00,RTGS,70469,Zomato,Kolkata,Laptop,No,Normal Transaction
904122,500000139,2026-08-31,00:32:13,ATM,39881,Uber,Kolkata,Mobile,No,Normal Transaction
904123,500000033,2026-03-14,10:07:49,NEFT,70557,PhonePe,Kolkata,Laptop,No,Normal Transaction
904124,500000073,2026-12-28,19:55:54,Credit Card,33682,IRCTC,Bengaluru,ATM,No,Normal Transaction
904125,500000008,2026-06-26,02:04:22,ATM,99646,Uber,Lucknow,ATM,No,Normal Transaction
904126,500000003,2026-07-24,16:29:03,IMPS,63670,Swiggy,Delhi,ATM,No,Normal Transaction
904127,500000167,2026-05-21,02:02:09,UPI,87687,DMart,Mumbai,Mobile,No,Normal Transaction
904128,500000023,2026-04-05,02:05:23,Credit Card,424,IRCTC,Hyderabad,POS,No,Normal Transaction
904129,500000037,2026-03-19,19:33:14,Debit Card,42546,Reliance,Delhi,Laptop,No,Normal Transaction
904130,500000044,2026-08-03,21:21:44,ATM,28504,Amazon,Kolkata,Mobile,No,Normal Transaction
904131,500000154,2026-10-28,23:05:43,Debit Card,38441,PhonePe,Lucknow,Mobile,No,Normal Transaction
904132,500000040,2026-12-14,19:38:34,UPI,30073,Flipkart,Kolkata,Laptop,No,Normal Transaction
904133,500000101,2026-12-29,16:18:28,IMPS,11835,Swiggy,Hyderabad,ATM,No,Normal Transaction
904134,500000104,2026-11-24,23:51:56,NEFT,98696,PhonePe,Pune,Laptop,No,Normal Transaction
904135,500000115,2026-05-30,06:11:43,Debit Card,5076,Reliance,Hyderabad,ATM,No,Normal Transaction
904136,500000099,2026-07-24,16:02:32,IMPS,17577,Zomato,Lucknow,ATM,No,Normal Transaction
904137,500000090,2026-12-08,20:25:33,IMPS,64087,Amazon,Pune,Laptop,No,Normal Transaction
904138,500000155,2026-07-13,15:10:45,ATM,43899,Swiggy,Kolkata,Mobile,No,Normal Transaction
904139,500000173,2026-05-28,09:12:53,RTGS,56377,DMart,Lucknow,POS,No,Normal Transaction
904140,500000012,2026-10-01,19:47:04,Debit Card,63043,Zomato,Pune,ATM,No,Normal Transaction
904141,500000057,2026-12-16,22:51:10,Debit Card,78132,Uber,Pune,Mobile,No,Normal Transaction
904142,500000132,2026-09-01,01:10:29,IMPS,52851,Reliance,Kolkata,Mobile,No,Normal Transaction
904143,500000105,2026-06-04,09:50:43,ATM,24764,Zomato,Hyderabad,Mobile,No,Normal Transaction
904144,500000027,2026-12-09,22:04:30,RTGS,82581,Amazon,Lucknow,Laptop,No,Normal Transaction
904145,500000110,2026-06-19,23:35:00,IMPS,29260,Uber,Pune,ATM,No,Normal Transaction
904146,500000085,2026-10-03,16:40:42,NEFT,52232,Amazon,Lucknow,POS,No,Normal Transaction
904147,500000059,2026-10-27,18:42:12,RTGS,76099,PhonePe,Lucknow,Laptop,No,Normal Transaction
904148,500000003,2026-12-28,04:03:08,Debit Card,28241,PhonePe,Bengaluru,ATM,No,Normal Transaction
904149,500000043,2026-04-27,17:03:45,NEFT,66030,PhonePe,Delhi,Laptop,No,Normal Transaction
904150,500000167,2026-06-29,01:39:35,IMPS,5625,Uber,Pune,Laptop,No,Normal Transaction
904151,500000142,2026-03-19,11:59:44,ATM,53975,Paytm,Delhi,Mobile,No,Normal Transaction
904152,500000165,2026-02-06,14:51:02,Debit Card,30044,PhonePe,Bengaluru,POS,No,Normal Transaction
904153,500000157,2026-06-20,07:00:54,NEFT,67149,PhonePe,Bengaluru,Mobile,No,Normal Transaction
904154,500000032,2026-06-15,00:03:04,RTGS,66259,Flipkart,Pune,Mobile,No,Normal Transaction
904155,500000001,2026-06-19,22:39:40,UPI,47111,DMart,Bengaluru,ATM,No,Normal Transaction
904156,500000008,2026-06-08,16:39:35,IMPS,96434,PhonePe,Bengaluru,Mobile,No,Normal Transaction
904157,500000137,2026-07-21,12:27:43,NEFT,89514,Zomato,Lucknow,Mobile,No,Normal Transaction
904158,500000004,2026-06-07,22:13:22,RTGS,86717,Amazon,Lucknow,ATM,No,Normal Transaction
904159,500000067,2026-08-09,17:05:06,Debit Card,18932,DMart,Kolkata,POS,No,Normal Transaction
904160,500000096,2026-05-06,08:49:11,Credit Card,34105,IRCTC,Mumbai,Mobile,No,Normal Transaction
904161,500000133,2026-01-26,18:08:02,Credit Card,66470,Zomato,Hyderabad,Laptop,No,Normal Transaction
904162,500000128,2026-11-24,08:59:06,ATM,66073,PhonePe,Lucknow,Mobile,No,Normal Transaction
904163,500000176,2026-08-09,00:51:16,IMPS,12052,Uber,Bengaluru,POS,No,Normal Transaction
904164,500000128,2026-02-26,21:35:35,Credit Card,10189,Zomato,Hyderabad,Mobile,No,Normal Transaction
904165,500000169,2026-07-17,22:54:28,ATM,52497,Swiggy,Hyderabad,ATM,No,Normal Transaction
904166,500000066,2026-06-03,22:28:05,RTGS,33200,PhonePe,Lucknow,POS,No,Normal Transaction
904167,500000041,2026-02-04,06:04:57,ATM,94618,DMart,Bengaluru,Mobile,No,Normal Transaction
904168,500000072,2026-12-17,14:53:30,RTGS,67907,DMart,Mumbai,POS,No,Normal Transaction
904169,500000146,2026-09-06,09:20:39,Debit Card,62041,Uber,Kolkata,Laptop,No,Normal Transaction
904170,500000029,2026-12-24,04:54:11,Credit Card,66833,Amazon,Delhi,Laptop,No,Normal Transaction
904171,500000057,2026-10-25,17:27:57,NEFT,63605,Amazon,Kolkata,ATM,No,Normal Transaction
904172,500000148,2026-04-06,05:41:29,ATM,21678,Uber,Hyderabad,Mobile,No,Normal Transaction
904173,500000079,2026-12-16,08:51:59,NEFT,41950,Flipkart,Delhi,Laptop,No,Normal Transaction
904174,500000013,2026-11-10,06:30:59,NEFT,4909,Amazon,Lucknow,POS,No,Normal Transaction
904175,500000036,2026-05-07,10:58:19,NEFT,97579,Flipkart,Kolkata,Laptop,No,Normal Transaction
904176,500000093,2026-12-19,00:24:03,IMPS,20562,Paytm,Bengaluru,Laptop,No,Normal Transaction
904177,500000030,2026-06-12,02:53:00,RTGS,76432,IRCTC,Delhi,Laptop,No,Normal Transaction
904178,500000156,2026-07-17,16:05:36,Debit Card,76637,PhonePe,Bengaluru,Mobile,No,Normal Transaction
904179,500000075,2026-08-10,18:10:28,ATM,12473,Flipkart,Mumbai,Mobile,No,Normal Transaction
904180,500000056,2026-02-08,23:01:56,IMPS,29937,Flipkart,Kolkata,Laptop,No,Normal Transaction
904181,500000010,2026-08-10,23:00:22,Credit Card,16570,Flipkart,Hyderabad,POS,No,Normal Transaction
904182,500000093,2026-05-27,07:21:39,UPI,25176,PhonePe,Kolkata,Mobile,No,Normal Transaction
904183,500000126,2026-04-06,03:33:45,RTGS,1520,Swiggy,Kolkata,Mobile,No,Normal Transaction
904184,500000055,2026-06-18,18:51:08,IMPS,41180,Uber,Mumbai,Laptop,No,Normal Transaction
904185,500000015,2026-06-21,20:07:37,IMPS,44305,Amazon,Delhi,Laptop,No,Normal Transaction
904186,500000014,2026-10-14,05:11:08,UPI,68817,Reliance,Bengaluru,ATM,No,Normal Transaction
904187,500000070,2026-08-31,15:52:41,RTGS,57680,IRCTC,Mumbai,ATM,Yes,Different City
904188,500000048,2026-04-11,07:39:19,UPI,33627,Flipkart,Mumbai,POS,No,Normal Transaction
904189,500000162,2026-05-25,17:34:48,UPI,43686,Reliance,Hyderabad,POS,No,Normal Transaction
904190,500000118,2026-09-20,11:29:04,Debit Card,29837,Paytm,Pune,ATM,No,Normal Transaction
904191,500000067,2026-06-11,19:11:25,NEFT,43331,Reliance,Lucknow,ATM,No,Normal Transaction
904192,500000053,2026-11-19,16:58:24,Credit Card,34440,Paytm,Delhi,ATM,No,Normal Transaction
904193,500000001,2026-12-31,04:05:28,RTGS,43548,Reliance,Kolkata,Mobile,No,Normal Transaction
904194,500000106,2026-09-28,18:49:18,NEFT,61767,Zomato,Pune,POS,No,Normal Transaction
904195,500000082,2026-08-28,02:32:45,UPI,84161,Reliance,Delhi,Laptop,No,Normal Transaction
904196,500000141,2026-11-20,14:39:31,Credit Card,21043,Flipkart,Lucknow,Mobile,No,Normal Transaction
904197,500000178,2026-09-30,01:26:46,RTGS,26731,PhonePe,Lucknow,Mobile,No,Normal Transaction
904198,500000073,2026-01-11,12:46:02,UPI,7450,Flipkart,Hyderabad,Mobile,No,Normal Transaction
904199,500000008,2026-12-02,13:53:52,NEFT,47125,DMart,Mumbai,Mobile,No,Normal Transaction
904200,500000131,2026-12-05,08:44:40,NEFT,25316,IRCTC,Pune,ATM,No,Normal Transaction
904201,500000049,2026-08-03,04:00:40,Credit Card,44907,Uber,Bengaluru,Laptop,No,Normal Transaction
904202,500000043,2026-08-17,21:56:59,Debit Card,48846,PhonePe,Hyderabad,Laptop,No,Normal Transaction
904203,500000131,2026-12-31,09:06:39,RTGS,93700,Uber,Bengaluru,POS,No,Normal Transaction
904204,500000052,2026-12-27,01:22:45,Debit Card,32079,Reliance,Delhi,Mobile,No,Normal Transaction
904205,500000009,2026-03-10,22:52:05,RTGS,12076,Amazon,Pune,ATM,No,Normal Transaction
904206,500000128,2026-02-22,03:25:03,NEFT,60253,Amazon,Kolkata,ATM,No,Normal Transaction
904207,500000067,2026-06-17,01:13:53,NEFT,23396,IRCTC,Mumbai,Laptop,No,Normal Transaction
904208,500000136,2026-11-15,10:41:31,ATM,68450,DMart,Pune,ATM,No,Normal Transaction
904209,500000111,2026-04-27,20:54:54,IMPS,19880,IRCTC,Kolkata,Laptop,No,Normal Transaction
904210,500000060,2026-09-12,16:54:38,RTGS,32485,Swiggy,Mumbai,Laptop,No,Normal Transaction
904211,500000180,2026-10-03,03:01:49,ATM,19232,Zomato,Pune,ATM,No,Normal Transaction
904212,500000079,2026-03-15,22:11:52,Credit Card,63583,Swiggy,Bengaluru,POS,No,Normal Transaction
904213,500000159,2026-02-22,23:40:51,IMPS,90343,PhonePe,Mumbai,ATM,No,Normal Transaction
904214,500000010,2026-10-24,14:21:16,ATM,23439,Swiggy,Pune,ATM,No,Normal Transaction
904215,500000031,2026-09-16,16:15:10,UPI,29224,PhonePe,Kolkata,Laptop,No,Normal Transaction
904216,500000085,2026-10-06,04:27:02,IMPS,50695,Uber,Pune,POS,No,Normal Transaction
904217,500000177,2026-07-15,19:20:26,NEFT,65912,Paytm,Kolkata,Laptop,No,Normal Transaction
904218,500000100,2026-01-17,18:44:09,RTGS,69925,DMart,Bengaluru,ATM,Yes,Multiple Transactions
904219,500000023,2026-12-08,10:02:33,RTGS,41927,Reliance,Hyderabad,POS,No,Normal Transaction
904220,500000020,2026-09-20,16:38:46,UPI,18809,PhonePe,Hyderabad,ATM,No,Normal Transaction
904221,500000091,2026-11-06,02:42:59,IMPS,91131,Swiggy,Bengaluru,Laptop,No,Normal Transaction
904222,500000110,2026-07-06,07:54:10,NEFT,96159,Zomato,Lucknow,Laptop,No,Normal Transaction
904223,500000118,2026-10-30,15:21:31,Credit Card,3371,Reliance,Bengaluru,ATM,No,Normal Transaction
904224,500000053,2026-01-05,00:33:19,Debit Card,57876,Paytm,Delhi,POS,No,Normal Transaction
904225,500000031,2026-01-25,03:25:48,UPI,52418,PhonePe,Mumbai,Laptop,No,Normal Transaction
904226,500000133,2026-06-15,11:29:57,NEFT,97245,Swiggy,Delhi,ATM,No,Normal Transaction
904227,500000103,2026-03-08,17:11:40,UPI,98520,DMart,Delhi,POS,No,Normal Transaction
904228,500000107,2026-06-29,10:28:52,Debit Card,33368,Paytm,Lucknow,ATM,No,Normal Transaction
904229,500000038,2026-08-28,20:34:41,Credit Card,95986,IRCTC,Pune,ATM,No,Normal Transaction
904230,500000114,2026-10-18,17:30:46,UPI,29005,Flipkart,Delhi,Laptop,No,Normal Transaction
904231,500000175,2026-07-27,08:12:02,Debit Card,40700,IRCTC,Bengaluru,Mobile,No,Normal Transaction
904232,500000085,2026-02-01,22:50:23,Credit Card,97352,Swiggy,Mumbai,POS,No,Normal Transaction
904233,500000161,2026-03-14,02:20:28,NEFT,21565,Zomato,Pune,POS,No,Normal Transaction
904234,500000070,2026-01-11,17:18:05,NEFT,36537,Amazon,Pune,ATM,No,Normal Transaction
904235,500000097,2026-09-22,08:38:52,Credit Card,8454,Uber,Kolkata,Mobile,No,Normal Transaction
904236,500000072,2026-04-30,20:10:22,UPI,96469,PhonePe,Lucknow,POS,No,Normal Transaction
904237,500000061,2026-01-25,07:18:58,Credit Card,17430,Flipkart,Mumbai,ATM,No,Normal Transaction
904238,500000061,2026-10-26,02:30:33,Debit Card,95130,Amazon,Bengaluru,Mobile,No,Normal Transaction
904239,500000107,2026-07-12,20:06:08,ATM,31460,Paytm,Mumbai,ATM,No,Normal Transaction
904240,500000168,2026-10-31,11:29:56,Debit Card,56807,PhonePe,Bengaluru,POS,No,Normal Transaction
904241,500000116,2026-11-30,12:25:30,UPI,1451,Uber,Pune,POS,No,Normal Transaction
904242,500000008,2026-12-01,22:18:36,ATM,35335,DMart,Bengaluru,ATM,No,Normal Transaction
904243,500000150,2026-04-16,11:19:54,IMPS,9294,Swiggy,Mumbai,Mobile,No,Normal Transaction
904244,500000174,2026-03-27,09:09:32,IMPS,60491,Uber,Pune,ATM,No,Normal Transaction
904245,500000127,2026-02-28,09:05:30,Debit Card,17427,Flipkart,Mumbai,ATM,No,Normal Transaction
904246,500000035,2026-12-29,06:23:12,NEFT,85864,Swiggy,Mumbai,Laptop,No,Normal Transaction
904247,500000141,2026-12-01,07:01:20,RTGS,47773,Zomato,Bengaluru,Laptop,No,Normal Transaction
904248,500000070,2026-05-06,14:38:35,ATM,99856,Amazon,Mumbai,Mobile,No,Normal Transaction
904249,500000014,2026-01-28,18:45:15,NEFT,42710,Amazon,Hyderabad,ATM,No,Normal Transaction
904250,500000141,2026-02-22,15:55:37,Credit Card,84700,Zomato,Hyderabad,Laptop,No,Normal Transaction
904251,500000012,2026-07-29,17:29:35,UPI,40186,Swiggy,Pune,Mobile,No,Normal Transaction
904252,500000173,2026-05-13,17:50:59,Debit Card,99467,Paytm,Kolkata,Laptop,No,Normal Transaction
904253,500000058,2026-05-17,03:21:08,Credit Card,15309,Uber,Mumbai,Mobile,No,Normal Transaction
904254,500000041,2026-07-14,01:17:54,Debit Card,11372,Uber,Kolkata,Laptop,No,Normal Transaction
904255,500000157,2026-07-03,23:06:55,IMPS,86485,Uber,Kolkata,Laptop,No,Normal Transaction
904256,500000089,2026-09-22,15:27:25,Debit Card,9907,Flipkart,Delhi,POS,No,Normal Transaction
904257,500000045,2026-12-11,20:00:36,Credit Card,75294,PhonePe,Pune,ATM,No,Normal Transaction
904258,500000137,2026-06-20,04:07:38,IMPS,67763,Uber,Hyderabad,POS,No,Normal Transaction
904259,500000086,2026-08-30,08:34:52,NEFT,43216,Swiggy,Kolkata,POS,No,Normal Transaction
904260,500000074,2026-01-17,08:54:13,IMPS,3615,Zomato,Hyderabad,Mobile,No,Normal Transaction
904261,500000030,2026-07-26,21:45:49,IMPS,71919,IRCTC,Delhi,ATM,No,Normal Transaction
904262,500000087,2026-09-03,04:01:47,Credit Card,14597,Flipkart,Hyderabad,Laptop,No,Normal Transaction
904263,500000026,2026-03-14,09:09:52,NEFT,21955,IRCTC,Delhi,Mobile,No,Normal Transaction
904264,500000114,2026-08-14,14:27:22,UPI,82702,DMart,Mumbai,ATM,No,Normal Transaction
904265,500000054,2026-12-14,02:04:40,RTGS,71977,Flipkart,Pune,Mobile,No,Normal Transaction
904266,500000026,2026-02-05,22:08:15,UPI,93169,Paytm,Bengaluru,Laptop,No,Normal Transaction
904267,500000024,2026-06-01,12:16:55,IMPS,76200,Amazon,Mumbai,POS,No,Normal Transaction
904268,500000170,2026-12-07,23:00:29,Credit Card,60423,DMart,Lucknow,Laptop,No,Normal Transaction
904269,500000124,2026-11-05,01:40:55,UPI,42576,Flipkart,Kolkata,ATM,No,Normal Transaction
904270,500000157,2026-03-07,16:34:52,IMPS,33504,Zomato,Delhi,POS,No,Normal Transaction
904271,500000085,2026-12-19,21:41:59,Credit Card,89009,Zomato,Delhi,ATM,No,Normal Transaction
904272,500000038,2026-02-06,13:23:11,ATM,26289,Swiggy,Pune,Mobile,Yes,High Amount
904273,500000081,2026-02-27,12:48:43,Debit Card,9804,PhonePe,Kolkata,ATM,No,Normal Transaction
904274,500000047,2026-10-27,05:16:46,NEFT,69985,PhonePe,Delhi,Laptop,No,Normal Transaction
904275,500000151,2026-09-14,08:05:39,Debit Card,24628,Uber,Delhi,POS,No,Normal Transaction
904276,500000087,2026-02-10,03:52:25,ATM,61032,Uber,Lucknow,POS,No,Normal Transaction
904277,500000103,2026-05-30,05:23:59,RTGS,83628,Paytm,Mumbai,POS,No,Normal Transaction
904278,500000049,2026-02-20,16:03:22,Debit Card,29927,Flipkart,Lucknow,Laptop,No,Normal Transaction
904279,500000002,2026-02-28,18:54:39,ATM,79806,Zomato,Delhi,ATM,No,Normal Transaction
904280,500000167,2026-04-14,23:38:44,NEFT,43500,Paytm,Bengaluru,Mobile,No,Normal Transaction
904281,500000122,2026-09-10,16:16:54,IMPS,92448,Swiggy,Lucknow,POS,No,Normal Transaction
904282,500000150,2026-10-01,03:44:17,UPI,42361,DMart,Delhi,ATM,No,Normal Transaction
904283,500000018,2026-04-23,18:23:03,ATM,77138,DMart,Hyderabad,POS,No,Normal Transaction
904284,500000137,2026-01-08,14:46:27,UPI,96888,Reliance,Mumbai,Laptop,No,Normal Transaction
904285,500000032,2026-08-26,10:45:35,NEFT,1696,DMart,Hyderabad,Mobile,No,Normal Transaction
904286,500000142,2026-07-29,07:23:33,RTGS,75314,Flipkart,Kolkata,ATM,No,Normal Transaction
904287,500000144,2026-05-30,13:22:54,UPI,73185,Paytm,Bengaluru,ATM,No,Normal Transaction
904288,500000068,2026-01-21,22:48:03,UPI,62217,Paytm,Delhi,Laptop,No,Normal Transaction
904289,500000166,2026-04-15,21:46:39,NEFT,77673,PhonePe,Delhi,ATM,No,Normal Transaction
904290,500000028,2026-01-21,10:21:43,Credit Card,74231,PhonePe,Hyderabad,ATM,No,Normal Transaction
904291,500000075,2026-12-01,14:24:46,Debit Card,46499,Amazon,Lucknow,POS,No,Normal Transaction
904292,500000044,2026-07-21,01:24:48,Credit Card,45841,Paytm,Delhi,POS,No,Normal Transaction
904293,500000139,2026-07-25,14:32:21,Credit Card,12126,Reliance,Lucknow,Laptop,No,Normal Transaction
904294,500000146,2026-01-27,00:02:20,Credit Card,5262,IRCTC,Hyderabad,ATM,No,Normal Transaction
904295,500000126,2026-01-16,10:15:45,Credit Card,90294,Zomato,Mumbai,POS,No,Normal Transaction
904296,500000146,2026-04-15,23:19:55,Credit Card,72112,Reliance,Pune,Laptop,No,Normal Transaction
904297,500000147,2026-02-02,08:21:53,NEFT,94927,Uber,Pune,POS,No,Normal Transaction
904298,500000027,2026-05-16,19:54:49,Debit Card,85895,Zomato,Pune,Mobile,No,Normal Transaction
904299,500000047,2026-03-21,17:44:47,NEFT,80530,Flipkart,Hyderabad,POS,No,Normal Transaction
904300,500000038,2026-08-12,07:17:30,NEFT,61387,Swiggy,Mumbai,POS,No,Normal Transaction
904301,500000159,2026-11-20,06:42:58,NEFT,8556,Flipkart,Mumbai,Mobile,No,Normal Transaction
904302,500000012,2026-03-21,03:10:31,NEFT,43401,Reliance,Bengaluru,ATM,No,Normal Transaction
904303,500000079,2026-11-25,22:35:54,RTGS,55428,Flipkart,Lucknow,Mobile,No,Normal Transaction
904304,500000106,2026-10-29,02:12:19,UPI,77293,Uber,Delhi,POS,No,Normal Transaction
904305,500000176,2026-05-23,05:16:18,ATM,49606,IRCTC,Mumbai,POS,No,Normal Transaction
904306,500000101,2026-09-20,10:38:05,RTGS,74546,Swiggy,Hyderabad,Laptop,No,Normal Transaction
904307,500000013,2026-03-31,08:37:53,UPI,38779,Paytm,Kolkata,ATM,No,Normal Transaction
904308,500000015,2026-03-12,07:02:03,IMPS,53563,Reliance,Delhi,Laptop,No,Normal Transaction
904309,500000057,2026-05-26,20:25:30,UPI,43089,Zomato,Kolkata,POS,No,Normal Transaction
904310,500000083,2026-12-29,20:33:43,IMPS,7501,Swiggy,Pune,Laptop,No,Normal Transaction
904311,500000051,2026-04-14,06:58:38,NEFT,95961,Swiggy,Mumbai,POS,No,Normal Transaction
904312,500000019,2026-03-09,13:52:36,Debit Card,56051,Swiggy,Pune,Laptop,No,Normal Transaction
904313,500000154,2026-05-22,16:57:50,Debit Card,96850,Reliance,Mumbai,Laptop,No,Normal Transaction
904314,500000125,2026-05-11,21:00:19,NEFT,6767,Amazon,Kolkata,Mobile,No,Normal Transaction
904315,500000062,2026-11-17,10:58:15,UPI,33222,PhonePe,Lucknow,Laptop,No,Normal Transaction
904316,500000094,2026-04-13,07:00:32,UPI,59454,Reliance,Lucknow,POS,No,Normal Transaction
904317,500000101,2026-07-21,14:04:58,NEFT,57724,Amazon,Kolkata,ATM,No,Normal Transaction
904318,500000117,2026-10-07,12:48:00,Credit Card,33516,Amazon,Bengaluru,Mobile,No,Normal Transaction
904319,500000156,2026-03-16,12:19:26,IMPS,39216,Flipkart,Mumbai,POS,No,Normal Transaction
904320,500000122,2026-10-30,06:37:35,UPI,57259,Reliance,Mumbai,ATM,No,Normal Transaction
904321,500000103,2026-12-31,19:27:29,Debit Card,46222,Uber,Hyderabad,POS,No,Normal Transaction
904322,500000068,2026-06-03,10:59:05,ATM,44600,DMart,Kolkata,POS,No,Normal Transaction
904323,500000026,2026-02-22,13:57:01,IMPS,89606,DMart,Lucknow,POS,No,Normal Transaction
904324,500000104,2026-05-06,20:11:23,Debit Card,19598,Reliance,Mumbai,POS,No,Normal Transaction
904325,500000139,2026-05-20,16:04:59,Debit Card,68028,Paytm,Lucknow,ATM,No,Normal Transaction
904326,500000026,2026-02-17,19:05:25,ATM,13304,PhonePe,Bengaluru,Laptop,No,Normal Transaction
904327,500000116,2026-04-22,18:55:44,Debit Card,6415,DMart,Kolkata,POS,No,Normal Transaction
904328,500000090,2026-08-22,23:44:57,RTGS,51384,DMart,Pune,ATM,No,Normal Transaction
904329,500000148,2026-07-01,10:08:43,Credit Card,74127,Reliance,Lucknow,Mobile,No,Normal Transaction
904330,500000081,2026-02-21,00:29:03,Debit Card,95419,Uber,Pune,Mobile,No,Normal Transaction
904331,500000103,2026-10-18,11:23:46,NEFT,83284,Uber,Pune,ATM,No,Normal Transaction
904332,500000025,2026-11-30,03:05:49,ATM,73708,PhonePe,Delhi,Laptop,No,Normal Transaction
904333,500000129,2026-03-11,22:09:03,UPI,43282,Amazon,Mumbai,Laptop,No,Normal Transaction
904334,500000144,2026-02-25,14:35:36,NEFT,1817,Uber,Delhi,Laptop,No,Normal Transaction
904335,500000064,2026-03-25,18:39:48,Debit Card,71507,Reliance,Pune,POS,No,Normal Transaction
904336,500000108,2026-12-08,19:47:06,RTGS,52240,Reliance,Hyderabad,Laptop,No,Normal Transaction
904337,500000059,2026-09-10,12:04:42,RTGS,6332,Amazon,Hyderabad,POS,No,Normal Transaction
904338,500000148,2026-11-28,02:10:18,NEFT,92544,Paytm,Bengaluru,ATM,No,Normal Transaction
904339,500000173,2026-04-21,08:29:01,IMPS,15045,IRCTC,Mumbai,POS,No,Normal Transaction
904340,500000135,2026-02-14,01:29:09,IMPS,78771,Reliance,Kolkata,POS,No,Normal Transaction
904341,500000088,2026-06-08,10:19:39,Debit Card,43931,Uber,Bengaluru,Mobile,Yes,Multiple Transactions
904342,500000135,2026-02-25,23:26:09,Credit Card,72074,PhonePe,Pune,POS,No,Normal Transaction
904343,500000062,2026-04-02,15:23:49,Credit Card,94895,Uber,Pune,Laptop,No,Normal Transaction
904344,500000056,2026-12-29,00:15:03,IMPS,95546,Zomato,Hyderabad,Laptop,No,Normal Transaction
904345,500000036,2026-06-20,00:42:30,Credit Card,74573,Uber,Pune,Mobile,No,Normal Transaction
904346,500000165,2026-03-19,22:20:22,IMPS,30725,IRCTC,Hyderabad,Mobile,No,Normal Transaction
904347,500000086,2026-03-17,02:33:24,UPI,92432,DMart,Bengaluru,ATM,No,Normal Transaction
904348,500000125,2026-01-04,14:20:03,RTGS,87325,Swiggy,Delhi,ATM,No,Normal Transaction
904349,500000015,2026-04-14,21:51:40,NEFT,82957,Zomato,Kolkata,Mobile,No,Normal Transaction
904350,500000127,2026-09-27,04:25:33,IMPS,88643,Uber,Mumbai,Laptop,No,Normal Transaction
904351,500000122,2026-05-13,21:50:50,IMPS,59084,Swiggy,Pune,Mobile,No,Normal Transaction
904352,500000058,2026-10-27,04:57:32,RTGS,72024,Flipkart,Pune,POS,No,Normal Transaction
904353,500000119,2026-02-13,00:08:17,UPI,77898,Zomato,Pune,Mobile,No,Normal Transaction
904354,500000139,2026-03-04,13:58:57,NEFT,91994,Swiggy,Kolkata,Laptop,No,Normal Transaction
904355,500000172,2026-07-30,12:17:36,Debit Card,4316,Amazon,Pune,Mobile,No,Normal Transaction
904356,500000090,2026-07-28,20:49:46,RTGS,74401,Reliance,Bengaluru,Laptop,No,Normal Transaction
904357,500000097,2026-05-09,20:11:33,NEFT,87018,DMart,Pune,Mobile,No,Normal Transaction
904358,500000166,2026-07-13,06:50:13,ATM,9431,IRCTC,Lucknow,Mobile,No,Normal Transaction
904359,500000013,2026-12-01,18:08:07,Debit Card,64963,Flipkart,Kolkata,Laptop,No,Normal Transaction
904360,500000078,2026-07-18,03:28:59,IMPS,49283,Swiggy,Lucknow,ATM,No,Normal Transaction
904361,500000063,2026-09-05,13:29:24,UPI,66502,Swiggy,Delhi,Mobile,No,Normal Transaction
904362,500000063,2026-03-15,13:35:12,NEFT,7310,Amazon,Lucknow,Mobile,No,Normal Transaction
904363,500000078,2026-11-07,05:06:40,IMPS,5280,Swiggy,Hyderabad,ATM,No,Normal Transaction
904364,500000081,2026-06-18,18:41:18,NEFT,58652,IRCTC,Hyderabad,POS,No,Normal Transaction
904365,500000047,2026-06-18,09:39:15,Credit Card,64885,Swiggy,Pune,ATM,No,Normal Transaction
904366,500000041,2026-06-28,23:16:32,RTGS,23296,Reliance,Mumbai,ATM,No,Normal Transaction
904367,500000082,2026-01-20,15:26:20,Credit Card,87993,Uber,Lucknow,ATM,No,Normal Transaction
904368,500000165,2026-07-01,06:26:25,Credit Card,62757,Flipkart,Mumbai,Mobile,No,Normal Transaction
904369,500000087,2026-09-09,15:56:35,ATM,1491,PhonePe,Mumbai,Laptop,No,Normal Transaction
904370,500000173,2026-06-12,23:59:10,RTGS,37976,Swiggy,Hyderabad,Laptop,No,Normal Transaction
904371,500000149,2026-05-22,10:12:02,NEFT,77391,Flipkart,Mumbai,Laptop,No,Normal Transaction
904372,500000171,2026-11-24,07:30:28,Credit Card,45095,PhonePe,Hyderabad,Laptop,No,Normal Transaction
904373,500000128,2026-08-16,20:53:49,NEFT,98042,PhonePe,Kolkata,Laptop,No,Normal Transaction
904374,500000053,2026-05-08,09:24:30,NEFT,88128,Swiggy,Delhi,POS,No,Normal Transaction
904375,500000015,2026-12-10,00:02:24,UPI,10331,PhonePe,Hyderabad,POS,No,Normal Transaction
904376,500000071,2026-09-16,22:12:19,Debit Card,74633,Uber,Pune,ATM,No,Normal Transaction
904377,500000162,2026-09-13,12:53:46,IMPS,27980,Amazon,Lucknow,Laptop,No,Normal Transaction
904378,500000068,2026-11-01,05:04:18,Credit Card,68754,PhonePe,Delhi,Laptop,No,Normal Transaction
904379,500000054,2026-07-06,01:57:45,ATM,17607,Zomato,Bengaluru,ATM,No,Normal Transaction
904380,500000115,2026-10-09,14:34:54,NEFT,59966,Zomato,Delhi,POS,No,Normal Transaction
904381,500000128,2026-05-14,03:05:15,IMPS,19853,Zomato,Hyderabad,Mobile,No,Normal Transaction
904382,500000157,2026-12-21,15:13:30,NEFT,49296,Swiggy,Pune,Mobile,No,Normal Transaction
904383,500000145,2026-08-03,08:16:52,Debit Card,65227,IRCTC,Pune,Mobile,No,Normal Transaction
904384,500000132,2026-01-18,20:01:55,Debit Card,66380,Uber,Delhi,ATM,No,Normal Transaction
904385,500000144,2026-10-04,14:02:34,NEFT,73343,Uber,Bengaluru,Laptop,No,Normal Transaction
904386,500000086,2026-04-02,06:36:22,IMPS,96575,Uber,Lucknow,Laptop,No,Normal Transaction
904387,500000160,2026-08-27,01:23:28,NEFT,23459,Amazon,Pune,POS,No,Normal Transaction
904388,500000088,2026-11-07,02:14:37,ATM,50801,Flipkart,Delhi,Laptop,No,Normal Transaction
904389,500000137,2026-07-03,13:11:42,RTGS,96936,Paytm,Mumbai,ATM,No,Normal Transaction
904390,500000034,2026-10-16,11:11:33,IMPS,82126,Flipkart,Hyderabad,POS,No,Normal Transaction
904391,500000004,2026-06-05,13:35:05,IMPS,10456,DMart,Kolkata,POS,No,Normal Transaction
904392,500000140,2026-11-04,03:09:24,IMPS,2130,PhonePe,Kolkata,ATM,No,Normal Transaction
904393,500000126,2026-09-29,12:22:50,IMPS,64268,IRCTC,Delhi,Laptop,No,Normal Transaction
904394,500000097,2026-07-25,03:20:36,Debit Card,15017,Swiggy,Kolkata,POS,No,Normal Transaction
904395,500000015,2026-01-08,13:29:09,NEFT,66674,Uber,Lucknow,ATM,No,Normal Transaction
904396,500000003,2026-07-14,18:39:12,Debit Card,37187,Flipkart,Mumbai,Mobile,No,Normal Transaction
904397,500000174,2026-05-25,22:38:26,IMPS,87449,DMart,Mumbai,Laptop,No,Normal Transaction
904398,500000068,2026-07-31,04:42:37,IMPS,57236,DMart,Mumbai,ATM,No,Normal Transaction
904399,500000045,2026-08-02,11:30:47,IMPS,51581,DMart,Hyderabad,ATM,No,Normal Transaction
904400,500000109,2026-12-09,10:46:33,Credit Card,25167,Swiggy,Mumbai,ATM,No,Normal Transaction
904401,500000163,2026-06-18,06:32:46,RTGS,40399,PhonePe,Mumbai,Mobile,No,Normal Transaction
904402,500000034,2026-05-29,06:54:56,IMPS,67383,IRCTC,Kolkata,POS,No,Normal Transaction
904403,500000096,2026-05-16,11:34:48,Debit Card,8690,IRCTC,Delhi,ATM,No,Normal Transaction
904404,500000163,2026-05-14,23:50:01,UPI,16307,Reliance,Hyderabad,Mobile,No,Normal Transaction
904405,500000155,2026-04-22,11:12:23,Credit Card,224,Paytm,Bengaluru,Mobile,No,Normal Transaction
904406,500000081,2026-09-15,13:36:48,Debit Card,52348,Zomato,Mumbai,POS,No,Normal Transaction
904407,500000126,2026-06-03,15:13:57,Debit Card,72767,Uber,Pune,POS,No,Normal Transaction
904408,500000061,2026-10-13,19:14:39,UPI,65770,Amazon,Delhi,Laptop,No,Normal Transaction
904409,500000171,2026-09-12,07:17:37,Credit Card,61685,Flipkart,Pune,ATM,No,Normal Transaction
904410,500000134,2026-05-08,13:29:19,IMPS,9065,DMart,Mumbai,POS,No,Normal Transaction
904411,500000081,2026-06-16,16:02:55,Debit Card,30644,DMart,Delhi,POS,No,Normal Transaction
904412,500000056,2026-04-18,03:41:10,UPI,96074,Swiggy,Mumbai,ATM,No,Normal Transaction
904413,500000108,2026-01-16,17:59:57,Debit Card,49791,Amazon,Kolkata,Laptop,No,Normal Transaction
904414,500000121,2026-06-15,00:16:46,UPI,26842,Amazon,Lucknow,POS,No,Normal Transaction
904415,500000015,2026-05-08,17:21:34,UPI,12307,Swiggy,Lucknow,ATM,No,Normal Transaction
904416,500000148,2026-04-17,18:26:30,Credit Card,47697,PhonePe,Delhi,POS,No,Normal Transaction
904417,500000004,2026-04-26,23:53:18,Debit Card,3538,Reliance,Lucknow,Mobile,No,Normal Transaction
904418,500000151,2026-01-21,14:13:03,RTGS,1520,IRCTC,Bengaluru,Laptop,No,Normal Transaction
904419,500000122,2026-08-03,02:05:14,Debit Card,59562,IRCTC,Mumbai,ATM,No,Normal Transaction
904420,500000178,2026-09-26,00:54:33,Credit Card,89373,IRCTC,Mumbai,POS,Yes,Midnight Transaction
904421,500000128,2026-07-14,23:38:29,Credit Card,87323,DMart,Kolkata,Laptop,No,Normal Transaction
904422,500000046,2026-09-26,06:57:38,RTGS,73575,Amazon,Bengaluru,Mobile,No,Normal Transaction
904423,500000121,2026-07-30,10:30:42,IMPS,71159,Reliance,Lucknow,Laptop,No,Normal Transaction
904424,500000038,2026-08-16,23:34:23,Credit Card,3225,Paytm,Pune,POS,No,Normal Transaction
904425,500000151,2026-09-22,05:57:41,NEFT,22098,Flipkart,Hyderabad,ATM,No,Normal Transaction
904426,500000156,2026-02-19,23:32:21,NEFT,6005,Swiggy,Lucknow,Laptop,No,Normal Transaction
904427,500000016,2026-08-11,18:43:51,ATM,68870,Zomato,Lucknow,ATM,No,Normal Transaction
904428,500000090,2026-03-18,08:53:08,Credit Card,83750,Paytm,Kolkata,Mobile,No,Normal Transaction
904429,500000135,2026-08-08,02:25:33,IMPS,85001,Swiggy,Lucknow,Laptop,No,Normal Transaction
904430,500000139,2026-08-12,04:10:56,RTGS,65449,Swiggy,Delhi,ATM,No,Normal Transaction
904431,500000046,2026-09-28,14:34:12,IMPS,27653,Zomato,Hyderabad,ATM,No,Normal Transaction
904432,500000110,2026-01-17,02:34:39,ATM,86333,Paytm,Delhi,POS,No,Normal Transaction
904433,500000034,2026-06-12,12:22:31,RTGS,77187,Flipkart,Kolkata,Mobile,No,Normal Transaction
904434,500000176,2026-05-02,23:50:02,RTGS,14387,Reliance,Kolkata,POS,No,Normal Transaction
904435,500000123,2026-10-19,11:55:25,RTGS,37927,DMart,Lucknow,Mobile,No,Normal Transaction
904436,500000117,2026-03-09,18:10:47,NEFT,90614,Paytm,Lucknow,Laptop,No,Normal Transaction
904437,500000144,2026-02-14,21:33:56,NEFT,28993,Paytm,Hyderabad,Laptop,No,Normal Transaction
904438,500000094,2026-04-28,02:47:24,Credit Card,23093,Reliance,Lucknow,POS,No,Normal Transaction
904439,500000026,2026-01-16,09:12:02,UPI,77416,IRCTC,Mumbai,Mobile,No,Normal Transaction
904440,500000148,2026-08-25,21:14:30,Credit Card,66599,IRCTC,Bengaluru,ATM,No,Normal Transaction
904441,500000075,2026-08-26,12:11:14,IMPS,33794,Uber,Kolkata,ATM,No,Normal Transaction
904442,500000045,2026-08-25,10:49:10,Credit Card,18460,Reliance,Mumbai,Laptop,No,Normal Transaction
904443,500000011,2026-01-06,19:33:18,Debit Card,79920,Uber,Hyderabad,ATM,No,Normal Transaction
904444,500000157,2026-06-12,01:06:36,RTGS,82096,Zomato,Lucknow,ATM,No,Normal Transaction
904445,500000028,2026-09-23,05:36:26,Debit Card,32568,Zomato,Mumbai,Laptop,No,Normal Transaction
904446,500000075,2026-01-26,11:21:40,Debit Card,50954,IRCTC,Bengaluru,Laptop,Yes,Midnight Transaction
904447,500000013,2026-01-01,11:29:27,Debit Card,6882,PhonePe,Pune,POS,No,Normal Transaction
904448,500000044,2026-02-11,14:22:13,IMPS,87690,Uber,Lucknow,ATM,No,Normal Transaction
904449,500000172,2026-11-20,02:46:26,Debit Card,2506,Zomato,Mumbai,ATM,No,Normal Transaction
904450,500000139,2026-11-05,12:05:59,IMPS,54745,IRCTC,Kolkata,POS,No,Normal Transaction
904451,500000073,2026-06-11,16:38:52,ATM,12727,DMart,Delhi,Mobile,No,Normal Transaction
904452,500000120,2026-06-29,11:47:54,ATM,66373,DMart,Hyderabad,Laptop,No,Normal Transaction
904453,500000100,2026-08-10,22:17:03,IMPS,59266,Paytm,Hyderabad,POS,No,Normal Transaction
904454,500000107,2026-10-23,02:28:54,ATM,75145,DMart,Kolkata,ATM,No,Normal Transaction
904455,500000054,2026-12-26,08:41:31,RTGS,13691,Paytm,Bengaluru,ATM,No,Normal Transaction
904456,500000107,2026-12-13,17:55:09,IMPS,93791,Flipkart,Lucknow,POS,No,Normal Transaction
904457,500000132,2026-07-11,09:10:12,UPI,56446,PhonePe,Kolkata,ATM,No,Normal Transaction
904458,500000169,2026-01-27,19:44:53,Credit Card,47253,Flipkart,Hyderabad,POS,Yes,Midnight Transaction
904459,500000166,2026-11-07,05:26:45,NEFT,75856,Swiggy,Bengaluru,POS,No,Normal Transaction
904460,500000172,2026-09-03,12:22:51,Credit Card,65372,Flipkart,Mumbai,ATM,No,Normal Transaction
904461,500000117,2026-05-13,14:57:13,RTGS,29649,Uber,Kolkata,Laptop,No,Normal Transaction
904462,500000071,2026-12-09,21:08:28,UPI,47477,Paytm,Hyderabad,Laptop,No,Normal Transaction
904463,500000020,2026-02-05,10:45:28,IMPS,43851,IRCTC,Kolkata,ATM,No,Normal Transaction
904464,500000137,2026-05-18,23:58:25,Debit Card,3223,PhonePe,Kolkata,ATM,No,Normal Transaction
904465,500000098,2026-01-31,04:09:22,UPI,50013,Paytm,Delhi,Mobile,No,Normal Transaction
904466,500000088,2026-04-27,06:42:28,Debit Card,7132,DMart,Lucknow,ATM,No,Normal Transaction
904467,500000031,2026-07-01,02:48:01,RTGS,67326,PhonePe,Lucknow,Mobile,No,Normal Transaction
904468,500000154,2026-12-13,21:21:47,Debit Card,9124,Swiggy,Lucknow,ATM,No,Normal Transaction
904469,500000106,2026-01-03,07:29:14,IMPS,16791,Uber,Bengaluru,POS,Yes,Midnight Transaction
904470,500000040,2026-06-16,11:34:45,Debit Card,24649,DMart,Mumbai,Mobile,No,Normal Transaction
904471,500000017,2026-01-13,16:24:41,Credit Card,41618,Uber,Bengaluru,Laptop,No,Normal Transaction
904472,500000036,2026-03-03,05:53:14,IMPS,7559,PhonePe,Mumbai,Mobile,No,Normal Transaction
904473,500000050,2026-02-17,08:59:04,IMPS,53699,Zomato,Kolkata,POS,No,Normal Transaction
904474,500000074,2026-09-16,23:08:58,RTGS,13319,Amazon,Delhi,POS,No,Normal Transaction
904475,500000117,2026-06-11,12:47:03,RTGS,38010,Flipkart,Mumbai,Laptop,No,Normal Transaction
904476,500000174,2026-12-14,07:08:08,RTGS,6574,Paytm,Bengaluru,Mobile,No,Normal Transaction
904477,500000175,2026-05-07,04:36:22,Debit Card,8507,Reliance,Hyderabad,ATM,No,Normal Transaction
904478,500000063,2026-01-02,06:32:22,Debit Card,75444,IRCTC,Pune,Laptop,No,Normal Transaction
904479,500000160,2026-12-28,17:21:50,ATM,56794,Zomato,Kolkata,POS,No,Normal Transaction
904480,500000080,2026-12-27,14:20:33,IMPS,39924,Reliance,Pune,POS,No,Normal Transaction
904481,500000137,2026-12-08,17:38:02,Credit Card,13957,Reliance,Mumbai,POS,No,Normal Transaction
904482,500000022,2026-12-10,21:30:03,Credit Card,88238,Reliance,Pune,POS,No,Normal Transaction
904483,500000017,2026-02-02,01:04:30,Credit Card,3927,Amazon,Delhi,POS,No,Normal Transaction
904484,500000006,2026-05-27,12:22:46,Debit Card,12971,PhonePe,Mumbai,Laptop,No,Normal Transaction
904485,500000045,2026-11-29,17:17:55,IMPS,68564,Amazon,Delhi,Laptop,No,Normal Transaction
904486,500000061,2026-12-31,11:01:11,Credit Card,11281,Swiggy,Bengaluru,ATM,No,Normal Transaction
904487,500000120,2026-06-26,20:45:23,ATM,45124,IRCTC,Delhi,ATM,No,Normal Transaction
904488,500000136,2026-09-06,16:40:06,ATM,24069,IRCTC,Delhi,Laptop,No,Normal Transaction
904489,500000058,2026-06-09,00:26:46,ATM,17632,Paytm,Lucknow,Laptop,No,Normal Transaction
904490,500000056,2026-02-18,16:45:13,ATM,32536,IRCTC,Lucknow,Laptop,No,Normal Transaction
904491,500000070,2026-02-21,01:04:45,RTGS,41797,Uber,Lucknow,ATM,No,Normal Transaction
904492,500000129,2026-10-25,05:09:07,Credit Card,83143,Amazon,Pune,ATM,No,Normal Transaction
904493,500000152,2026-11-05,05:19:50,NEFT,1236,DMart,Kolkata,Laptop,No,Normal Transaction
904494,500000153,2026-03-10,03:16:15,UPI,94488,Flipkart,Bengaluru,POS,No,Normal Transaction
904495,500000009,2026-06-30,05:29:47,Debit Card,84704,IRCTC,Delhi,Mobile,No,Normal Transaction
904496,500000017,2026-06-30,08:58:19,RTGS,9639,PhonePe,Bengaluru,POS,No,Normal Transaction
904497,500000128,2026-03-30,07:25:01,NEFT,44944,IRCTC,Delhi,Mobile,No,Normal Transaction
904498,500000119,2026-01-23,04:19:03,UPI,50612,Paytm,Pune,Mobile,No,Normal Transaction
904499,500000041,2026-04-24,10:01:56,ATM,31921,Paytm,Pune,POS,No,Normal Transaction
904500,500000003,2026-12-08,00:06:18,NEFT,75885,Amazon,Bengaluru,POS,No,Normal Transaction
904501,500000083,2026-10-22,00:04:35,Credit Card,87723,Swiggy,Hyderabad,Mobile,No,Normal Transaction
904502,500000174,2026-08-20,02:21:30,Debit Card,23307,DMart,Lucknow,POS,No,Normal Transaction
904503,500000025,2026-04-20,21:48:37,ATM,78479,DMart,Hyderabad,Mobile,No,Normal Transaction
904504,500000154,2026-08-28,14:39:56,ATM,88508,Swiggy,Hyderabad,ATM,No,Normal Transaction
904505,500000022,2026-01-09,16:49:27,RTGS,45658,Uber,Kolkata,Laptop,No,Normal Transaction
904506,500000152,2026-03-06,20:02:16,ATM,53611,IRCTC,Delhi,Mobile,No,Normal Transaction
904507,500000136,2026-12-31,17:42:57,Credit Card,1287,DMart,Kolkata,Laptop,No,Normal Transaction
904508,500000180,2026-09-25,02:54:31,Credit Card,44945,Flipkart,Lucknow,ATM,No,Normal Transaction
904509,500000152,2026-12-31,10:28:16,ATM,842,Reliance,Pune,Mobile,No,Normal Transaction
904510,500000054,2026-09-10,19:07:48,RTGS,41652,Flipkart,Kolkata,Laptop,No,Normal Transaction
904511,500000112,2026-09-17,20:24:23,NEFT,68074,DMart,Lucknow,Mobile,No,Normal Transaction
904512,500000018,2026-12-25,08:01:09,ATM,70948,Reliance,Mumbai,Mobile,No,Normal Transaction
904513,500000126,2026-01-07,08:51:30,ATM,71472,IRCTC,Mumbai,Mobile,No,Normal Transaction
904514,500000030,2026-02-03,03:56:09,ATM,79627,PhonePe,Mumbai,POS,No,Normal Transaction
904515,500000053,2026-07-08,19:34:03,IMPS,38468,Flipkart,Bengaluru,Mobile,No,Normal Transaction
904516,500000047,2026-02-09,23:09:27,Credit Card,88194,Amazon,Mumbai,Mobile,No,Normal Transaction
904517,500000017,2026-03-26,18:11:18,Credit Card,95492,Reliance,Delhi,Mobile,No,Normal Transaction
904518,500000059,2026-07-05,17:13:45,IMPS,39988,Paytm,Lucknow,POS,No,Normal Transaction
904519,500000174,2026-09-03,22:00:37,RTGS,80474,PhonePe,Pune,POS,No,Normal Transaction
904520,500000007,2026-04-09,09:08:22,UPI,50954,Paytm,Pune,Mobile,No,Normal Transaction
904521,500000075,2026-01-01,09:50:30,IMPS,5633,PhonePe,Hyderabad,ATM,No,Normal Transaction
904522,500000166,2026-04-19,15:51:36,Credit Card,21613,Swiggy,Hyderabad,Laptop,No,Normal Transaction
904523,500000030,2026-05-25,08:21:01,UPI,13588,Amazon,Mumbai,ATM,No,Normal Transaction
904524,500000093,2026-08-04,10:26:42,Credit Card,53518,Zomato,Mumbai,Laptop,No,Normal Transaction
904525,500000102,2026-07-20,13:10:49,RTGS,5935,Uber,Delhi,Laptop,No,Normal Transaction
904526,500000021,2026-10-15,08:30:05,ATM,14239,Flipkart,Mumbai,Laptop,No,Normal Transaction
904527,500000015,2026-07-22,14:16:40,Credit Card,48056,Flipkart,Bengaluru,Laptop,No,Normal Transaction
904528,500000142,2026-04-01,03:24:32,ATM,64415,Uber,Hyderabad,Mobile,No,Normal Transaction
904529,500000126,2026-04-09,14:48:07,Credit Card,14629,Reliance,Mumbai,Mobile,No,Normal Transaction
904530,500000158,2026-03-09,18:37:25,UPI,89672,Uber,Mumbai,Mobile,No,Normal Transaction
904531,500000172,2026-08-08,09:22:36,Debit Card,6811,DMart,Delhi,ATM,No,Normal Transaction
904532,500000137,2027-01-01,08:06:29,Credit Card,5530,Reliance,Bengaluru,ATM,No,Normal Transaction
904533,500000132,2026-08-19,04:59:51,Debit Card,5849,DMart,Kolkata,Laptop,No,Normal Transaction
904534,500000095,2026-08-15,03:46:49,UPI,74958,Zomato,Mumbai,Mobile,No,Normal Transaction
904535,500000073,2026-09-20,07:35:19,UPI,94688,Paytm,Lucknow,Mobile,No,Normal Transaction
904536,500000037,2026-06-03,07:57:05,Debit Card,47278,IRCTC,Mumbai,Mobile,No,Normal Transaction
904537,500000152,2026-02-23,19:53:19,UPI,16192,IRCTC,Delhi,POS,No,Normal Transaction
904538,500000021,2026-04-08,05:44:25,RTGS,68807,Zomato,Delhi,ATM,No,Normal Transaction
904539,500000084,2026-04-12,21:52:32,NEFT,85261,PhonePe,Bengaluru,Mobile,No,Normal Transaction
904540,500000045,2026-08-27,08:51:09,NEFT,50419,Reliance,Delhi,ATM,No,Normal Transaction
904541,500000043,2026-11-23,16:16:20,Debit Card,34166,Paytm,Delhi,POS,No,Normal Transaction
904542,500000147,2026-03-23,07:42:57,Debit Card,15993,Flipkart,Mumbai,POS,No,Normal Transaction
904543,500000010,2026-06-23,17:53:03,IMPS,50699,Amazon,Delhi,Mobile,No,Normal Transaction
904544,500000015,2026-11-13,13:50:06,Credit Card,26305,PhonePe,Pune,Laptop,No,Normal Transaction
904545,500000052,2026-12-06,19:11:35,Credit Card,93184,Amazon,Delhi,Laptop,No,Normal Transaction
904546,500000045,2026-10-28,02:50:13,IMPS,89616,Amazon,Bengaluru,Mobile,No,Normal Transaction
904547,500000164,2026-10-26,11:28:09,ATM,14202,Flipkart,Hyderabad,ATM,No,Normal Transaction
904548,500000162,2026-09-13,10:11:42,UPI,41802,DMart,Bengaluru,POS,No,Normal Transaction
904549,500000081,2026-03-27,12:18:42,Credit Card,17626,Paytm,Delhi,Mobile,No,Normal Transaction
904550,500000092,2026-05-20,22:49:31,ATM,94612,Paytm,Kolkata,Laptop,No,Normal Transaction
904551,500000144,2026-03-05,09:23:00,Debit Card,61731,Amazon,Kolkata,POS,No,Normal Transaction
904552,500000048,2026-11-18,16:34:39,Credit Card,1595,Amazon,Kolkata,POS,No,Normal Transaction
904553,500000141,2026-11-01,08:16:55,Credit Card,71705,Paytm,Lucknow,ATM,No,Normal Transaction
904554,500000029,2026-08-03,21:27:48,IMPS,69470,Paytm,Kolkata,Mobile,No,Normal Transaction
904555,500000144,2026-10-09,19:00:17,RTGS,46208,Zomato,Delhi,Laptop,No,Normal Transaction
904556,500000094,2026-03-01,03:32:37,ATM,9152,Zomato,Delhi,ATM,No,Normal Transaction
904557,500000117,2026-03-13,03:17:03,UPI,33158,Uber,Delhi,Mobile,No,Normal Transaction
904558,500000098,2026-06-04,08:27:56,UPI,18597,Swiggy,Hyderabad,POS,No,Normal Transaction
904559,500000048,2026-11-28,05:25:34,IMPS,34181,DMart,Hyderabad,Mobile,No,Normal Transaction
904560,500000074,2026-05-17,14:27:43,NEFT,34675,IRCTC,Pune,Mobile,No,Normal Transaction
904561,500000134,2026-01-23,15:20:38,IMPS,12164,Swiggy,Hyderabad,Laptop,No,Normal Transaction
904562,500000010,2026-11-20,19:57:51,Debit Card,54501,Uber,Kolkata,ATM,No,Normal Transaction
904563,500000006,2026-10-08,21:51:50,Debit Card,93815,DMart,Lucknow,POS,No,Normal Transaction
904564,500000100,2026-01-14,08:21:46,UPI,76442,IRCTC,Lucknow,POS,No,Normal Transaction
904565,500000062,2026-08-16,22:52:37,NEFT,13762,Swiggy,Pune,ATM,No,Normal Transaction
904566,500000061,2026-10-07,17:19:59,RTGS,62052,Amazon,Lucknow,ATM,No,Normal Transaction
904567,500000100,2026-11-12,00:41:36,UPI,63318,DMart,Mumbai,Mobile,No,Normal Transaction
904568,500000044,2026-07-01,02:11:18,ATM,46849,Uber,Lucknow,ATM,No,Normal Transaction
904569,500000149,2026-11-12,23:57:03,RTGS,97148,PhonePe,Kolkata,ATM,No,Normal Transaction
904570,500000131,2026-10-03,17:44:07,RTGS,3602,Paytm,Hyderabad,Mobile,No,Normal Transaction
904571,500000014,2026-01-11,15:40:45,NEFT,42959,Amazon,Kolkata,ATM,No,Normal Transaction
904572,500000007,2026-11-09,06:18:13,RTGS,11627,IRCTC,Hyderabad,POS,No,Normal Transaction
904573,500000106,2026-10-31,08:35:26,ATM,73105,Uber,Delhi,Laptop,No,Normal Transaction
904574,500000108,2026-01-12,04:42:03,ATM,41520,Swiggy,Mumbai,Laptop,No,Normal Transaction
904575,500000167,2026-06-12,13:29:16,Credit Card,34714,Paytm,Hyderabad,Laptop,No,Normal Transaction
904576,500000084,2026-03-15,02:49:07,NEFT,60663,Paytm,Mumbai,ATM,No,Normal Transaction
904577,500000176,2026-09-22,13:45:49,Credit Card,80564,Flipkart,Lucknow,Laptop,No,Normal Transaction
904578,500000067,2026-11-27,11:15:29,Credit Card,49072,DMart,Pune,POS,No,Normal Transaction
904579,500000053,2026-01-27,23:22:10,ATM,64939,Zomato,Kolkata,Laptop,No,Normal Transaction
904580,500000059,2026-09-02,17:47:45,NEFT,89313,Zomato,Lucknow,POS,No,Normal Transaction
904581,500000110,2026-02-03,12:03:29,Credit Card,22190,Swiggy,Hyderabad,Laptop,No,Normal Transaction
904582,500000072,2026-10-28,14:04:42,NEFT,40638,Zomato,Kolkata,ATM,No,Normal Transaction
904583,500000121,2026-08-01,18:55:09,Debit Card,91343,Flipkart,Pune,Mobile,No,Normal Transaction
904584,500000126,2026-09-09,08:47:15,IMPS,85704,DMart,Pune,Laptop,Yes,Multiple Transactions
904585,500000145,2026-10-21,02:23:22,Credit Card,28555,Uber,Pune,Laptop,No,Normal Transaction
904586,500000130,2026-07-02,07:57:55,ATM,15053,Reliance,Lucknow,Laptop,No,Normal Transaction
904587,500000169,2026-04-26,21:33:42,Debit Card,57700,Flipkart,Kolkata,Laptop,No,Normal Transaction
904588,500000081,2026-06-01,16:42:13,RTGS,538,Paytm,Hyderabad,ATM,No,Normal Transaction
904589,500000052,2026-05-09,23:51:27,Debit Card,19814,DMart,Bengaluru,POS,No,Normal Transaction
904590,500000038,2026-10-15,08:41:14,Debit Card,10217,Swiggy,Lucknow,ATM,No,Normal Transaction
904591,500000129,2026-08-18,19:36:12,UPI,31269,Zomato,Pune,ATM,No,Normal Transaction
904592,500000103,2026-03-25,16:55:27,RTGS,42907,Amazon,Lucknow,Laptop,No,Normal Transaction
904593,500000030,2026-08-30,21:02:25,UPI,7276,Reliance,Mumbai,POS,No,Normal Transaction
904594,500000167,2026-02-19,15:10:04,UPI,92469,Uber,Delhi,ATM,No,Normal Transaction
904595,500000141,2026-07-21,06:20:14,ATM,29387,Paytm,Lucknow,POS,No,Normal Transaction
904596,500000133,2026-08-25,08:44:56,ATM,78139,IRCTC,Bengaluru,ATM,No,Normal Transaction
904597,500000063,2026-12-22,17:29:14,Debit Card,985,DMart,Delhi,POS,No,Normal Transaction
904598,500000014,2026-08-16,03:00:17,Credit Card,27749,Flipkart,Mumbai,POS,No,Normal Transaction
904599,500000064,2026-11-01,19:41:06,Credit Card,98620,Zomato,Hyderabad,Mobile,No,Normal Transaction
904600,500000088,2026-01-13,02:23:33,RTGS,68233,Zomato,Lucknow,Mobile,No,Normal Transaction
904601,500000104,2026-03-28,23:21:05,IMPS,96346,Paytm,Kolkata,Laptop,No,Normal Transaction
904602,500000086,2026-09-02,02:56:38,RTGS,19477,Paytm,Bengaluru,Laptop,No,Normal Transaction
904603,500000172,2026-06-29,01:28:27,Credit Card,99423,PhonePe,Lucknow,Laptop,No,Normal Transaction
904604,500000078,2026-02-27,23:50:09,RTGS,60542,Paytm,Mumbai,POS,No,Normal Transaction
904605,500000067,2026-04-03,04:53:30,Debit Card,90686,Flipkart,Pune,Mobile,No,Normal Transaction
904606,500000044,2026-03-23,13:57:48,ATM,14753,Zomato,Bengaluru,Laptop,No,Normal Transaction
904607,500000039,2026-02-07,14:39:16,IMPS,62575,Amazon,Delhi,Mobile,No,Normal Transaction
904608,500000008,2026-04-30,06:10:24,Debit Card,1142,DMart,Kolkata,Mobile,No,Normal Transaction
904609,500000061,2026-04-25,00:27:42,NEFT,59837,Paytm,Lucknow,POS,No,Normal Transaction
904610,500000174,2026-12-06,13:02:26,Debit Card,80853,PhonePe,Kolkata,Mobile,No,Normal Transaction
904611,500000054,2026-06-05,02:13:44,UPI,44628,Zomato,Mumbai,POS,No,Normal Transaction
904612,500000118,2026-01-14,15:10:31,UPI,78485,Zomato,Bengaluru,Laptop,No,Normal Transaction
904613,500000112,2026-01-13,04:08:03,Debit Card,62879,Reliance,Pune,ATM,No,Normal Transaction
904614,500000144,2026-04-04,09:05:16,UPI,18558,DMart,Bengaluru,ATM,No,Normal Transaction
904615,500000054,2026-06-04,16:57:45,UPI,70871,Amazon,Lucknow,Laptop,No,Normal Transaction
904616,500000157,2026-01-22,03:24:54,Debit Card,3201,Amazon,Pune,ATM,No,Normal Transaction
904617,500000042,2026-04-18,17:19:56,NEFT,20479,Flipkart,Bengaluru,Mobile,No,Normal Transaction
904618,500000093,2026-04-10,18:13:42,Credit Card,24499,PhonePe,Delhi,POS,No,Normal Transaction
904619,500000135,2026-07-22,09:36:39,NEFT,76507,Uber,Delhi,Laptop,No,Normal Transaction
904620,500000064,2026-10-06,14:05:46,UPI,71956,DMart,Kolkata,Laptop,No,Normal Transaction
904621,500000076,2026-09-30,16:19:51,NEFT,25100,Amazon,Hyderabad,Mobile,No,Normal Transaction
904622,500000143,2026-06-22,17:20:42,NEFT,29971,Swiggy,Bengaluru,ATM,No,Normal Transaction
904623,500000092,2026-08-05,20:23:33,IMPS,42065,Flipkart,Bengaluru,Laptop,No,Normal Transaction
904624,500000088,2026-06-17,02:21:51,UPI,62149,Uber,Lucknow,POS,No,Normal Transaction
904625,500000142,2026-07-25,12:05:07,RTGS,55871,Flipkart,Hyderabad,Mobile,No,Normal Transaction
904626,500000076,2026-08-31,10:56:54,IMPS,64428,PhonePe,Kolkata,Mobile,No,Normal Transaction
904627,500000026,2026-09-30,17:18:44,ATM,39124,Reliance,Kolkata,Mobile,No,Normal Transaction
904628,500000123,2026-02-11,11:50:14,ATM,66703,Uber,Bengaluru,ATM,No,Normal Transaction
904629,500000083,2026-12-24,06:03:49,Credit Card,60965,Swiggy,Delhi,Mobile,No,Normal Transaction
904630,500000153,2026-06-29,17:15:24,Debit Card,93698,DMart,Bengaluru,ATM,No,Normal Transaction
904631,500000028,2026-05-15,20:38:32,RTGS,76929,IRCTC,Pune,ATM,No,Normal Transaction
904632,500000161,2026-12-27,11:10:10,RTGS,14627,PhonePe,Bengaluru,Mobile,No,Normal Transaction
904633,500000174,2026-09-15,04:12:34,UPI,11738,Zomato,Mumbai,Mobile,No,Normal Transaction
904634,500000091,2026-08-09,18:51:49,IMPS,6694,DMart,Pune,Mobile,No,Normal Transaction
904635,500000081,2026-07-11,21:54:31,UPI,43763,PhonePe,Kolkata,Mobile,No,Normal Transaction
904636,500000019,2026-03-17,15:33:21,Credit Card,46788,Paytm,Mumbai,POS,No,Normal Transaction
904637,500000051,2026-07-25,08:14:36,IMPS,48006,Reliance,Bengaluru,ATM,No,Normal Transaction
904638,500000060,2026-08-17,22:54:35,NEFT,22749,PhonePe,Pune,Laptop,No,Normal Transaction
904639,500000027,2026-12-26,16:03:26,NEFT,91277,Paytm,Kolkata,Laptop,No,Normal Transaction
904640,500000160,2026-06-04,09:04:20,ATM,39700,Swiggy,Lucknow,Laptop,No,Normal Transaction
904641,500000052,2026-04-05,22:46:07,ATM,7986,Amazon,Mumbai,POS,No,Normal Transaction
904642,500000093,2026-10-20,01:13:44,ATM,50319,Uber,Hyderabad,Mobile,No,Normal Transaction
904643,500000022,2026-05-21,16:47:16,NEFT,19541,DMart,Delhi,POS,No,Normal Transaction
904644,500000094,2026-11-20,18:42:40,Debit Card,93739,Flipkart,Pune,ATM,No,Normal Transaction
904645,500000080,2026-06-15,01:52:09,Debit Card,80512,Uber,Delhi,ATM,No,Normal Transaction
904646,500000082,2026-09-16,06:44:17,Credit Card,29916,PhonePe,Mumbai,Mobile,No,Normal Transaction
904647,500000096,2026-07-25,06:57:49,Credit Card,91603,Uber,Hyderabad,POS,Yes,Multiple Transactions
904648,500000044,2026-03-04,21:29:42,ATM,22368,Reliance,Lucknow,POS,No,Normal Transaction
904649,500000144,2026-06-20,23:52:52,IMPS,91774,DMart,Bengaluru,Laptop,No,Normal Transaction
904650,500000145,2026-01-16,02:58:27,RTGS,95448,Swiggy,Lucknow,POS,No,Normal Transaction
904651,500000015,2026-01-08,14:17:03,NEFT,11524,Swiggy,Bengaluru,Mobile,No,Normal Transaction
904652,500000115,2026-05-29,11:31:53,Credit Card,30700,IRCTC,Pune,POS,No,Normal Transaction
904653,500000022,2026-08-01,16:06:03,UPI,74817,IRCTC,Pune,Laptop,No,Normal Transaction
904654,500000033,2026-11-25,22:56:03,Debit Card,77472,Paytm,Pune,Mobile,No,Normal Transaction
904655,500000022,2026-06-21,08:01:26,IMPS,66942,Swiggy,Bengaluru,Mobile,No,Normal Transaction
904656,500000003,2026-05-23,11:58:52,RTGS,73561,Flipkart,Pune,Laptop,No,Normal Transaction
904657,500000046,2026-09-15,01:15:12,UPI,38934,IRCTC,Lucknow,POS,Yes,Midnight Transaction
904658,500000101,2026-09-06,11:49:01,NEFT,90953,PhonePe,Pune,ATM,No,Normal Transaction
904659,500000152,2026-02-25,17:13:57,NEFT,59125,Swiggy,Kolkata,Laptop,No,Normal Transaction
904660,500000157,2026-12-06,01:05:55,NEFT,56931,Amazon,Kolkata,Mobile,No,Normal Transaction
904661,500000139,2026-02-03,19:43:42,NEFT,76238,Uber,Delhi,ATM,No,Normal Transaction
904662,500000124,2026-05-15,14:02:30,IMPS,26406,DMart,Mumbai,POS,No,Normal Transaction
904663,500000006,2026-09-19,12:26:15,NEFT,87128,DMart,Lucknow,POS,No,Normal Transaction
904664,500000084,2026-02-08,15:36:14,Debit Card,50393,IRCTC,Mumbai,Mobile,No,Normal Transaction
904665,500000004,2026-06-27,10:53:09,Debit Card,34286,IRCTC,Kolkata,ATM,No,Normal Transaction
904666,500000128,2026-02-19,09:31:17,UPI,23312,Flipkart,Hyderabad,Mobile,No,Normal Transaction
904667,500000180,2026-08-18,23:41:30,NEFT,65080,DMart,Bengaluru,Laptop,No,Normal Transaction
904668,500000040,2026-01-09,21:53:58,IMPS,37056,IRCTC,Mumbai,Mobile,No,Normal Transaction
904669,500000047,2026-07-19,04:12:06,Credit Card,47709,Uber,Delhi,POS,No,Normal Transaction
904670,500000055,2026-10-14,21:38:29,IMPS,82039,Reliance,Hyderabad,ATM,No,Normal Transaction
904671,500000180,2026-12-21,13:59:17,NEFT,76114,IRCTC,Bengaluru,Laptop,No,Normal Transaction
904672,500000120,2026-08-18,00:57:17,RTGS,45034,Swiggy,Kolkata,Mobile,No,Normal Transaction
904673,500000128,2026-08-26,03:49:52,Debit Card,92881,PhonePe,Lucknow,Mobile,No,Normal Transaction
904674,500000008,2026-10-04,06:38:58,UPI,62543,Zomato,Pune,POS,No,Normal Transaction
904675,500000017,2026-12-25,17:38:43,IMPS,54402,Uber,Delhi,ATM,No,Normal Transaction
904676,500000172,2026-11-30,20:02:34,ATM,98168,PhonePe,Bengaluru,Mobile,No,Normal Transaction
904677,500000125,2026-03-03,01:44:05,ATM,79093,Zomato,Bengaluru,POS,No,Normal Transaction
904678,500000029,2026-04-17,15:16:41,Credit Card,75830,Paytm,Mumbai,Mobile,No,Normal Transaction
904679,500000179,2026-04-03,09:08:14,ATM,68523,Flipkart,Lucknow,POS,No,Normal Transaction
904680,500000053,2026-10-09,13:33:04,ATM,92050,PhonePe,Kolkata,Laptop,No,Normal Transaction
904681,500000074,2026-07-06,17:12:55,ATM,59589,Flipkart,Kolkata,ATM,No,Normal Transaction
904682,500000149,2026-08-01,13:09:12,NEFT,89768,IRCTC,Lucknow,POS,No,Normal Transaction
904683,500000173,2026-12-08,09:24:26,UPI,77454,Amazon,Lucknow,Mobile,No,Normal Transaction
904684,500000062,2026-09-27,08:15:55,IMPS,46726,DMart,Kolkata,POS,No,Normal Transaction
904685,500000075,2026-06-27,12:34:01,IMPS,88382,DMart,Mumbai,Laptop,No,Normal Transaction
904686,500000100,2026-06-19,03:39:45,Debit Card,35251,Amazon,Pune,Mobile,No,Normal Transaction
904687,500000052,2026-10-08,07:17:18,Credit Card,12109,Uber,Bengaluru,ATM,No,Normal Transaction
904688,500000136,2026-10-06,13:42:27,Credit Card,68380,Swiggy,Bengaluru,ATM,No,Normal Transaction
904689,500000172,2026-03-31,06:19:37,RTGS,54438,PhonePe,Hyderabad,Mobile,No,Normal Transaction
904690,500000017,2026-12-06,19:43:13,ATM,8543,Zomato,Mumbai,ATM,No,Normal Transaction
904691,500000096,2026-11-11,14:35:28,RTGS,50013,DMart,Bengaluru,Mobile,No,Normal Transaction
904692,500000152,2026-08-21,07:30:13,RTGS,83335,Uber,Hyderabad,Mobile,No,Normal Transaction
904693,500000145,2026-11-09,04:26:21,RTGS,85668,IRCTC,Pune,ATM,No,Normal Transaction
904694,500000008,2026-07-01,16:55:35,IMPS,76811,Amazon,Pune,ATM,No,Normal Transaction
904695,500000060,2026-02-01,11:55:01,Credit Card,49777,IRCTC,Pune,Mobile,No,Normal Transaction
904696,500000059,2026-12-28,11:48:31,UPI,76584,Paytm,Mumbai,Laptop,No,Normal Transaction
904697,500000024,2026-07-09,18:20:51,RTGS,9079,Swiggy,Pune,Mobile,No,Normal Transaction
904698,500000072,2026-11-13,09:35:30,Credit Card,12565,Reliance,Hyderabad,POS,No,Normal Transaction
904699,500000139,2026-12-12,04:02:02,UPI,56192,PhonePe,Kolkata,Laptop,No,Normal Transaction
904700,500000099,2026-11-26,12:23:13,UPI,31183,Swiggy,Kolkata,POS,No,Normal Transaction
904701,500000004,2026-08-05,22:31:06,NEFT,63649,Paytm,Delhi,ATM,No,Normal Transaction
904702,500000092,2026-06-17,02:37:32,ATM,69096,Swiggy,Hyderabad,POS,No,Normal Transaction
904703,500000116,2026-10-10,06:11:38,IMPS,56645,Reliance,Bengaluru,ATM,No,Normal Transaction
904704,500000177,2026-10-21,15:50:53,IMPS,85737,DMart,Mumbai,ATM,No,Normal Transaction
904705,500000113,2026-07-08,08:22:43,NEFT,1696,Zomato,Hyderabad,Mobile,No,Normal Transaction
904706,500000155,2026-04-07,01:08:00,UPI,25065,Amazon,Mumbai,ATM,No,Normal Transaction
904707,500000099,2026-08-29,13:22:07,UPI,32674,Zomato,Hyderabad,ATM,No,Normal Transaction
904708,500000004,2026-05-23,20:43:41,NEFT,77182,Amazon,Delhi,ATM,No,Normal Transaction
904709,500000076,2026-05-27,01:09:39,Credit Card,22788,Flipkart,Lucknow,Laptop,No,Normal Transaction
904710,500000085,2026-04-14,15:16:00,ATM,90506,Reliance,Mumbai,ATM,No,Normal Transaction
904711,500000034,2026-03-03,06:55:17,ATM,51443,Amazon,Delhi,Laptop,No,Normal Transaction
904712,500000132,2026-10-18,12:03:17,ATM,50138,Amazon,Pune,Mobile,No,Normal Transaction
904713,500000175,2026-09-10,09:23:04,NEFT,37143,Paytm,Bengaluru,ATM,No,Normal Transaction
904714,500000173,2026-12-10,12:52:36,RTGS,13647,Paytm,Mumbai,POS,No,Normal Transaction
904715,500000073,2026-08-05,22:05:06,ATM,53197,Amazon,Lucknow,Laptop,No,Normal Transaction
904716,500000027,2026-03-18,13:10:41,RTGS,47737,DMart,Mumbai,POS,No,Normal Transaction
904717,500000099,2026-12-04,15:46:50,RTGS,97907,Reliance,Hyderabad,Mobile,No,Normal Transaction
904718,500000109,2026-11-30,16:03:07,UPI,15896,IRCTC,Bengaluru,Laptop,No,Normal Transaction
904719,500000109,2026-05-05,07:19:08,Debit Card,72749,Swiggy,Bengaluru,Mobile,No,Normal Transaction
904720,500000092,2026-12-18,21:36:55,RTGS,28038,Uber,Delhi,Laptop,No,Normal Transaction
904721,500000082,2026-05-01,16:47:05,UPI,26989,Paytm,Kolkata,ATM,No,Normal Transaction
904722,500000107,2026-10-09,12:41:45,Debit Card,58187,Swiggy,Mumbai,Mobile,No,Normal Transaction
904723,500000144,2026-11-08,10:28:13,IMPS,47873,Reliance,Hyderabad,Mobile,No,Normal Transaction
904724,500000031,2026-06-15,11:25:19,IMPS,74389,PhonePe,Hyderabad,POS,Yes,High Amount
904725,500000129,2026-08-30,17:23:43,ATM,36489,Flipkart,Pune,Mobile,No,Normal Transaction
904726,500000019,2026-12-19,10:34:36,NEFT,29514,IRCTC,Bengaluru,ATM,No,Normal Transaction
904727,500000068,2026-01-05,00:39:25,Credit Card,69513,Flipkart,Pune,POS,No,Normal Transaction
904728,500000172,2026-01-16,14:38:01,RTGS,26622,Flipkart,Pune,Laptop,No,Normal Transaction
904729,500000010,2026-11-25,19:46:11,RTGS,56637,Amazon,Pune,POS,No,Normal Transaction
904730,500000118,2026-12-14,23:56:41,IMPS,75254,Paytm,Lucknow,Mobile,No,Normal Transaction
904731,500000119,2026-12-19,21:47:24,UPI,30806,Flipkart,Pune,Mobile,No,Normal Transaction
904732,500000001,2026-03-12,11:18:58,IMPS,84690,PhonePe,Kolkata,Mobile,No,Normal Transaction
904733,500000024,2026-11-21,02:02:31,Credit Card,92418,Swiggy,Kolkata,POS,No,Normal Transaction
904734,500000116,2026-07-05,10:37:09,Debit Card,41728,Zomato,Mumbai,Mobile,No,Normal Transaction
904735,500000156,2026-01-08,10:29:56,RTGS,35046,Swiggy,Mumbai,Mobile,No,Normal Transaction
904736,500000093,2026-10-17,05:43:31,NEFT,18979,PhonePe,Lucknow,POS,No,Normal Transaction
904737,500000149,2026-03-19,03:06:35,Debit Card,37761,DMart,Delhi,ATM,No,Normal Transaction
904738,500000079,2026-05-09,05:59:00,Credit Card,82870,Amazon,Bengaluru,POS,No,Normal Transaction
904739,500000021,2026-11-02,09:55:29,UPI,47089,Flipkart,Mumbai,Mobile,No,Normal Transaction
904740,500000063,2026-07-22,06:55:22,Debit Card,67096,Amazon,Pune,Laptop,No,Normal Transaction
904741,500000093,2026-08-04,03:16:05,Credit Card,39377,Paytm,Bengaluru,ATM,No,Normal Transaction
904742,500000109,2026-01-02,05:57:53,NEFT,98246,Amazon,Bengaluru,POS,No,Normal Transaction
904743,500000155,2026-12-08,07:40:03,NEFT,12016,Swiggy,Lucknow,Mobile,No,Normal Transaction
904744,500000013,2026-07-30,05:36:29,NEFT,80112,Swiggy,Mumbai,Laptop,No,Normal Transaction
904745,500000016,2026-12-23,04:47:43,Debit Card,30695,PhonePe,Pune,Laptop,No,Normal Transaction
904746,500000124,2026-12-20,13:07:24,Credit Card,35596,Swiggy,Hyderabad,Laptop,No,Normal Transaction
904747,500000074,2026-05-06,22:06:18,RTGS,70255,Paytm,Kolkata,Laptop,No,Normal Transaction
904748,500000141,2026-03-18,21:18:56,Debit Card,17562,Paytm,Hyderabad,Mobile,No,Normal Transaction
904749,500000009,2026-04-01,13:51:46,RTGS,62338,PhonePe,Lucknow,ATM,No,Normal Transaction
904750,500000025,2026-01-01,09:12:38,UPI,73185,Zomato,Lucknow,ATM,No,Normal Transaction
904751,500000016,2026-09-30,08:57:58,Debit Card,24820,Zomato,Pune,ATM,No,Normal Transaction
904752,500000085,2026-02-13,23:26:05,UPI,69062,PhonePe,Bengaluru,Laptop,No,Normal Transaction
904753,500000025,2026-02-26,11:52:28,ATM,63654,DMart,Mumbai,POS,No,Normal Transaction
904754,500000157,2026-09-07,05:59:04,Credit Card,95342,Paytm,Lucknow,POS,No,Normal Transaction
904755,500000024,2026-09-19,09:17:24,IMPS,77981,IRCTC,Bengaluru,ATM,No,Normal Transaction
904756,500000142,2026-03-22,10:29:47,IMPS,35021,DMart,Hyderabad,POS,No,Normal Transaction
904757,500000167,2026-01-06,01:01:28,ATM,80390,Amazon,Kolkata,POS,No,Normal Transaction
904758,500000171,2026-02-20,12:56:59,RTGS,43173,Paytm,Bengaluru,POS,No,Normal Transaction
904759,500000044,2026-05-28,10:12:01,ATM,5117,Swiggy,Bengaluru,ATM,No,Normal Transaction
904760,500000032,2026-02-23,06:44:10,Debit Card,92021,Amazon,Pune,POS,No,Normal Transaction
904761,500000066,2026-10-06,10:31:31,Debit Card,19821,Zomato,Pune,Laptop,No,Normal Transaction
904762,500000006,2026-09-26,10:43:12,Credit Card,34677,Reliance,Lucknow,Laptop,No,Normal Transaction
904763,500000176,2026-12-24,12:37:07,IMPS,53966,Uber,Kolkata,Mobile,No,Normal Transaction
904764,500000045,2026-08-31,21:44:28,NEFT,36209,Reliance,Lucknow,Mobile,No,Normal Transaction
904765,500000022,2026-04-16,21:23:34,ATM,53226,PhonePe,Kolkata,Mobile,No,Normal Transaction
904766,500000019,2026-12-14,15:51:57,IMPS,10382,Paytm,Delhi,POS,No,Normal Transaction
904767,500000012,2026-09-03,05:27:45,ATM,48774,Flipkart,Delhi,Laptop,No,Normal Transaction
904768,500000140,2026-01-18,04:14:55,IMPS,58144,Paytm,Bengaluru,POS,No,Normal Transaction
904769,500000136,2026-09-11,10:40:32,UPI,96508,DMart,Delhi,POS,No,Normal Transaction
904770,500000172,2026-03-07,12:46:25,ATM,4615,Swiggy,Pune,POS,No,Normal Transaction
904771,500000180,2026-01-17,18:05:04,UPI,13419,Zomato,Lucknow,ATM,No,Normal Transaction
904772,500000051,2026-08-05,12:25:11,RTGS,87438,Swiggy,Lucknow,POS,No,Normal Transaction
904773,500000148,2026-05-25,08:29:01,IMPS,78035,DMart,Lucknow,ATM,No,Normal Transaction
904774,500000115,2026-02-23,21:20:32,IMPS,34494,Uber,Mumbai,ATM,No,Normal Transaction
904775,500000087,2026-03-31,01:41:02,RTGS,90894,Reliance,Lucknow,POS,No,Normal Transaction
904776,500000100,2026-01-09,15:46:05,Credit Card,29482,Zomato,Hyderabad,Laptop,No,Normal Transaction
904777,500000035,2026-04-20,20:35:10,Debit Card,76110,Flipkart,Lucknow,Mobile,No,Normal Transaction
904778,500000027,2026-10-11,08:06:28,RTGS,1924,Reliance,Hyderabad,ATM,No,Normal Transaction
904779,500000084,2026-03-23,14:13:05,Credit Card,2678,Amazon,Mumbai,Laptop,No,Normal Transaction
904780,500000170,2026-11-01,07:21:10,UPI,18566,PhonePe,Hyderabad,ATM,No,Normal Transaction
904781,500000136,2026-04-07,19:25:42,IMPS,1957,Paytm,Pune,Mobile,No,Normal Transaction
904782,500000115,2026-03-13,08:10:51,RTGS,67149,Amazon,Hyderabad,Laptop,No,Normal Transaction
904783,500000176,2026-08-02,16:27:03,ATM,72844,Swiggy,Lucknow,Laptop,No,Normal Transaction
904784,500000173,2026-01-09,12:47:02,Credit Card,86039,Swiggy,Lucknow,Mobile,No,Normal Transaction
904785,500000038,2026-11-13,08:55:10,ATM,2380,Reliance,Kolkata,Laptop,No,Normal Transaction
904786,500000003,2026-06-30,10:36:36,NEFT,7450,DMart,Delhi,Laptop,No,Normal Transaction
904787,500000141,2026-10-10,08:49:39,NEFT,2471,Uber,Kolkata,Mobile,No,Normal Transaction
904788,500000035,2026-10-19,11:24:30,NEFT,17467,Amazon,Bengaluru,Mobile,No,Normal Transaction
904789,500000171,2026-01-13,07:29:13,UPI,22661,Swiggy,Lucknow,Laptop,No,Normal Transaction
904790,500000047,2026-02-17,04:16:31,Credit Card,16319,Amazon,Mumbai,Laptop,No,Normal Transaction
904791,500000087,2026-03-11,14:18:23,ATM,77570,Reliance,Kolkata,Laptop,No,Normal Transaction
904792,500000173,2026-12-20,14:32:36,Debit Card,19016,Paytm,Mumbai,POS,No,Normal Transaction
904793,500000069,2026-01-25,10:47:29,RTGS,81688,Uber,Bengaluru,Mobile,No,Normal Transaction
904794,500000060,2026-01-24,18:30:55,RTGS,98643,Paytm,Bengaluru,Mobile,No,Normal Transaction
904795,500000154,2026-04-03,14:37:29,RTGS,44973,Zomato,Lucknow,ATM,No,Normal Transaction
904796,500000136,2026-09-12,00:00:32,Debit Card,800,IRCTC,Bengaluru,POS,No,Normal Transaction
904797,500000164,2026-09-05,12:09:33,NEFT,98109,DMart,Kolkata,ATM,No,Normal Transaction
904798,500000042,2026-03-30,03:41:04,NEFT,92768,Reliance,Bengaluru,Mobile,No,Normal Transaction
904799,500000045,2026-10-22,00:20:06,UPI,53789,Flipkart,Bengaluru,Mobile,No,Normal Transaction
904800,500000015,2026-02-14,21:21:08,NEFT,60929,DMart,Pune,Laptop,No,Normal Transaction
904801,500000037,2026-05-13,15:09:34,ATM,71551,Zomato,Hyderabad,ATM,No,Normal Transaction
904802,500000176,2026-12-16,11:27:09,IMPS,15946,Zomato,Hyderabad,POS,No,Normal Transaction
904803,500000006,2026-07-25,14:18:42,Debit Card,15320,Paytm,Kolkata,Mobile,No,Normal Transaction
904804,500000177,2026-06-14,07:17:05,IMPS,94382,IRCTC,Pune,ATM,No,Normal Transaction
904805,500000099,2026-08-13,22:27:36,ATM,32465,Zomato,Kolkata,Mobile,No,Normal Transaction
904806,500000041,2026-05-29,18:22:55,ATM,45676,Paytm,Lucknow,POS,No,Normal Transaction
904807,500000134,2026-02-24,23:35:12,RTGS,55071,IRCTC,Bengaluru,Laptop,No,Normal Transaction
904808,500000057,2026-09-28,01:27:58,Debit Card,7831,PhonePe,Bengaluru,Mobile,No,Normal Transaction
904809,500000072,2026-12-14,17:12:38,UPI,84945,Reliance,Lucknow,Mobile,No,Normal Transaction
904810,500000057,2026-06-20,22:26:12,NEFT,2426,Flipkart,Pune,ATM,No,Normal Transaction
904811,500000145,2026-05-05,12:47:21,NEFT,26757,DMart,Lucknow,Laptop,No,Normal Transaction
904812,500000001,2026-02-15,01:53:39,Credit Card,28115,Zomato,Pune,ATM,No,Normal Transaction
904813,500000032,2026-04-10,17:46:15,UPI,5976,IRCTC,Hyderabad,ATM,No,Normal Transaction
904814,500000134,2026-03-01,02:10:11,UPI,89557,Uber,Mumbai,POS,No,Normal Transaction
904815,500000109,2026-01-05,20:14:49,RTGS,55322,PhonePe,Bengaluru,Mobile,No,Normal Transaction
904816,500000163,2026-04-27,21:34:15,NEFT,24642,Zomato,Lucknow,Mobile,No,Normal Transaction
904817,500000029,2026-08-04,22:40:56,UPI,30741,DMart,Kolkata,Laptop,No,Normal Transaction
904818,500000046,2026-01-09,00:01:43,UPI,67129,Zomato,Delhi,POS,No,Normal Transaction
904819,500000039,2026-12-29,19:39:13,Credit Card,79019,Paytm,Mumbai,ATM,No,Normal Transaction
904820,500000125,2026-04-06,11:20:57,UPI,16897,PhonePe,Pune,POS,No,Normal Transaction
904821,500000133,2026-05-29,00:56:59,Debit Card,42733,Reliance,Bengaluru,Laptop,No,Normal Transaction
904822,500000173,2026-04-29,05:20:23,NEFT,34315,Zomato,Lucknow,POS,No,Normal Transaction
904823,500000003,2026-10-09,08:15:22,Debit Card,31162,Amazon,Delhi,ATM,No,Normal Transaction
904824,500000143,2026-04-05,07:54:41,IMPS,65069,Flipkart,Hyderabad,Mobile,No,Normal Transaction
904825,500000099,2026-10-06,06:08:51,Credit Card,30876,Uber,Bengaluru,Laptop,No,Normal Transaction
904826,500000001,2026-12-17,15:33:56,NEFT,78760,PhonePe,Delhi,Laptop,No,Normal Transaction
904827,500000095,2026-11-10,02:47:52,UPI,94000,DMart,Mumbai,POS,No,Normal Transaction
904828,500000134,2026-08-08,17:25:46,UPI,24390,Uber,Kolkata,Laptop,No,Normal Transaction
904829,500000066,2026-08-23,20:49:20,IMPS,56001,Zomato,Delhi,Mobile,No,Normal Transaction
904830,500000169,2026-07-14,11:39:59,ATM,85352,Amazon,Delhi,Laptop,No,Normal Transaction
904831,500000047,2026-07-11,07:06:08,NEFT,18557,Amazon,Delhi,Mobile,No,Normal Transaction
904832,500000168,2026-04-04,23:37:00,UPI,27000,Swiggy,Mumbai,ATM,No,Normal Transaction
904833,500000060,2026-06-05,16:21:27,IMPS,53166,Flipkart,Lucknow,ATM,No,Normal Transaction
904834,500000180,2026-12-28,20:10:50,RTGS,16442,Uber,Mumbai,POS,No,Normal Transaction
904835,500000007,2026-04-28,08:20:02,IMPS,9271,IRCTC,Pune,ATM,No,Normal Transaction
904836,500000063,2026-06-07,16:58:48,ATM,2047,Zomato,Pune,POS,No,Normal Transaction
904837,500000014,2026-01-03,18:30:39,Debit Card,99500,Uber,Pune,Laptop,No,Normal Transaction
904838,500000067,2026-09-05,03:55:27,UPI,40871,Amazon,Lucknow,Mobile,No,Normal Transaction
904839,500000007,2026-10-18,06:28:53,UPI,67933,Swiggy,Delhi,Mobile,No,Normal Transaction
904840,500000138,2026-09-05,22:12:00,NEFT,67280,Uber,Mumbai,POS,No,Normal Transaction
904841,500000147,2026-11-07,21:25:57,IMPS,24389,Reliance,Pune,ATM,No,Normal Transaction
904842,500000105,2026-02-13,06:07:00,UPI,4243,Uber,Delhi,Mobile,No,Normal Transaction
904843,500000061,2026-09-14,08:03:17,Debit Card,58296,Swiggy,Pune,Mobile,No,Normal Transaction
904844,500000002,2026-07-30,11:20:36,ATM,18416,IRCTC,Lucknow,Laptop,No,Normal Transaction
904845,500000078,2026-11-25,09:32:10,IMPS,75760,PhonePe,Delhi,POS,No,Normal Transaction
904846,500000167,2026-10-28,07:55:12,UPI,31443,Zomato,Delhi,Mobile,No,Normal Transaction
904847,500000002,2026-05-28,01:00:30,Credit Card,72546,Paytm,Mumbai,ATM,No,Normal Transaction
904848,500000029,2026-12-26,07:40:39,UPI,51607,Swiggy,Pune,Laptop,No,Normal Transaction
904849,500000011,2026-02-22,01:23:49,NEFT,34241,DMart,Delhi,Mobile,No,Normal Transaction
904850,500000172,2026-09-04,01:04:40,ATM,67453,Zomato,Lucknow,Mobile,No,Normal Transaction
904851,500000062,2026-06-06,10:10:54,RTGS,42268,Paytm,Hyderabad,POS,No,Normal Transaction
904852,500000030,2026-08-31,05:09:55,ATM,92388,Paytm,Mumbai,Mobile,No,Normal Transaction
904853,500000073,2026-08-30,09:29:57,RTGS,47465,Swiggy,Mumbai,ATM,No,Normal Transaction
904854,500000116,2026-04-28,20:11:29,Debit Card,23818,DMart,Kolkata,Laptop,No,Normal Transaction
904855,500000151,2026-10-03,08:39:51,Debit Card,49179,PhonePe,Hyderabad,Mobile,No,Normal Transaction
904856,500000089,2026-10-09,08:47:04,RTGS,93487,IRCTC,Pune,POS,No,Normal Transaction
904857,500000097,2026-05-18,17:14:13,ATM,363,Zomato,Kolkata,ATM,No,Normal Transaction
904858,500000111,2026-08-23,13:37:33,RTGS,88117,Swiggy,Pune,POS,No,Normal Transaction
904859,500000162,2026-02-16,02:21:13,Debit Card,58887,PhonePe,Delhi,Mobile,No,Normal Transaction
904860,500000038,2026-06-03,14:40:32,RTGS,4705,Reliance,Pune,Laptop,No,Normal Transaction
904861,500000052,2026-09-25,13:04:17,ATM,34122,Paytm,Lucknow,ATM,No,Normal Transaction
904862,500000010,2026-01-16,07:36:58,RTGS,96213,PhonePe,Hyderabad,ATM,No,Normal Transaction
904863,500000082,2026-12-18,21:47:04,NEFT,55128,Flipkart,Mumbai,Laptop,No,Normal Transaction
904864,500000033,2026-09-08,13:06:54,IMPS,65805,DMart,Hyderabad,Laptop,No,Normal Transaction
904865,500000157,2026-10-14,14:06:17,Debit Card,84587,DMart,Pune,ATM,No,Normal Transaction
904866,500000080,2026-07-15,08:36:11,UPI,45846,Zomato,Pune,Laptop,No,Normal Transaction
904867,500000103,2026-01-30,01:05:09,RTGS,62135,Reliance,Bengaluru,ATM,No,Normal Transaction
904868,500000004,2026-07-04,19:11:35,ATM,24245,Flipkart,Mumbai,ATM,No,Normal Transaction
904869,500000127,2026-05-26,09:27:59,ATM,98967,IRCTC,Pune,Laptop,No,Normal Transaction
904870,500000065,2026-02-13,19:11:16,Credit Card,24326,Zomato,Pune,Laptop,No,Normal Transaction
904871,500000089,2026-04-14,06:44:51,Credit Card,25381,Reliance,Delhi,Laptop,No,Normal Transaction
904872,500000003,2026-02-19,04:44:21,UPI,91150,PhonePe,Pune,POS,No,Normal Transaction
904873,500000062,2026-09-02,21:14:34,ATM,36987,Flipkart,Mumbai,ATM,No,Normal Transaction
904874,500000062,2026-01-05,09:09:45,Debit Card,48926,Uber,Delhi,Mobile,No,Normal Transaction
904875,500000123,2026-07-16,04:22:50,Credit Card,9636,Paytm,Delhi,Mobile,No,Normal Transaction
904876,500000103,2026-11-19,18:01:41,IMPS,51769,Flipkart,Bengaluru,POS,No,Normal Transaction
904877,500000100,2026-02-24,14:46:52,UPI,6692,Amazon,Kolkata,Mobile,No,Normal Transaction
904878,500000135,2026-12-14,19:29:30,ATM,2786,Reliance,Bengaluru,Mobile,No,Normal Transaction
904879,500000134,2026-09-19,02:37:46,UPI,82145,IRCTC,Bengaluru,POS,No,Normal Transaction
904880,500000053,2026-03-13,08:57:52,ATM,90937,Flipkart,Delhi,Laptop,No,Normal Transaction
904881,500000071,2026-04-30,07:28:10,UPI,1126,Uber,Bengaluru,Mobile,No,Normal Transaction
904882,500000168,2026-12-13,04:30:45,IMPS,64113,DMart,Delhi,ATM,No,Normal Transaction
904883,500000049,2026-03-25,14:48:45,NEFT,61597,PhonePe,Pune,POS,No,Normal Transaction
904884,500000179,2026-03-06,08:09:22,Debit Card,13538,Flipkart,Lucknow,Laptop,No,Normal Transaction
904885,500000013,2026-02-01,08:23:18,Debit Card,54611,Swiggy,Delhi,Laptop,No,Normal Transaction
904886,500000012,2026-11-04,02:47:11,Credit Card,21328,Reliance,Lucknow,Laptop,No,Normal Transaction
904887,500000131,2026-05-01,11:44:28,UPI,74400,Swiggy,Hyderabad,POS,No,Normal Transaction
904888,500000062,2026-11-19,04:39:32,Debit Card,29898,DMart,Pune,POS,No,Normal Transaction
904889,500000096,2026-06-07,15:55:28,RTGS,75572,PhonePe,Lucknow,Laptop,No,Normal Transaction
904890,500000128,2026-11-19,06:30:45,Credit Card,52300,Paytm,Kolkata,Mobile,No,Normal Transaction
904891,500000039,2026-05-01,02:21:03,ATM,96754,PhonePe,Kolkata,ATM,No,Normal Transaction
904892,500000131,2026-04-06,23:05:16,Debit Card,35482,Amazon,Mumbai,Laptop,No,Normal Transaction
904893,500000037,2026-02-06,16:57:20,IMPS,50023,Flipkart,Delhi,ATM,No,Normal Transaction
904894,500000015,2026-09-24,22:25:16,NEFT,56379,PhonePe,Hyderabad,Mobile,No,Normal Transaction
904895,500000127,2026-06-09,06:52:59,ATM,39429,IRCTC,Hyderabad,POS,No,Normal Transaction
904896,500000141,2026-10-11,05:10:18,NEFT,55346,IRCTC,Bengaluru,POS,No,Normal Transaction
904897,500000018,2026-11-25,09:50:36,NEFT,31125,Reliance,Kolkata,ATM,No,Normal Transaction
904898,500000127,2026-03-25,19:25:29,Credit Card,31738,Reliance,Lucknow,ATM,No,Normal Transaction
904899,500000066,2026-07-11,09:40:59,RTGS,83664,Reliance,Kolkata,Laptop,No,Normal Transaction
904900,500000145,2026-09-10,12:35:53,Debit Card,27752,Swiggy,Lucknow,Mobile,No,Normal Transaction
904901,500000006,2026-08-13,18:16:21,Credit Card,25408,PhonePe,Lucknow,Mobile,No,Normal Transaction
904902,500000052,2026-05-15,05:36:28,ATM,50514,Uber,Mumbai,ATM,No,Normal Transaction
904903,500000178,2026-07-16,21:03:04,RTGS,32735,PhonePe,Hyderabad,POS,No,Normal Transaction
904904,500000078,2026-10-30,18:34:02,RTGS,42316,Paytm,Mumbai,POS,No,Normal Transaction
904905,500000169,2026-03-19,21:52:30,NEFT,2198,Flipkart,Mumbai,ATM,No,Normal Transaction
904906,500000008,2026-10-19,23:22:55,ATM,37514,Reliance,Lucknow,ATM,No,Normal Transaction
904907,500000169,2026-07-10,21:48:23,UPI,92458,Uber,Mumbai,Laptop,No,Normal Transaction
904908,500000008,2026-09-02,17:11:39,Credit Card,34617,Amazon,Kolkata,Mobile,No,Normal Transaction
904909,500000020,2026-04-05,06:07:47,ATM,40029,PhonePe,Hyderabad,Mobile,No,Normal Transaction
904910,500000038,2026-05-05,08:34:38,NEFT,39589,Uber,Hyderabad,Laptop,No,Normal Transaction
904911,500000017,2026-09-07,23:24:58,Credit Card,98583,Paytm,Lucknow,ATM,No,Normal Transaction
904912,500000027,2026-11-03,12:52:07,UPI,15255,Amazon,Pune,ATM,No,Normal Transaction
904913,500000071,2026-01-20,05:29:34,Credit Card,10281,Zomato,Delhi,Laptop,No,Normal Transaction
904914,500000044,2026-10-30,15:21:47,NEFT,42522,PhonePe,Hyderabad,POS,No,Normal Transaction
904915,500000152,2026-08-06,05:46:27,ATM,71386,Amazon,Delhi,ATM,No,Normal Transaction
904916,500000103,2026-09-25,10:34:45,NEFT,65666,Zomato,Mumbai,POS,No,Normal Transaction
904917,500000119,2026-04-09,17:58:44,RTGS,63959,Flipkart,Hyderabad,Mobile,No,Normal Transaction
904918,500000073,2026-12-16,05:25:42,Credit Card,74757,IRCTC,Pune,Laptop,No,Normal Transaction
904919,500000064,2026-01-24,04:21:20,RTGS,89557,PhonePe,Lucknow,Mobile,No,Normal Transaction
904920,500000150,2026-06-11,09:03:14,RTGS,11212,Amazon,Pune,Mobile,No,Normal Transaction
904921,500000016,2026-10-22,19:23:08,IMPS,81945,Flipkart,Delhi,POS,No,Normal Transaction
904922,500000015,2026-01-19,17:01:33,IMPS,38023,Paytm,Hyderabad,Laptop,No,Normal Transaction
904923,500000020,2026-09-18,17:43:29,IMPS,12011,Reliance,Mumbai,POS,No,Normal Transaction
904924,500000081,2026-03-27,05:08:05,RTGS,29844,Amazon,Delhi,Laptop,No,Normal Transaction
904925,500000064,2026-07-03,19:14:56,Credit Card,85117,IRCTC,Mumbai,Mobile,No,Normal Transaction
904926,500000048,2026-04-19,03:56:43,RTGS,12000,Swiggy,Delhi,Laptop,No,Normal Transaction
904927,500000061,2026-12-21,11:45:22,Credit Card,35860,Uber,Pune,ATM,No,Normal Transaction
904928,500000127,2026-12-23,07:18:53,NEFT,41311,Amazon,Hyderabad,Mobile,No,Normal Transaction
904929,500000117,2026-12-20,20:27:22,IMPS,99439,Flipkart,Bengaluru,Laptop,No,Normal Transaction
904930,500000124,2026-10-31,07:51:48,IMPS,4234,Amazon,Lucknow,Mobile,No,Normal Transaction
904931,500000163,2026-10-10,11:34:13,Credit Card,63936,Flipkart,Hyderabad,ATM,No,Normal Transaction
904932,500000001,2026-12-19,00:40:58,RTGS,43169,Flipkart,Mumbai,ATM,No,Normal Transaction
904933,500000030,2026-07-15,10:43:10,ATM,76639,IRCTC,Delhi,Laptop,Yes,Midnight Transaction
904934,500000139,2026-10-01,02:14:46,RTGS,7508,Swiggy,Mumbai,Laptop,No,Normal Transaction
904935,500000161,2026-05-23,20:21:16,Debit Card,12768,Amazon,Bengaluru,POS,No,Normal Transaction
904936,500000100,2026-09-15,23:16:38,NEFT,82826,Zomato,Delhi,POS,No,Normal Transaction
904937,500000030,2026-06-14,13:30:17,NEFT,88822,Paytm,Delhi,Laptop,No,Normal Transaction
904938,500000144,2026-06-12,19:52:02,NEFT,78037,Swiggy,Lucknow,Mobile,No,Normal Transaction
904939,500000136,2026-06-07,09:44:41,ATM,77908,Swiggy,Bengaluru,Laptop,No,Normal Transaction
904940,500000118,2026-06-15,03:54:06,Debit Card,50217,Amazon,Kolkata,Laptop,Yes,High Amount
904941,500000079,2026-09-15,08:08:18,NEFT,2678,Paytm,Kolkata,Laptop,No,Normal Transaction
904942,500000151,2026-02-24,20:08:58,ATM,97837,DMart,Lucknow,ATM,No,Normal Transaction
904943,500000114,2026-10-21,23:12:40,ATM,44494,IRCTC,Hyderabad,Laptop,No,Normal Transaction
904944,500000042,2026-05-20,18:30:45,RTGS,77035,PhonePe,Delhi,Laptop,No,Normal Transaction
904945,500000118,2026-07-06,03:54:25,Credit Card,49347,Zomato,Kolkata,ATM,No,Normal Transaction
904946,500000137,2026-12-29,12:54:20,ATM,53687,Flipkart,Delhi,ATM,No,Normal Transaction
904947,500000140,2026-08-11,16:00:39,UPI,33508,Flipkart,Mumbai,Laptop,No,Normal Transaction
904948,500000169,2026-04-28,21:17:43,RTGS,25741,IRCTC,Bengaluru,Mobile,No,Normal Transaction
904949,500000077,2026-07-16,23:27:40,Credit Card,10406,Zomato,Pune,ATM,No,Normal Transaction
904950,500000113,2026-08-13,11:32:44,NEFT,96660,PhonePe,Kolkata,Mobile,No,Normal Transaction
904951,500000100,2026-09-06,06:27:01,Credit Card,11940,Amazon,Bengaluru,Mobile,No,Normal Transaction
904952,500000062,2026-03-22,14:18:21,Credit Card,20166,Amazon,Delhi,Laptop,No,Normal Transaction
904953,500000035,2026-04-16,18:37:14,UPI,99647,Swiggy,Kolkata,POS,No,Normal Transaction
904954,500000154,2026-09-30,15:03:27,RTGS,89649,Uber,Lucknow,Laptop,No,Normal Transaction
904955,500000098,2026-04-29,14:41:31,ATM,31233,PhonePe,Mumbai,Mobile,No,Normal Transaction
904956,500000082,2026-05-02,06:03:04,RTGS,83306,Uber,Delhi,POS,No,Normal Transaction
904957,500000143,2026-01-16,17:31:05,Debit Card,41633,Flipkart,Kolkata,ATM,No,Normal Transaction
904958,500000167,2026-09-15,19:51:22,RTGS,18413,Amazon,Lucknow,ATM,No,Normal Transaction
904959,500000155,2026-10-14,20:34:16,UPI,22911,Paytm,Hyderabad,POS,No,Normal Transaction
904960,500000048,2026-01-13,16:59:46,Debit Card,84724,Swiggy,Bengaluru,Mobile,Yes,Multiple Transactions
904961,500000018,2026-08-05,22:26:01,UPI,64414,Uber,Pune,Mobile,No,Normal Transaction
904962,500000096,2026-12-11,13:48:22,Debit Card,10373,IRCTC,Lucknow,Mobile,No,Normal Transaction
904963,500000126,2026-07-18,21:17:34,Credit Card,78606,PhonePe,Bengaluru,ATM,No,Normal Transaction
904964,500000175,2026-02-14,19:50:31,Credit Card,21276,Paytm,Kolkata,ATM,No,Normal Transaction
904965,500000002,2026-03-17,05:01:15,Credit Card,59801,Flipkart,Kolkata,POS,No,Normal Transaction
904966,500000045,2026-05-17,23:51:52,UPI,56824,DMart,Kolkata,Mobile,No,Normal Transaction
904967,500000026,2026-12-26,21:51:50,ATM,36663,Reliance,Kolkata,POS,No,Normal Transaction
904968,500000097,2026-08-26,20:39:22,IMPS,14790,PhonePe,Kolkata,ATM,No,Normal Transaction
904969,500000072,2026-06-22,19:17:26,Debit Card,69632,DMart,Delhi,Laptop,No,Normal Transaction
904970,500000006,2026-04-29,23:49:37,NEFT,81589,Flipkart,Delhi,ATM,No,Normal Transaction
904971,500000179,2026-03-14,09:35:49,ATM,38280,Amazon,Hyderabad,ATM,No,Normal Transaction
904972,500000011,2026-06-30,14:37:03,ATM,82974,PhonePe,Kolkata,ATM,No,Normal Transaction
904973,500000074,2026-10-22,03:17:45,RTGS,99355,Zomato,Bengaluru,Mobile,No,Normal Transaction
904974,500000067,2026-03-08,14:08:34,ATM,48367,IRCTC,Lucknow,ATM,No,Normal Transaction
904975,500000121,2026-08-06,14:37:40,ATM,22466,IRCTC,Kolkata,Laptop,No,Normal Transaction
904976,500000082,2026-11-11,04:35:09,Debit Card,59097,IRCTC,Lucknow,POS,No,Normal Transaction
904977,500000155,2026-12-02,12:29:18,ATM,74278,PhonePe,Delhi,Laptop,No,Normal Transaction
904978,500000062,2026-05-27,14:23:29,NEFT,55624,Paytm,Pune,POS,No,Normal Transaction
904979,500000136,2026-06-08,10:28:58,UPI,41246,DMart,Delhi,POS,No,Normal Transaction
904980,500000064,2026-07-18,23:03:59,UPI,8589,Zomato,Delhi,POS,No,Normal Transaction
904981,500000110,2026-05-26,06:15:08,RTGS,37310,DMart,Mumbai,POS,No,Normal Transaction
904982,500000118,2026-12-09,12:36:18,RTGS,40576,Zomato,Delhi,Laptop,No,Normal Transaction
904983,500000021,2026-06-28,05:52:00,UPI,44883,Amazon,Lucknow,ATM,No,Normal Transaction
904984,500000073,2026-03-19,00:46:17,NEFT,13926,Amazon,Hyderabad,Mobile,No,Normal Transaction
904985,500000042,2026-02-19,06:31:46,UPI,41440,Amazon,Mumbai,Mobile,No,Normal Transaction
904986,500000094,2026-06-10,21:06:58,Debit Card,84651,Flipkart,Pune,ATM,No,Normal Transaction
904987,500000175,2026-02-25,03:00:39,UPI,6320,Zomato,Bengaluru,ATM,No,Normal Transaction
904988,500000105,2026-04-16,18:29:01,Debit Card,2932,PhonePe,Lucknow,ATM,No,Normal Transaction
904989,500000010,2026-07-07,07:25:45,UPI,40173,PhonePe,Hyderabad,Laptop,No,Normal Transaction
904990,500000056,2026-09-06,11:33:59,RTGS,21031,Amazon,Kolkata,ATM,No,Normal Transaction
904991,500000007,2026-04-13,10:18:36,ATM,36316,Flipkart,Hyderabad,POS,No,Normal Transaction
904992,500000114,2026-01-04,06:17:04,NEFT,94217,Flipkart,Lucknow,POS,No,Normal Transaction
904993,500000171,2026-09-07,13:52:42,NEFT,74199,Amazon,Bengaluru,ATM,No,Normal Transaction
904994,500000099,2026-09-18,12:48:25,RTGS,1804,Reliance,Pune,POS,No,Normal Transaction
904995,500000035,2026-10-30,05:03:20,Debit Card,21651,IRCTC,Hyderabad,Mobile,No,Normal Transaction
904996,500000019,2026-11-27,20:41:16,Debit Card,17831,Reliance,Delhi,ATM,No,Normal Transaction
904997,500000151,2026-12-08,05:59:16,IMPS,14508,DMart,Bengaluru,ATM,No,Normal Transaction
904998,500000102,2026-06-24,07:27:17,ATM,86052,Reliance,Lucknow,Mobile,No,Normal Transaction
904999,500000053,2026-11-01,22:47:25,Credit Card,14021,PhonePe,Pune,ATM,No,Normal Transaction
905000,500000171,2026-01-08,00:14:35,RTGS,72210,Zomato,Pune,Mobile,No,Normal Transaction
905001,500000026,2026-03-12,00:26:15,IMPS,48164,Amazon,Kolkata,Mobile,No,Normal Transaction
905002,500000167,2026-04-23,11:05:49,NEFT,87993,Swiggy,Pune,ATM,No,Normal Transaction
905003,500000092,2026-10-18,10:22:47,Credit Card,7566,Amazon,Delhi,ATM,No,Normal Transaction
905004,500000135,2026-01-30,08:07:08,Credit Card,12564,IRCTC,Kolkata,POS,No,Normal Transaction
905005,500000160,2026-04-21,17:10:02,Credit Card,7008,DMart,Delhi,Laptop,No,Normal Transaction
905006,500000146,2026-07-23,13:46:31,Debit Card,40068,Zomato,Hyderabad,ATM,No,Normal Transaction
905007,500000051,2026-05-19,02:31:11,Debit Card,22303,Zomato,Lucknow,Laptop,No,Normal Transaction
905008,500000089,2026-04-29,17:46:00,RTGS,4941,Zomato,Bengaluru,POS,No,Normal Transaction
905009,500000173,2026-02-11,15:47:48,ATM,69799,Swiggy,Pune,POS,No,Normal Transaction
905010,500000146,2026-06-25,18:02:00,ATM,49627,Uber,Hyderabad,ATM,No,Normal Transaction
905011,500000087,2026-08-14,22:54:43,IMPS,90651,IRCTC,Hyderabad,Laptop,No,Normal Transaction
905012,500000128,2026-07-31,14:02:33,Credit Card,42798,Zomato,Delhi,Laptop,No,Normal Transaction
905013,500000067,2026-01-28,00:29:27,UPI,78733,Flipkart,Pune,Laptop,No,Normal Transaction
905014,500000077,2026-08-01,10:47:59,IMPS,6937,Amazon,Kolkata,Laptop,No,Normal Transaction
905015,500000163,2026-02-25,05:23:31,IMPS,57092,PhonePe,Bengaluru,POS,No,Normal Transaction
905016,500000155,2026-09-12,01:09:42,Credit Card,18569,Uber,Kolkata,POS,No,Normal Transaction
905017,500000076,2026-07-06,16:20:06,UPI,28049,Flipkart,Kolkata,Mobile,No,Normal Transaction
905018,500000153,2026-07-07,14:37:58,IMPS,7388,Paytm,Kolkata,POS,No,Normal Transaction
905019,500000025,2026-09-03,15:31:21,IMPS,71820,PhonePe,Mumbai,ATM,No,Normal Transaction
905020,500000143,2026-04-23,05:34:47,NEFT,25031,Flipkart,Kolkata,POS,No,Normal Transaction
905021,500000132,2026-06-28,19:05:10,Debit Card,8003,Amazon,Pune,POS,No,Normal Transaction
905022,500000125,2026-07-19,21:50:48,IMPS,76309,Flipkart,Pune,ATM,No,Normal Transaction
905023,500000072,2026-01-24,16:48:49,NEFT,75957,IRCTC,Bengaluru,Laptop,No,Normal Transaction
905024,500000025,2026-07-26,18:36:08,UPI,79805,Flipkart,Mumbai,POS,No,Normal Transaction
905025,500000112,2026-03-10,10:04:25,NEFT,79587,DMart,Lucknow,Laptop,No,Normal Transaction
905026,500000106,2026-05-13,23:50:52,UPI,74806,Uber,Pune,Mobile,No,Normal Transaction
905027,500000066,2026-04-16,07:40:11,NEFT,6266,PhonePe,Mumbai,ATM,No,Normal Transaction
905028,500000074,2026-07-04,10:12:51,Credit Card,74213,Amazon,Mumbai,POS,No,Normal Transaction
905029,500000165,2026-06-19,07:40:22,NEFT,20244,Swiggy,Hyderabad,ATM,No,Normal Transaction
905030,500000171,2026-10-03,10:42:07,Credit Card,31472,Amazon,Pune,Mobile,No,Normal Transaction
905031,500000133,2026-01-17,17:21:36,UPI,19448,Flipkart,Delhi,Mobile,No,Normal Transaction
905032,500000082,2026-05-29,16:20:22,RTGS,21691,Paytm,Delhi,ATM,No,Normal Transaction
905033,500000056,2026-12-01,00:06:51,Debit Card,64704,DMart,Pune,Mobile,No,Normal Transaction
905034,500000125,2026-01-02,09:06:40,NEFT,38888,DMart,Lucknow,Laptop,No,Normal Transaction
905035,500000100,2026-10-10,06:07:46,Credit Card,29125,DMart,Mumbai,Laptop,No,Normal Transaction
905036,500000046,2026-12-16,02:58:34,IMPS,10852,Reliance,Pune,POS,No,Normal Transaction
905037,500000172,2026-08-18,00:12:00,UPI,60225,IRCTC,Bengaluru,Laptop,No,Normal Transaction
905038,500000176,2026-09-07,10:58:14,RTGS,63693,Paytm,Delhi,Laptop,No,Normal Transaction
905039,500000171,2026-04-13,08:14:02,UPI,1716,Paytm,Hyderabad,Mobile,No,Normal Transaction
905040,500000131,2026-10-14,05:01:40,NEFT,45885,Flipkart,Kolkata,POS,No,Normal Transaction
905041,500000126,2026-04-21,08:57:44,RTGS,66957,DMart,Bengaluru,ATM,No,Normal Transaction
905042,500000169,2026-02-22,14:40:40,Credit Card,57807,DMart,Pune,ATM,No,Normal Transaction
905043,500000071,2026-04-08,07:28:08,IMPS,45799,Amazon,Hyderabad,Mobile,Yes,Different City
905044,500000017,2026-09-16,19:27:05,NEFT,28296,Amazon,Hyderabad,Laptop,No,Normal Transaction
905045,500000129,2026-03-22,08:28:05,NEFT,44561,Flipkart,Kolkata,Laptop,No,Normal Transaction
905046,500000030,2026-01-22,08:14:51,UPI,89688,Uber,Delhi,ATM,Yes,High Amount
905047,500000068,2026-09-12,15:00:47,Credit Card,87737,Amazon,Pune,POS,No,Normal Transaction
905048,500000129,2026-07-04,06:18:24,IMPS,51039,Flipkart,Kolkata,ATM,No,Normal Transaction
905049,500000110,2026-05-02,16:02:01,Debit Card,97192,IRCTC,Delhi,Mobile,No,Normal Transaction
905050,500000037,2026-05-25,19:42:07,UPI,96878,Uber,Mumbai,Mobile,No,Normal Transaction
905051,500000035,2026-06-20,10:37:50,RTGS,35385,Zomato,Hyderabad,Mobile,No,Normal Transaction
905052,500000155,2026-06-03,15:45:41,RTGS,89182,Paytm,Pune,POS,No,Normal Transaction
905053,500000135,2026-05-27,06:01:24,IMPS,47673,IRCTC,Delhi,Mobile,No,Normal Transaction
905054,500000179,2026-02-16,23:17:05,UPI,54550,PhonePe,Mumbai,ATM,No,Normal Transaction
905055,500000155,2026-11-01,21:57:52,Credit Card,28484,DMart,Lucknow,ATM,No,Normal Transaction
905056,500000115,2026-11-12,16:38:39,IMPS,63040,Paytm,Kolkata,Laptop,No,Normal Transaction
905057,500000006,2026-10-24,15:59:18,IMPS,77420,PhonePe,Pune,POS,No,Normal Transaction
905058,500000154,2026-01-13,22:53:22,Credit Card,48684,Flipkart,Hyderabad,POS,Yes,Midnight Transaction
905059,500000142,2026-06-17,08:42:23,NEFT,63343,Swiggy,Kolkata,ATM,No,Normal Transaction
905060,500000138,2026-02-13,11:10:20,Credit Card,91929,Zomato,Mumbai,Laptop,No,Normal Transaction
905061,500000017,2026-04-17,07:37:48,NEFT,49556,DMart,Hyderabad,ATM,No,Normal Transaction
905062,500000127,2026-07-06,01:16:40,IMPS,89175,Uber,Hyderabad,ATM,No,Normal Transaction
905063,500000037,2026-12-08,08:44:53,NEFT,70604,Swiggy,Kolkata,Laptop,No,Normal Transaction
905064,500000109,2026-10-27,19:51:14,ATM,25150,Reliance,Bengaluru,ATM,Yes,Midnight Transaction
905065,500000042,2026-10-12,10:57:22,UPI,39287,Uber,Lucknow,ATM,No,Normal Transaction
905066,500000076,2026-05-22,02:45:21,NEFT,72274,Zomato,Hyderabad,ATM,No,Normal Transaction
905067,500000025,2026-02-21,12:30:11,Debit Card,94251,Uber,Mumbai,POS,No,Normal Transaction
905068,500000063,2026-12-03,06:03:20,RTGS,91456,Amazon,Lucknow,Mobile,No,Normal Transaction
905069,500000094,2026-01-04,16:31:53,Credit Card,42653,PhonePe,Kolkata,Mobile,No,Normal Transaction
905070,500000012,2026-03-05,02:47:23,ATM,51358,PhonePe,Delhi,Mobile,No,Normal Transaction
905071,500000128,2026-03-04,22:14:37,IMPS,22972,Paytm,Bengaluru,Mobile,No,Normal Transaction
905072,500000143,2026-09-03,23:22:34,Credit Card,73868,Amazon,Pune,ATM,No,Normal Transaction
905073,500000009,2026-06-30,14:08:40,NEFT,96093,Swiggy,Hyderabad,Mobile,No,Normal Transaction
905074,500000091,2026-09-15,10:07:12,ATM,66460,Flipkart,Hyderabad,Mobile,No,Normal Transaction
905075,500000090,2026-02-22,19:41:46,ATM,73403,PhonePe,Delhi,POS,No,Normal Transaction
905076,500000066,2026-06-13,16:58:07,UPI,9931,Uber,Bengaluru,ATM,No,Normal Transaction
905077,500000046,2026-12-26,21:45:41,Debit Card,94827,Amazon,Kolkata,ATM,No,Normal Transaction
905078,500000001,2026-12-21,06:05:25,ATM,66258,Zomato,Delhi,Mobile,No,Normal Transaction
905079,500000166,2026-03-29,14:07:30,IMPS,9033,Flipkart,Delhi,POS,No,Normal Transaction
905080,500000155,2026-05-28,23:33:18,Debit Card,16428,IRCTC,Mumbai,Laptop,No,Normal Transaction
905081,500000157,2026-05-03,02:26:52,Credit Card,31753,Reliance,Lucknow,Mobile,No,Normal Transaction
905082,500000054,2026-11-15,18:56:54,RTGS,77194,DMart,Lucknow,Laptop,No,Normal Transaction
905083,500000052,2026-08-22,17:56:18,UPI,5288,Flipkart,Bengaluru,Mobile,No,Normal Transaction
905084,500000176,2026-05-07,18:24:01,Credit Card,99001,Swiggy,Lucknow,Mobile,Yes,Multiple Transactions
905085,500000105,2026-05-06,23:32:19,Credit Card,61572,Zomato,Pune,ATM,No,Normal Transaction
905086,500000032,2026-08-22,21:23:13,NEFT,45067,Flipkart,Lucknow,ATM,No,Normal Transaction
905087,500000117,2026-03-16,00:16:18,RTGS,93312,Reliance,Lucknow,Laptop,No,Normal Transaction
905088,500000103,2026-10-18,22:10:17,UPI,81685,Uber,Hyderabad,POS,No,Normal Transaction
905089,500000103,2026-11-05,03:57:17,Debit Card,98318,Uber,Hyderabad,Mobile,No,Normal Transaction
905090,500000052,2026-09-09,18:38:23,RTGS,15011,Uber,Kolkata,POS,No,Normal Transaction
905091,500000078,2026-01-15,06:45:34,Credit Card,45937,Uber,Bengaluru,Laptop,No,Normal Transaction
905092,500000002,2026-04-21,19:08:08,ATM,22065,Flipkart,Pune,POS,No,Normal Transaction
905093,500000050,2026-05-20,13:08:37,Debit Card,53765,Amazon,Delhi,Laptop,No,Normal Transaction
905094,500000080,2026-05-29,07:41:20,RTGS,58327,Swiggy,Hyderabad,ATM,No,Normal Transaction
905095,500000111,2026-10-14,17:44:43,Credit Card,39041,Amazon,Delhi,ATM,No,Normal Transaction
905096,500000082,2026-12-29,21:03:13,ATM,47214,DMart,Kolkata,POS,No,Normal Transaction
905097,500000156,2026-08-07,23:49:31,Debit Card,91517,DMart,Kolkata,Laptop,No,Normal Transaction
905098,500000064,2026-02-26,15:13:58,ATM,3312,Amazon,Mumbai,Mobile,No,Normal Transaction
905099,500000061,2026-06-11,11:42:49,RTGS,13304,IRCTC,Kolkata,POS,No,Normal Transaction
905100,500000027,2026-12-23,12:06:29,RTGS,98914,PhonePe,Bengaluru,POS,No,Normal Transaction
905101,500000055,2026-10-18,02:53:23,UPI,22007,Paytm,Delhi,ATM,No,Normal Transaction
905102,500000074,2026-03-17,09:01:52,Debit Card,71888,Reliance,Hyderabad,Laptop,No,Normal Transaction
905103,500000012,2026-01-01,14:32:08,IMPS,87773,Amazon,Kolkata,ATM,No,Normal Transaction
905104,500000118,2026-11-03,18:55:40,RTGS,89431,DMart,Pune,Laptop,No,Normal Transaction
905105,500000071,2026-06-07,09:20:56,NEFT,7742,Flipkart,Pune,Laptop,No,Normal Transaction
905106,500000091,2026-01-06,10:40:30,IMPS,55500,Uber,Hyderabad,POS,No,Normal Transaction
905107,500000050,2026-09-18,15:44:50,NEFT,19322,DMart,Lucknow,POS,No,Normal Transaction
905108,500000179,2026-11-06,15:11:05,NEFT,2747,Paytm,Bengaluru,POS,No,Normal Transaction
905109,500000011,2026-09-25,20:08:04,RTGS,45627,Reliance,Hyderabad,ATM,No,Normal Transaction
905110,500000113,2026-03-27,17:11:10,Credit Card,60150,DMart,Kolkata,Laptop,No,Normal Transaction
905111,500000014,2026-08-03,18:08:47,RTGS,17379,Amazon,Pune,Laptop,No,Normal Transaction
905112,500000049,2026-06-24,20:47:14,ATM,42214,IRCTC,Lucknow,Mobile,No,Normal Transaction
905113,500000009,2026-02-09,05:59:05,ATM,10921,Uber,Kolkata,Laptop,No,Normal Transaction
905114,500000102,2026-10-27,22:18:59,Credit Card,84976,Uber,Pune,POS,No,Normal Transaction
905115,500000074,2026-11-24,00:18:39,Credit Card,12762,Uber,Delhi,ATM,No,Normal Transaction
905116,500000111,2026-01-01,22:15:13,Credit Card,99946,Paytm,Lucknow,Laptop,No,Normal Transaction
905117,500000100,2026-03-21,16:53:09,ATM,31631,DMart,Pune,ATM,Yes,Midnight Transaction
905118,500000163,2026-08-06,05:27:41,Debit Card,85789,PhonePe,Pune,ATM,No,Normal Transaction
905119,500000165,2026-11-05,05:09:33,IMPS,40289,PhonePe,Pune,POS,No,Normal Transaction
905120,500000073,2026-10-09,18:32:36,IMPS,60364,Flipkart,Lucknow,Laptop,No,Normal Transaction
905121,500000034,2026-04-27,00:38:49,UPI,60661,DMart,Bengaluru,POS,No,Normal Transaction
905122,500000098,2026-01-18,16:23:41,Debit Card,66795,Paytm,Lucknow,POS,No,Normal Transaction
905123,500000176,2026-12-13,20:54:35,UPI,91138,Paytm,Delhi,Mobile,No,Normal Transaction
905124,500000038,2026-03-22,02:27:36,Debit Card,99928,Paytm,Lucknow,Mobile,No,Normal Transaction
905125,500000109,2026-09-08,14:44:11,ATM,46830,Amazon,Pune,POS,No,Normal Transaction
905126,500000091,2026-12-23,19:07:05,ATM,67801,PhonePe,Kolkata,Mobile,No,Normal Transaction
905127,500000069,2026-06-18,18:54:16,ATM,98629,Paytm,Mumbai,Laptop,No,Normal Transaction
905128,500000104,2026-07-14,10:17:21,Credit Card,27664,Flipkart,Delhi,ATM,No,Normal Transaction
905129,500000137,2026-08-21,00:40:35,IMPS,78528,Uber,Mumbai,POS,No,Normal Transaction
905130,500000164,2026-12-19,00:26:36,IMPS,82311,Zomato,Pune,Mobile,No,Normal Transaction
905131,500000135,2026-04-22,22:50:49,NEFT,19425,Flipkart,Kolkata,Mobile,No,Normal Transaction
905132,500000015,2026-10-26,05:59:28,UPI,13907,Reliance,Pune,ATM,No,Normal Transaction
905133,500000046,2026-12-02,00:22:33,RTGS,17627,Amazon,Pune,Mobile,No,Normal Transaction
905134,500000168,2026-08-29,11:47:06,IMPS,62940,Swiggy,Kolkata,ATM,No,Normal Transaction
905135,500000032,2026-06-14,00:37:53,NEFT,73809,Paytm,Pune,Mobile,No,Normal Transaction
905136,500000010,2026-10-12,04:06:55,NEFT,83658,Paytm,Bengaluru,Mobile,No,Normal Transaction
905137,500000163,2026-12-19,20:38:52,Credit Card,84397,Amazon,Hyderabad,Laptop,No,Normal Transaction
905138,500000027,2026-08-25,17:34:31,RTGS,85346,PhonePe,Kolkata,Laptop,No,Normal Transaction
905139,500000065,2026-11-24,07:59:12,ATM,23903,DMart,Mumbai,Laptop,No,Normal Transaction
905140,500000129,2026-01-05,22:44:02,Debit Card,79609,Flipkart,Bengaluru,Laptop,No,Normal Transaction
905141,500000119,2026-09-14,11:15:29,Credit Card,19097,PhonePe,Delhi,POS,No,Normal Transaction
905142,500000030,2026-03-05,22:49:56,Credit Card,10951,Reliance,Bengaluru,Laptop,No,Normal Transaction
905143,500000055,2026-08-08,13:54:58,NEFT,64347,IRCTC,Mumbai,POS,No,Normal Transaction
905144,500000020,2026-07-22,15:45:17,Debit Card,29034,PhonePe,Pune,Laptop,Yes,Different City
905145,500000115,2026-10-29,00:44:59,Credit Card,63381,Uber,Mumbai,Laptop,No,Normal Transaction
905146,500000058,2026-09-14,23:23:18,IMPS,95935,DMart,Mumbai,Mobile,No,Normal Transaction
905147,500000019,2026-09-28,12:44:07,Credit Card,46825,DMart,Delhi,ATM,No,Normal Transaction
905148,500000052,2026-09-27,03:40:02,NEFT,77401,IRCTC,Lucknow,Mobile,No,Normal Transaction
905149,500000060,2026-02-22,08:25:03,IMPS,6110,Uber,Hyderabad,Laptop,No,Normal Transaction
905150,500000168,2026-06-09,09:53:59,Credit Card,17133,Paytm,Bengaluru,Laptop,No,Normal Transaction
905151,500000100,2026-08-23,10:01:26,IMPS,36881,DMart,Lucknow,POS,No,Normal Transaction
905152,500000091,2026-10-20,00:25:03,RTGS,81176,Zomato,Lucknow,ATM,No,Normal Transaction
905153,500000056,2026-04-09,13:55:51,RTGS,34021,Zomato,Delhi,ATM,No,Normal Transaction
905154,500000069,2026-10-11,02:17:15,ATM,80710,Paytm,Mumbai,POS,No,Normal Transaction
905155,500000125,2026-08-26,21:40:51,Credit Card,16414,Uber,Mumbai,Mobile,No,Normal Transaction
905156,500000009,2026-05-06,22:44:22,Credit Card,97648,IRCTC,Lucknow,Mobile,No,Normal Transaction
905157,500000018,2026-11-26,18:21:02,RTGS,20667,Flipkart,Lucknow,Laptop,No,Normal Transaction
905158,500000141,2026-01-23,13:12:32,IMPS,89767,Zomato,Delhi,Mobile,No,Normal Transaction
905159,500000076,2026-07-06,12:31:23,Debit Card,4399,Uber,Hyderabad,POS,No,Normal Transaction
905160,500000080,2026-03-06,02:01:21,Credit Card,34155,Uber,Pune,ATM,No,Normal Transaction
905161,500000136,2026-07-06,11:52:34,NEFT,44399,Swiggy,Bengaluru,POS,No,Normal Transaction
905162,500000055,2026-06-15,23:41:39,UPI,1007,DMart,Kolkata,Mobile,No,Normal Transaction
905163,500000116,2026-08-31,22:16:54,Credit Card,27532,IRCTC,Delhi,ATM,No,Normal Transaction
905164,500000049,2026-06-15,20:04:52,Debit Card,59932,DMart,Bengaluru,POS,No,Normal Transaction
905165,500000134,2026-12-08,17:45:24,Credit Card,95461,Zomato,Bengaluru,Laptop,No,Normal Transaction
905166,500000051,2026-09-17,13:27:10,NEFT,25253,IRCTC,Bengaluru,Laptop,No,Normal Transaction
905167,500000071,2026-10-28,08:02:26,Credit Card,68797,Flipkart,Hyderabad,ATM,No,Normal Transaction
905168,500000019,2026-08-18,01:22:44,IMPS,70593,Flipkart,Bengaluru,ATM,No,Normal Transaction
905169,500000039,2026-04-06,02:41:14,NEFT,45833,IRCTC,Lucknow,Laptop,No,Normal Transaction
905170,500000063,2026-10-11,20:05:35,Debit Card,61697,DMart,Kolkata,ATM,No,Normal Transaction
905171,500000073,2026-02-28,03:45:47,IMPS,80699,Paytm,Mumbai,POS,No,Normal Transaction
905172,500000077,2026-04-29,16:31:41,RTGS,92904,Amazon,Kolkata,Mobile,No,Normal Transaction
905173,500000057,2026-12-11,11:35:11,UPI,90670,Zomato,Lucknow,Mobile,No,Normal Transaction
905174,500000098,2026-08-22,23:20:14,UPI,35372,PhonePe,Kolkata,ATM,No,Normal Transaction
905175,500000140,2026-08-14,09:28:53,Credit Card,93822,Reliance,Hyderabad,ATM,No,Normal Transaction
905176,500000083,2026-06-08,04:04:31,Debit Card,50236,IRCTC,Hyderabad,Laptop,No,Normal Transaction
905177,500000110,2026-04-01,21:27:25,NEFT,87074,Amazon,Delhi,Mobile,No,Normal Transaction
905178,500000156,2026-02-10,10:44:32,Credit Card,45736,Uber,Bengaluru,Mobile,No,Normal Transaction
905179,500000084,2026-01-11,19:59:50,RTGS,50450,PhonePe,Delhi,Laptop,No,Normal Transaction
905180,500000074,2026-05-19,00:28:02,Credit Card,80073,Zomato,Bengaluru,Laptop,No,Normal Transaction
905181,500000130,2026-06-19,17:49:54,NEFT,97066,Swiggy,Kolkata,Mobile,No,Normal Transaction
905182,500000085,2026-01-24,03:54:48,Credit Card,33480,DMart,Mumbai,Laptop,No,Normal Transaction
905183,500000087,2026-02-19,01:04:24,UPI,59705,Swiggy,Bengaluru,POS,No,Normal Transaction
905184,500000176,2026-11-05,03:16:11,IMPS,17248,DMart,Hyderabad,ATM,No,Normal Transaction
905185,500000172,2026-01-24,13:00:32,NEFT,47988,Reliance,Delhi,Mobile,No,Normal Transaction
905186,500000170,2026-10-10,17:20:57,Credit Card,92223,Zomato,Pune,POS,No,Normal Transaction
905187,500000046,2026-10-20,01:57:51,UPI,33689,Amazon,Kolkata,Mobile,No,Normal Transaction
905188,500000131,2026-03-25,01:55:51,UPI,18763,Reliance,Lucknow,Mobile,No,Normal Transaction
905189,500000024,2026-07-14,01:37:56,Debit Card,47007,Paytm,Bengaluru,Mobile,No,Normal Transaction
905190,500000113,2026-02-27,09:12:19,Credit Card,86505,Paytm,Pune,POS,No,Normal Transaction
905191,500000136,2026-01-12,03:09:48,IMPS,11727,Flipkart,Hyderabad,POS,No,Normal Transaction
905192,500000093,2026-12-25,22:17:20,UPI,15390,Uber,Lucknow,Laptop,No,Normal Transaction
905193,500000110,2026-08-13,15:35:28,RTGS,42679,DMart,Hyderabad,Laptop,No,Normal Transaction
905194,500000067,2026-11-24,12:20:47,ATM,79961,PhonePe,Mumbai,Laptop,No,Normal Transaction
905195,500000089,2026-01-02,22:10:07,ATM,4117,DMart,Hyderabad,POS,Yes,High Amount
905196,500000134,2026-02-17,00:06:54,ATM,13087,IRCTC,Bengaluru,Mobile,No,Normal Transaction
905197,500000012,2026-08-21,10:08:20,Debit Card,88380,Amazon,Bengaluru,ATM,No,Normal Transaction
905198,500000157,2026-02-16,23:54:27,ATM,95787,Zomato,Mumbai,Laptop,No,Normal Transaction
905199,500000175,2026-07-22,22:19:46,UPI,11592,Zomato,Bengaluru,Laptop,No,Normal Transaction
905200,500000092,2026-06-30,23:17:12,UPI,95091,Flipkart,Kolkata,ATM,No,Normal Transaction
905201,500000113,2026-09-17,06:04:36,NEFT,28868,DMart,Kolkata,Laptop,No,Normal Transaction
905202,500000081,2026-11-19,13:52:29,IMPS,3444,IRCTC,Hyderabad,Laptop,No,Normal Transaction
905203,500000133,2026-03-07,06:47:53,Credit Card,11986,Zomato,Bengaluru,POS,No,Normal Transaction
905204,500000056,2026-06-20,03:11:56,Debit Card,82893,Paytm,Delhi,ATM,No,Normal Transaction
905205,500000178,2026-12-06,01:00:27,RTGS,74455,Paytm,Kolkata,ATM,No,Normal Transaction
905206,500000080,2026-08-15,09:25:14,NEFT,92482,Zomato,Delhi,ATM,No,Normal Transaction
905207,500000012,2026-01-26,07:29:28,ATM,30157,DMart,Bengaluru,ATM,No,Normal Transaction
905208,500000033,2026-08-30,15:48:57,UPI,2687,Paytm,Mumbai,Mobile,No,Normal Transaction
905209,500000026,2026-06-27,17:58:10,NEFT,97298,Swiggy,Lucknow,ATM,No,Normal Transaction
905210,500000028,2026-05-25,12:01:47,RTGS,30532,Zomato,Delhi,Laptop,No,Normal Transaction
905211,500000160,2026-12-09,20:10:42,ATM,22295,Uber,Lucknow,Laptop,No,Normal Transaction
905212,500000094,2026-08-20,20:39:01,NEFT,65475,Amazon,Mumbai,POS,No,Normal Transaction
905213,500000116,2026-11-11,10:01:11,RTGS,97906,Paytm,Kolkata,Mobile,No,Normal Transaction
905214,500000128,2026-07-20,11:46:01,UPI,3075,Uber,Lucknow,Mobile,No,Normal Transaction
905215,500000039,2026-07-17,11:57:27,RTGS,60141,Flipkart,Pune,Laptop,No,Normal Transaction
905216,500000112,2026-02-05,18:20:24,UPI,49082,Zomato,Delhi,Mobile,No,Normal Transaction
905217,500000056,2026-06-30,12:34:51,NEFT,93044,Flipkart,Lucknow,ATM,No,Normal Transaction
905218,500000063,2026-12-14,02:43:55,IMPS,77354,Zomato,Kolkata,ATM,No,Normal Transaction
905219,500000139,2026-06-11,12:14:21,NEFT,78719,Amazon,Kolkata,Laptop,No,Normal Transaction
905220,500000129,2026-10-04,00:28:35,ATM,87935,Flipkart,Lucknow,Mobile,No,Normal Transaction
905221,500000048,2026-07-12,12:54:24,IMPS,49523,PhonePe,Hyderabad,Mobile,No,Normal Transaction
905222,500000109,2026-02-24,05:21:14,UPI,28471,Paytm,Kolkata,Mobile,No,Normal Transaction
905223,500000063,2026-08-01,05:41:07,Credit Card,9046,Swiggy,Hyderabad,POS,No,Normal Transaction
905224,500000024,2026-05-30,10:29:44,NEFT,92958,Reliance,Hyderabad,Mobile,No,Normal Transaction
905225,500000143,2026-03-21,03:18:48,UPI,66283,Amazon,Pune,Laptop,No,Normal Transaction
905226,500000082,2026-01-27,04:39:47,Debit Card,82393,Flipkart,Pune,ATM,No,Normal Transaction
905227,500000078,2026-03-29,15:45:26,ATM,88913,IRCTC,Lucknow,Laptop,No,Normal Transaction
905228,500000154,2026-06-20,23:44:17,IMPS,17131,DMart,Lucknow,Mobile,No,Normal Transaction
905229,500000015,2026-09-29,14:51:37,ATM,10021,Uber,Kolkata,Laptop,No,Normal Transaction
905230,500000136,2026-11-13,08:03:37,UPI,18702,Zomato,Delhi,Mobile,No,Normal Transaction
905231,500000180,2026-12-27,16:10:47,ATM,63108,DMart,Pune,Laptop,No,Normal Transaction
905232,500000016,2026-05-04,15:21:40,ATM,4226,IRCTC,Pune,POS,No,Normal Transaction
905233,500000035,2026-06-19,04:02:17,Credit Card,68334,PhonePe,Pune,POS,No,Normal Transaction
905234,500000147,2026-07-14,04:51:27,Credit Card,4223,Swiggy,Pune,Mobile,No,Normal Transaction
905235,500000126,2026-11-19,03:33:22,UPI,36248,Paytm,Kolkata,POS,No,Normal Transaction
905236,500000103,2026-07-24,21:52:29,UPI,91345,Reliance,Mumbai,POS,No,Normal Transaction
905237,500000136,2026-08-14,04:57:25,UPI,53425,DMart,Delhi,ATM,No,Normal Transaction
905238,500000030,2026-10-05,23:44:10,RTGS,53022,Zomato,Lucknow,Laptop,No,Normal Transaction
905239,500000168,2026-09-05,16:37:40,Debit Card,24281,Amazon,Bengaluru,Mobile,No,Normal Transaction
905240,500000032,2026-10-09,18:29:03,NEFT,58085,PhonePe,Bengaluru,Laptop,No,Normal Transaction
905241,500000106,2026-01-04,03:35:30,Debit Card,33999,Uber,Pune,Laptop,No,Normal Transaction
905242,500000085,2026-02-22,14:15:35,ATM,3703,Paytm,Bengaluru,POS,No,Normal Transaction
905243,500000133,2026-08-23,18:44:18,Credit Card,75292,Uber,Mumbai,Laptop,No,Normal Transaction
905244,500000143,2026-03-16,13:49:32,Debit Card,61368,IRCTC,Mumbai,POS,No,Normal Transaction
905245,500000062,2026-02-28,08:38:51,Credit Card,50993,IRCTC,Pune,Mobile,No,Normal Transaction
905246,500000039,2026-10-15,02:39:10,ATM,79262,Paytm,Kolkata,POS,No,Normal Transaction
905247,500000081,2026-09-11,21:21:22,ATM,25162,Flipkart,Hyderabad,Laptop,No,Normal Transaction
905248,500000155,2026-04-22,06:37:55,UPI,36179,Amazon,Kolkata,POS,No,Normal Transaction
905249,500000017,2026-12-11,12:22:53,UPI,83252,Reliance,Delhi,Laptop,No,Normal Transaction
905250,500000049,2026-07-31,04:47:16,RTGS,83804,Paytm,Bengaluru,POS,No,Normal Transaction
905251,500000159,2026-08-30,10:44:57,Credit Card,70357,Swiggy,Kolkata,ATM,No,Normal Transaction
905252,500000146,2026-09-26,12:04:37,ATM,89571,Flipkart,Hyderabad,POS,No,Normal Transaction
905253,500000150,2026-04-30,18:10:16,NEFT,98476,Paytm,Lucknow,Mobile,No,Normal Transaction
905254,500000073,2026-06-16,10:33:06,NEFT,6928,Swiggy,Hyderabad,Mobile,No,Normal Transaction
905255,500000063,2026-07-27,20:30:58,IMPS,71275,Zomato,Kolkata,Mobile,No,Normal Transaction
905256,500000128,2026-01-11,01:06:22,Credit Card,81111,DMart,Mumbai,POS,No,Normal Transaction
905257,500000159,2026-02-03,16:37:40,RTGS,31167,DMart,Bengaluru,Laptop,No,Normal Transaction
905258,500000078,2026-10-16,08:42:30,ATM,34928,Swiggy,Mumbai,Laptop,No,Normal Transaction
905259,500000104,2026-02-18,18:14:00,NEFT,95285,Reliance,Kolkata,ATM,No,Normal Transaction
905260,500000171,2026-02-06,14:05:59,RTGS,75785,Reliance,Mumbai,ATM,No,Normal Transaction
905261,500000078,2026-01-30,06:03:24,UPI,86673,Reliance,Mumbai,Mobile,No,Normal Transaction
905262,500000036,2026-03-22,04:03:29,ATM,34999,Zomato,Pune,Laptop,No,Normal Transaction
905263,500000064,2026-07-03,18:40:50,RTGS,17677,Reliance,Mumbai,ATM,No,Normal Transaction
905264,500000111,2026-09-08,09:48:40,IMPS,54350,Uber,Bengaluru,Laptop,No,Normal Transaction
905265,500000145,2026-09-14,06:05:23,IMPS,15006,Flipkart,Kolkata,ATM,No,Normal Transaction
905266,500000101,2026-11-17,05:17:53,IMPS,19296,Zomato,Pune,Mobile,No,Normal Transaction
905267,500000019,2026-01-25,02:37:22,UPI,51133,Uber,Mumbai,ATM,No,Normal Transaction
905268,500000007,2026-08-21,00:23:52,Debit Card,69379,Zomato,Pune,ATM,No,Normal Transaction
905269,500000074,2026-03-14,13:47:51,NEFT,63896,Uber,Pune,ATM,No,Normal Transaction
905270,500000086,2026-08-03,10:00:13,IMPS,38816,Flipkart,Delhi,ATM,No,Normal Transaction
905271,500000099,2026-07-26,13:57:19,RTGS,35470,Zomato,Delhi,POS,No,Normal Transaction
905272,500000120,2026-10-04,09:08:02,NEFT,92606,Swiggy,Hyderabad,ATM,No,Normal Transaction
905273,500000019,2026-03-16,11:55:31,IMPS,66590,DMart,Mumbai,POS,No,Normal Transaction
905274,500000073,2026-01-09,20:41:13,UPI,34559,DMart,Kolkata,Laptop,No,Normal Transaction
905275,500000138,2026-08-16,03:54:13,Credit Card,33933,IRCTC,Delhi,Laptop,No,Normal Transaction
905276,500000093,2026-04-18,19:09:44,NEFT,13421,Reliance,Bengaluru,POS,Yes,Multiple Transactions
905277,500000002,2026-10-19,07:36:21,NEFT,93636,Reliance,Lucknow,POS,No,Normal Transaction
905278,500000023,2026-10-12,12:44:45,Debit Card,84919,DMart,Hyderabad,Mobile,No,Normal Transaction
905279,500000074,2026-11-28,00:33:23,Debit Card,15317,Uber,Kolkata,Mobile,No,Normal Transaction
905280,500000178,2026-10-27,21:28:41,ATM,45132,Amazon,Hyderabad,Laptop,No,Normal Transaction
905281,500000122,2026-06-19,19:30:12,UPI,93212,DMart,Kolkata,Laptop,No,Normal Transaction
905282,500000092,2026-06-15,01:04:56,UPI,32902,Reliance,Lucknow,Laptop,No,Normal Transaction
905283,500000103,2026-04-28,08:42:48,UPI,26219,Reliance,Delhi,ATM,No,Normal Transaction
905284,500000157,2026-10-21,19:52:31,IMPS,70714,Reliance,Delhi,ATM,No,Normal Transaction
905285,500000010,2026-11-03,14:12:54,IMPS,24931,PhonePe,Lucknow,ATM,No,Normal Transaction
905286,500000092,2026-02-12,22:41:09,Debit Card,22146,Uber,Lucknow,ATM,No,Normal Transaction
905287,500000067,2026-08-22,13:30:28,RTGS,14101,Swiggy,Mumbai,ATM,No,Normal Transaction
905288,500000069,2026-09-19,10:12:19,NEFT,76990,Flipkart,Delhi,Laptop,No,Normal Transaction
905289,500000023,2026-12-03,08:46:51,Credit Card,30387,Uber,Hyderabad,Mobile,No,Normal Transaction
905290,500000037,2026-05-06,14:19:14,NEFT,39319,Uber,Pune,ATM,Yes,Midnight Transaction
905291,500000179,2026-02-24,14:02:34,Credit Card,35651,Zomato,Mumbai,POS,No,Normal Transaction
905292,500000109,2026-11-15,20:24:54,Credit Card,14991,PhonePe,Lucknow,ATM,No,Normal Transaction
905293,500000130,2026-07-30,09:25:09,UPI,26630,DMart,Mumbai,POS,No,Normal Transaction
905294,500000083,2026-11-06,14:57:40,RTGS,64853,Swiggy,Bengaluru,Laptop,No,Normal Transaction
905295,500000012,2026-10-05,00:03:29,ATM,90801,DMart,Pune,Laptop,No,Normal Transaction
905296,500000042,2026-02-11,07:37:49,UPI,12699,Zomato,Pune,Mobile,No,Normal Transaction
905297,500000095,2026-03-26,23:12:42,Debit Card,35915,Reliance,Delhi,ATM,No,Normal Transaction
905298,500000147,2026-12-26,22:51:33,RTGS,64436,Uber,Mumbai,ATM,No,Normal Transaction
905299,500000114,2026-05-10,18:14:59,RTGS,49053,Paytm,Pune,POS,No,Normal Transaction
905300,500000061,2026-10-08,00:13:22,UPI,37357,Swiggy,Pune,POS,No,Normal Transaction
905301,500000017,2026-11-06,10:11:26,RTGS,26366,Amazon,Bengaluru,Laptop,No,Normal Transaction
905302,500000180,2026-01-18,01:10:05,ATM,49973,Swiggy,Hyderabad,Mobile,No,Normal Transaction
905303,500000048,2026-11-05,13:52:46,IMPS,4741,Swiggy,Delhi,Laptop,No,Normal Transaction
905304,500000049,2026-12-08,13:30:36,ATM,10592,Reliance,Bengaluru,Mobile,No,Normal Transaction
905305,500000114,2026-04-04,21:50:56,Debit Card,16140,DMart,Hyderabad,Mobile,No,Normal Transaction
905306,500000013,2026-11-21,10:26:17,ATM,68953,IRCTC,Bengaluru,POS,No,Normal Transaction
905307,500000090,2026-10-28,07:50:29,UPI,40673,Zomato,Delhi,ATM,No,Normal Transaction
905308,500000058,2026-04-03,04:29:36,Debit Card,55479,PhonePe,Kolkata,Mobile,No,Normal Transaction
905309,500000104,2026-08-06,21:33:47,Debit Card,91170,IRCTC,Kolkata,Laptop,No,Normal Transaction
905310,500000161,2026-10-20,06:06:48,UPI,35298,DMart,Lucknow,Laptop,No,Normal Transaction
905311,500000015,2026-06-13,19:57:06,Credit Card,83746,Amazon,Bengaluru,Laptop,No,Normal Transaction
905312,500000071,2026-12-23,09:38:29,Credit Card,8082,Uber,Hyderabad,Mobile,No,Normal Transaction
905313,500000170,2026-10-21,08:52:26,NEFT,92600,Amazon,Bengaluru,ATM,No,Normal Transaction
905314,500000144,2026-11-15,15:24:29,RTGS,34184,Flipkart,Mumbai,POS,No,Normal Transaction
905315,500000064,2026-11-22,22:35:19,ATM,15169,Reliance,Mumbai,Mobile,No,Normal Transaction
905316,500000125,2026-02-15,09:07:27,IMPS,66633,Reliance,Bengaluru,ATM,No,Normal Transaction
905317,500000023,2026-06-27,04:41:58,Credit Card,97945,DMart,Delhi,Mobile,No,Normal Transaction
905318,500000004,2026-10-07,20:42:11,UPI,2779,Swiggy,Lucknow,Laptop,No,Normal Transaction
905319,500000046,2026-02-07,21:47:33,NEFT,21864,Reliance,Kolkata,Laptop,No,Normal Transaction
905320,500000103,2026-12-27,18:21:56,UPI,46365,IRCTC,Kolkata,POS,No,Normal Transaction
905321,500000134,2026-04-17,21:18:22,ATM,40388,Reliance,Lucknow,Mobile,No,Normal Transaction
905322,500000022,2026-09-09,10:36:02,UPI,16201,Reliance,Bengaluru,Laptop,No,Normal Transaction
905323,500000099,2026-07-31,10:16:24,UPI,62696,IRCTC,Hyderabad,POS,No,Normal Transaction
905324,500000123,2026-09-22,01:25:59,NEFT,67050,Swiggy,Delhi,Mobile,No,Normal Transaction
905325,500000101,2026-07-03,15:00:13,NEFT,27242,Zomato,Delhi,ATM,No,Normal Transaction
905326,500000087,2026-11-19,02:41:30,Debit Card,88542,Reliance,Bengaluru,Laptop,No,Normal Transaction
905327,500000052,2026-01-05,18:29:57,ATM,2223,Swiggy,Delhi,ATM,No,Normal Transaction
905328,500000109,2026-12-25,20:50:02,Credit Card,60834,Paytm,Bengaluru,ATM,No,Normal Transaction
905329,500000050,2026-12-14,06:29:45,UPI,74886,Uber,Hyderabad,ATM,No,Normal Transaction
905330,500000025,2026-09-02,07:42:43,RTGS,94937,IRCTC,Bengaluru,Laptop,No,Normal Transaction
905331,500000142,2026-05-03,20:29:28,Credit Card,36540,Flipkart,Mumbai,POS,No,Normal Transaction
905332,500000121,2026-09-17,14:29:32,UPI,16817,Zomato,Kolkata,Laptop,No,Normal Transaction
905333,500000161,2026-08-02,00:24:51,RTGS,43402,Reliance,Kolkata,ATM,No,Normal Transaction
905334,500000067,2026-04-21,07:59:25,UPI,81877,DMart,Mumbai,Mobile,No,Normal Transaction
905335,500000069,2026-09-15,21:22:54,Debit Card,80526,Amazon,Delhi,Laptop,No,Normal Transaction
905336,500000024,2026-08-15,01:39:53,Debit Card,48580,PhonePe,Hyderabad,Mobile,No,Normal Transaction
905337,500000166,2026-03-26,09:22:51,UPI,40985,Zomato,Lucknow,ATM,No,Normal Transaction
905338,500000126,2026-05-22,20:14:22,RTGS,22684,PhonePe,Mumbai,POS,No,Normal Transaction
905339,500000107,2026-07-10,17:11:59,Debit Card,22782,Uber,Kolkata,Laptop,No,Normal Transaction
905340,500000032,2026-01-31,02:32:28,Debit Card,39751,Reliance,Kolkata,Mobile,No,Normal Transaction
905341,500000125,2026-06-13,02:58:54,IMPS,22571,Zomato,Pune,Laptop,No,Normal Transaction
905342,500000054,2026-11-17,22:25:27,Credit Card,93664,IRCTC,Lucknow,ATM,No,Normal Transaction
905343,500000133,2026-12-15,09:55:13,ATM,30222,Zomato,Delhi,Mobile,No,Normal Transaction
905344,500000059,2026-04-06,20:23:03,Debit Card,33485,Paytm,Pune,ATM,No,Normal Transaction
905345,500000020,2026-06-20,09:45:25,Debit Card,99022,Reliance,Delhi,Laptop,No,Normal Transaction
905346,500000027,2026-03-25,00:54:54,RTGS,37155,DMart,Mumbai,Laptop,No,Normal Transaction
905347,500000143,2026-02-17,19:39:03,UPI,71812,Paytm,Bengaluru,Mobile,No,Normal Transaction
905348,500000156,2026-01-18,12:55:10,Credit Card,8506,DMart,Kolkata,ATM,No,Normal Transaction
905349,500000060,2026-01-01,10:24:18,RTGS,63418,Reliance,Hyderabad,POS,No,Normal Transaction
905350,500000101,2026-03-02,07:42:27,ATM,99377,Swiggy,Hyderabad,POS,No,Normal Transaction
905351,500000009,2026-02-21,11:18:59,UPI,58215,Swiggy,Lucknow,POS,No,Normal Transaction
905352,500000094,2026-03-18,01:50:54,Debit Card,65296,Swiggy,Kolkata,ATM,No,Normal Transaction
905353,500000137,2026-05-04,05:21:45,ATM,34663,Paytm,Delhi,POS,No,Normal Transaction
905354,500000053,2026-05-08,10:23:27,Debit Card,77233,Flipkart,Kolkata,Mobile,No,Normal Transaction
905355,500000160,2026-12-24,18:47:40,IMPS,1407,IRCTC,Pune,POS,Yes,Multiple Transactions
905356,500000115,2026-07-17,17:58:59,RTGS,36517,Amazon,Pune,Mobile,No,Normal Transaction
905357,500000137,2026-11-05,16:16:31,RTGS,65327,Zomato,Kolkata,Mobile,No,Normal Transaction
905358,500000022,2026-05-14,19:35:07,NEFT,26201,Paytm,Lucknow,Mobile,No,Normal Transaction
905359,500000059,2026-10-02,15:26:20,Debit Card,4873,Reliance,Mumbai,Mobile,No,Normal Transaction
905360,500000108,2026-07-25,17:53:24,UPI,58027,IRCTC,Lucknow,Laptop,No,Normal Transaction
905361,500000091,2026-10-01,13:14:59,IMPS,70328,Swiggy,Pune,Mobile,No,Normal Transaction
905362,500000154,2026-04-06,23:06:59,ATM,47771,Reliance,Lucknow,Laptop,No,Normal Transaction
905363,500000094,2026-02-09,04:34:35,RTGS,34575,IRCTC,Mumbai,POS,No,Normal Transaction
905364,500000059,2026-11-15,00:43:55,IMPS,69683,Reliance,Lucknow,Mobile,No,Normal Transaction
905365,500000076,2026-06-16,05:00:39,UPI,50301,DMart,Hyderabad,POS,No,Normal Transaction
905366,500000091,2026-03-25,00:03:04,IMPS,76620,Zomato,Lucknow,ATM,No,Normal Transaction
905367,500000114,2026-09-13,00:21:04,IMPS,84372,Uber,Hyderabad,Mobile,No,Normal Transaction
905368,500000064,2026-06-04,16:22:59,Credit Card,1283,Reliance,Mumbai,Mobile,No,Normal Transaction
905369,500000107,2026-09-16,10:04:49,ATM,5007,DMart,Hyderabad,POS,No,Normal Transaction
905370,500000067,2026-05-07,07:13:23,RTGS,48267,Zomato,Bengaluru,POS,No,Normal Transaction
905371,500000125,2026-11-24,02:01:53,ATM,91928,Reliance,Hyderabad,POS,No,Normal Transaction
905372,500000078,2026-08-12,15:22:32,Debit Card,64913,Uber,Delhi,ATM,Yes,Midnight Transaction
905373,500000168,2026-02-03,16:27:50,Credit Card,36344,DMart,Delhi,Mobile,No,Normal Transaction
905374,500000095,2026-10-31,12:05:52,NEFT,22047,Reliance,Hyderabad,ATM,No,Normal Transaction
905375,500000076,2026-04-25,01:35:45,IMPS,23214,Paytm,Pune,Mobile,No,Normal Transaction
905376,500000174,2026-05-12,16:07:16,Credit Card,23007,PhonePe,Mumbai,Mobile,No,Normal Transaction
905377,500000026,2026-02-23,02:47:29,Debit Card,41231,Reliance,Bengaluru,Laptop,No,Normal Transaction
905378,500000116,2026-06-24,06:01:10,UPI,47052,Paytm,Hyderabad,POS,No,Normal Transaction
905379,500000168,2026-04-06,19:09:04,ATM,609,DMart,Delhi,POS,No,Normal Transaction
905380,500000129,2026-11-21,20:42:31,Debit Card,37861,Paytm,Hyderabad,Laptop,No,Normal Transaction
905381,500000007,2026-08-12,09:23:52,Credit Card,3755,Amazon,Hyderabad,POS,No,Normal Transaction
905382,500000102,2026-07-09,22:32:42,Credit Card,81816,Reliance,Pune,Mobile,No,Normal Transaction
905383,500000136,2026-12-28,19:54:04,Credit Card,50662,PhonePe,Mumbai,ATM,No,Normal Transaction
905384,500000014,2026-07-04,02:15:16,NEFT,11765,DMart,Hyderabad,ATM,No,Normal Transaction
905385,500000084,2026-11-24,03:12:34,RTGS,79218,DMart,Kolkata,ATM,No,Normal Transaction
905386,500000141,2026-10-29,23:32:48,UPI,72818,Zomato,Delhi,POS,No,Normal Transaction
905387,500000108,2026-02-17,04:53:36,ATM,99934,Swiggy,Lucknow,ATM,No,Normal Transaction
905388,500000056,2026-10-26,20:53:23,RTGS,98697,Reliance,Kolkata,Mobile,No,Normal Transaction
905389,500000006,2026-12-02,01:54:28,IMPS,65933,DMart,Pune,POS,No,Normal Transaction
905390,500000002,2026-05-03,01:40:09,Credit Card,22096,Zomato,Mumbai,ATM,No,Normal Transaction
905391,500000029,2026-09-01,04:32:07,ATM,10758,Reliance,Kolkata,Mobile,No,Normal Transaction
905392,500000157,2026-03-28,00:30:48,NEFT,65632,PhonePe,Bengaluru,POS,No,Normal Transaction
905393,500000020,2026-04-21,18:20:42,NEFT,7264,Flipkart,Hyderabad,Mobile,No,Normal Transaction
905394,500000090,2026-12-22,03:35:27,RTGS,47127,Reliance,Lucknow,Mobile,No,Normal Transaction
905395,500000088,2026-05-02,12:50:55,RTGS,47254,Paytm,Delhi,Laptop,No,Normal Transaction
905396,500000065,2026-01-15,03:34:59,Debit Card,24804,Flipkart,Hyderabad,Laptop,No,Normal Transaction
905397,500000008,2026-08-18,03:18:09,Debit Card,80941,Uber,Pune,Laptop,No,Normal Transaction
905398,500000071,2026-02-16,17:41:22,Credit Card,84827,Reliance,Pune,ATM,No,Normal Transaction
905399,500000126,2026-11-05,20:18:19,IMPS,13152,Uber,Pune,Laptop,No,Normal Transaction
905400,500000101,2026-06-03,02:04:14,IMPS,16798,IRCTC,Lucknow,POS,No,Normal Transaction
905401,500000175,2026-04-20,05:41:11,IMPS,37092,Paytm,Kolkata,ATM,No,Normal Transaction
905402,500000141,2026-07-22,06:48:13,UPI,8336,IRCTC,Bengaluru,Mobile,No,Normal Transaction
905403,500000168,2026-11-01,12:19:29,IMPS,94037,Paytm,Delhi,POS,No,Normal Transaction
905404,500000024,2026-02-06,04:09:40,Debit Card,92696,IRCTC,Pune,ATM,No,Normal Transaction
905405,500000049,2026-01-17,22:02:19,RTGS,84971,DMart,Bengaluru,Laptop,No,Normal Transaction
905406,500000069,2026-09-02,22:14:11,RTGS,22034,Swiggy,Hyderabad,POS,No,Normal Transaction
905407,500000077,2026-01-18,17:22:44,ATM,15565,Amazon,Bengaluru,Laptop,No,Normal Transaction
905408,500000106,2026-09-27,12:06:19,UPI,17650,Paytm,Lucknow,POS,No,Normal Transaction
905409,500000046,2026-06-30,05:04:23,ATM,45407,Amazon,Hyderabad,Mobile,No,Normal Transaction
905410,500000057,2026-01-06,23:29:27,ATM,84146,Zomato,Bengaluru,ATM,No,Normal Transaction
905411,500000178,2026-06-03,05:21:42,NEFT,43128,Paytm,Bengaluru,ATM,No,Normal Transaction
905412,500000058,2026-12-23,17:03:43,RTGS,69178,Amazon,Bengaluru,ATM,No,Normal Transaction
905413,500000057,2026-09-12,19:00:15,ATM,91822,DMart,Hyderabad,Laptop,No,Normal Transaction
905414,500000151,2026-07-31,22:49:17,UPI,88518,Amazon,Kolkata,Laptop,No,Normal Transaction
905415,500000097,2026-11-14,03:10:56,RTGS,52016,Reliance,Hyderabad,Mobile,No,Normal Transaction
905416,500000179,2026-11-09,14:01:49,Credit Card,65435,Reliance,Hyderabad,ATM,No,Normal Transaction
905417,500000071,2026-12-18,12:26:27,RTGS,58662,DMart,Bengaluru,POS,No,Normal Transaction
905418,500000147,2026-06-21,13:07:37,UPI,82764,Amazon,Delhi,Mobile,Yes,Different City
905419,500000107,2026-07-25,18:17:03,NEFT,89693,DMart,Mumbai,Mobile,No,Normal Transaction
905420,500000165,2026-02-21,14:14:05,Debit Card,29194,Paytm,Kolkata,POS,No,Normal Transaction
905421,500000010,2026-10-24,23:32:45,Debit Card,94539,Zomato,Kolkata,Mobile,No,Normal Transaction
905422,500000166,2026-11-03,21:42:22,NEFT,11856,Flipkart,Kolkata,POS,No,Normal Transaction
905423,500000150,2026-04-27,11:14:20,ATM,71811,Swiggy,Hyderabad,ATM,No,Normal Transaction
905424,500000042,2026-11-13,04:05:04,IMPS,23901,Uber,Mumbai,ATM,No,Normal Transaction
905425,500000096,2026-04-21,01:48:53,IMPS,85463,Paytm,Delhi,POS,No,Normal Transaction
905426,500000113,2026-02-15,10:26:48,IMPS,55181,Zomato,Mumbai,Mobile,No,Normal Transaction
905427,500000147,2026-07-02,17:57:10,NEFT,34364,IRCTC,Pune,ATM,No,Normal Transaction
905428,500000022,2026-12-31,17:44:39,Credit Card,75249,Swiggy,Pune,Mobile,No,Normal Transaction
905429,500000058,2026-07-20,12:54:12,Credit Card,81415,Zomato,Delhi,Laptop,No,Normal Transaction
905430,500000091,2026-04-21,17:10:29,Credit Card,64857,DMart,Pune,ATM,No,Normal Transaction
905431,500000004,2026-03-06,12:27:00,NEFT,35003,Uber,Delhi,Laptop,No,Normal Transaction
905432,500000082,2026-11-18,13:45:31,ATM,89644,Paytm,Pune,Mobile,No,Normal Transaction
905433,500000082,2026-08-12,21:53:03,NEFT,96588,Amazon,Delhi,ATM,No,Normal Transaction
905434,500000164,2026-03-16,15:28:53,IMPS,32108,IRCTC,Lucknow,Laptop,No,Normal Transaction
905435,500000155,2026-07-28,18:48:56,NEFT,68656,Paytm,Hyderabad,ATM,No,Normal Transaction
905436,500000130,2026-08-02,19:05:29,IMPS,58759,Amazon,Hyderabad,Mobile,No,Normal Transaction
905437,500000166,2026-11-12,07:03:53,ATM,7632,Swiggy,Hyderabad,POS,No,Normal Transaction
905438,500000068,2026-12-15,06:08:30,UPI,3080,Reliance,Delhi,Mobile,No,Normal Transaction
905439,500000020,2026-11-27,12:12:03,Debit Card,2218,Reliance,Hyderabad,ATM,No,Normal Transaction
905440,500000036,2026-11-18,17:24:56,UPI,55882,DMart,Bengaluru,Laptop,No,Normal Transaction
905441,500000121,2026-09-05,23:38:35,IMPS,63674,Uber,Delhi,ATM,No,Normal Transaction
905442,500000146,2026-06-15,22:11:03,NEFT,97656,Zomato,Hyderabad,Laptop,No,Normal Transaction
905443,500000109,2026-04-18,00:16:21,UPI,24441,Reliance,Mumbai,Mobile,No,Normal Transaction
905444,500000041,2026-09-26,05:56:46,ATM,73282,Flipkart,Mumbai,POS,No,Normal Transaction
905445,500000053,2026-08-29,03:32:28,Credit Card,17061,Amazon,Mumbai,POS,No,Normal Transaction
905446,500000135,2026-10-08,11:27:50,Credit Card,34218,Zomato,Delhi,Mobile,No,Normal Transaction
905447,500000166,2026-10-18,19:44:48,Credit Card,77824,Zomato,Mumbai,Laptop,Yes,High Amount
905448,500000020,2026-09-15,04:58:53,RTGS,83095,IRCTC,Pune,POS,No,Normal Transaction
905449,500000134,2026-08-19,22:20:12,Debit Card,3275,Swiggy,Pune,Laptop,No,Normal Transaction
905450,500000074,2026-04-22,17:26:42,IMPS,45676,Uber,Pune,Laptop,No,Normal Transaction
905451,500000068,2026-05-23,05:39:14,RTGS,90962,Uber,Hyderabad,Laptop,No,Normal Transaction
905452,500000138,2026-11-22,00:07:47,RTGS,75675,Flipkart,Lucknow,Mobile,No,Normal Transaction
905453,500000063,2026-08-22,14:00:04,UPI,13883,Uber,Hyderabad,POS,No,Normal Transaction
905454,500000153,2026-01-16,20:58:31,IMPS,1083,PhonePe,Hyderabad,Laptop,No,Normal Transaction
905455,500000022,2026-01-14,07:18:38,NEFT,56920,PhonePe,Bengaluru,Mobile,No,Normal Transaction
905456,500000115,2026-06-07,17:47:16,ATM,53586,PhonePe,Delhi,ATM,No,Normal Transaction
905457,500000063,2026-08-22,07:10:33,NEFT,86448,IRCTC,Hyderabad,POS,No,Normal Transaction
905458,500000073,2026-12-02,10:52:20,NEFT,82100,Swiggy,Kolkata,ATM,No,Normal Transaction
905459,500000131,2026-10-30,06:44:18,ATM,52358,Swiggy,Hyderabad,POS,No,Normal Transaction
905460,500000068,2026-10-13,14:18:57,UPI,58757,DMart,Hyderabad,Laptop,No,Normal Transaction
905461,500000123,2026-11-01,14:01:31,ATM,61939,Flipkart,Mumbai,ATM,No,Normal Transaction
905462,500000038,2026-08-04,09:31:50,Debit Card,25940,Swiggy,Hyderabad,Laptop,No,Normal Transaction
905463,500000110,2026-12-17,06:53:52,NEFT,38280,IRCTC,Mumbai,Laptop,No,Normal Transaction
905464,500000026,2026-05-21,05:24:56,Credit Card,85186,Paytm,Hyderabad,Laptop,No,Normal Transaction
905465,500000057,2026-10-14,08:06:29,UPI,75003,IRCTC,Lucknow,ATM,No,Normal Transaction
905466,500000079,2026-05-07,00:13:58,ATM,46411,Uber,Delhi,Mobile,No,Normal Transaction
905467,500000107,2026-11-16,04:11:21,RTGS,92491,DMart,Delhi,ATM,No,Normal Transaction
905468,500000138,2026-11-21,23:57:36,IMPS,13046,Swiggy,Bengaluru,ATM,No,Normal Transaction
905469,500000079,2026-10-31,22:25:39,RTGS,32726,DMart,Pune,ATM,No,Normal Transaction
905470,500000154,2026-04-13,17:41:49,UPI,19670,DMart,Delhi,ATM,No,Normal Transaction
905471,500000076,2026-09-20,04:37:58,ATM,51385,Paytm,Delhi,POS,No,Normal Transaction
905472,500000081,2026-07-26,19:07:37,ATM,88651,PhonePe,Hyderabad,Laptop,No,Normal Transaction
905473,500000088,2026-07-10,06:33:02,IMPS,59418,Amazon,Kolkata,Laptop,No,Normal Transaction
905474,500000082,2026-12-16,04:05:34,Debit Card,8805,Zomato,Hyderabad,Mobile,Yes,High Amount
905475,500000025,2026-02-08,18:56:14,NEFT,10784,DMart,Hyderabad,Laptop,No,Normal Transaction
905476,500000022,2026-07-24,19:31:16,Debit Card,53822,PhonePe,Kolkata,ATM,No,Normal Transaction
905477,500000083,2026-02-12,02:05:54,ATM,19580,PhonePe,Lucknow,ATM,No,Normal Transaction
905478,500000172,2026-06-07,18:51:48,ATM,40498,Amazon,Lucknow,Laptop,No,Normal Transaction
905479,500000172,2026-06-19,09:44:10,ATM,40997,IRCTC,Bengaluru,POS,No,Normal Transaction
905480,500000073,2026-03-22,11:41:07,RTGS,88150,Paytm,Pune,POS,No,Normal Transaction
905481,500000027,2026-08-24,04:09:16,ATM,41219,Paytm,Lucknow,POS,No,Normal Transaction
905482,500000021,2026-12-02,05:55:46,Debit Card,59664,IRCTC,Kolkata,POS,No,Normal Transaction
905483,500000009,2026-01-06,15:45:03,ATM,73590,Reliance,Bengaluru,ATM,No,Normal Transaction
905484,500000133,2026-12-17,08:46:00,UPI,46035,Amazon,Lucknow,POS,No,Normal Transaction
905485,500000169,2026-01-14,16:34:13,NEFT,22580,Zomato,Delhi,Laptop,No,Normal Transaction
905486,500000053,2026-12-13,09:15:25,Debit Card,12215,Paytm,Kolkata,Mobile,No,Normal Transaction
905487,500000169,2027-01-01,19:06:17,IMPS,12496,PhonePe,Kolkata,ATM,No,Normal Transaction
905488,500000102,2026-08-05,11:55:38,NEFT,8307,Paytm,Hyderabad,Laptop,No,Normal Transaction
905489,500000152,2026-03-01,20:19:39,Credit Card,51282,Paytm,Delhi,Mobile,No,Normal Transaction
905490,500000070,2026-07-23,07:24:55,NEFT,34887,Paytm,Delhi,Mobile,No,Normal Transaction
905491,500000037,2026-03-03,11:11:51,Credit Card,56285,Amazon,Hyderabad,ATM,No,Normal Transaction
905492,500000029,2026-05-24,04:21:16,Debit Card,93103,Swiggy,Pune,ATM,No,Normal Transaction
905493,500000028,2026-10-02,22:17:00,Credit Card,83124,PhonePe,Lucknow,Laptop,No,Normal Transaction
905494,500000177,2026-06-24,12:05:59,RTGS,87208,Reliance,Mumbai,Laptop,No,Normal Transaction
905495,500000032,2026-12-05,13:51:55,NEFT,5007,Paytm,Bengaluru,Mobile,No,Normal Transaction
905496,500000027,2026-09-04,22:32:06,NEFT,71181,PhonePe,Pune,Laptop,No,Normal Transaction
905497,500000037,2026-12-14,23:23:12,Debit Card,99825,Paytm,Hyderabad,Laptop,No,Normal Transaction
905498,500000117,2026-09-17,17:36:17,Credit Card,83924,PhonePe,Hyderabad,ATM,No,Normal Transaction
905499,500000099,2026-11-23,09:13:52,NEFT,81745,Zomato,Kolkata,POS,No,Normal Transaction
905500,500000010,2026-09-03,23:51:22,RTGS,21793,IRCTC,Bengaluru,Mobile,No,Normal Transaction
905501,500000035,2026-05-11,02:47:21,ATM,64538,DMart,Lucknow,ATM,Yes,High Amount
905502,500000142,2026-04-24,02:30:30,Credit Card,24717,Amazon,Kolkata,POS,No,Normal Transaction
905503,500000147,2026-11-17,00:39:22,Credit Card,83966,Swiggy,Lucknow,Mobile,No,Normal Transaction
905504,500000135,2026-05-25,10:04:12,Credit Card,44009,Uber,Pune,POS,No,Normal Transaction
905505,500000095,2027-01-01,02:57:32,ATM,10120,Reliance,Pune,ATM,No,Normal Transaction
905506,500000054,2026-07-03,16:22:48,Credit Card,74533,Paytm,Kolkata,ATM,No,Normal Transaction
905507,500000063,2026-02-21,12:43:00,Debit Card,35343,Paytm,Mumbai,Laptop,No,Normal Transaction
905508,500000091,2026-11-24,07:46:01,IMPS,30114,Reliance,Pune,Laptop,No,Normal Transaction
905509,500000087,2026-12-02,10:33:43,ATM,43871,Paytm,Hyderabad,Mobile,No,Normal Transaction
905510,500000014,2026-11-07,15:00:06,IMPS,5451,Uber,Mumbai,ATM,No,Normal Transaction
905511,500000179,2026-04-15,16:20:59,RTGS,67959,Uber,Kolkata,ATM,No,Normal Transaction
905512,500000152,2026-05-15,06:59:42,Credit Card,26580,Flipkart,Delhi,Laptop,No,Normal Transaction
905513,500000069,2026-06-19,21:53:51,RTGS,81360,PhonePe,Delhi,ATM,No,Normal Transaction
905514,500000144,2026-09-09,11:54:53,RTGS,96107,Uber,Mumbai,Mobile,No,Normal Transaction
905515,500000087,2026-03-10,22:44:09,Debit Card,15248,Flipkart,Mumbai,ATM,No,Normal Transaction
905516,500000030,2026-07-23,00:30:44,NEFT,58854,Uber,Pune,Laptop,No,Normal Transaction
905517,500000166,2026-02-07,00:31:41,UPI,21786,Zomato,Bengaluru,Laptop,No,Normal Transaction
905518,500000123,2026-09-02,00:39:27,IMPS,5322,Reliance,Pune,Mobile,No,Normal Transaction
905519,500000138,2026-10-27,00:24:46,Debit Card,188,Amazon,Hyderabad,POS,No,Normal Transaction
905520,500000108,2026-09-26,13:02:38,NEFT,29582,Paytm,Kolkata,Mobile,No,Normal Transaction
905521,500000142,2026-03-22,07:06:10,UPI,36879,PhonePe,Hyderabad,Laptop,No,Normal Transaction
905522,500000175,2026-05-26,01:17:53,UPI,5704,Flipkart,Bengaluru,POS,No,Normal Transaction
905523,500000134,2026-08-17,21:52:04,ATM,15076,PhonePe,Hyderabad,Laptop,No,Normal Transaction
905524,500000164,2026-07-21,20:50:16,RTGS,87575,Swiggy,Hyderabad,ATM,No,Normal Transaction
905525,500000085,2026-07-26,09:42:55,Credit Card,63676,PhonePe,Delhi,Laptop,No,Normal Transaction
905526,500000051,2026-10-26,21:46:48,Debit Card,86483,Zomato,Bengaluru,POS,Yes,Midnight Transaction
905527,500000009,2026-11-02,09:40:56,IMPS,91715,Flipkart,Hyderabad,ATM,No,Normal Transaction
905528,500000042,2026-11-04,08:08:39,Debit Card,33370,Flipkart,Lucknow,Laptop,No,Normal Transaction
905529,500000177,2026-05-30,23:48:39,ATM,53787,Flipkart,Pune,Laptop,No,Normal Transaction
905530,500000115,2026-06-03,18:33:41,RTGS,88321,Uber,Delhi,Mobile,No,Normal Transaction
905531,500000032,2026-05-06,03:42:40,Credit Card,85723,Swiggy,Lucknow,Mobile,No,Normal Transaction
905532,500000016,2026-11-25,10:21:32,NEFT,56899,Flipkart,Lucknow,POS,No,Normal Transaction
905533,500000137,2026-03-28,22:07:14,ATM,46176,Reliance,Mumbai,ATM,No,Normal Transaction
905534,500000165,2026-11-16,16:50:37,Debit Card,20635,Swiggy,Hyderabad,ATM,No,Normal Transaction
905535,500000042,2026-08-25,06:34:27,ATM,59485,Flipkart,Hyderabad,ATM,No,Normal Transaction
905536,500000142,2026-05-20,15:54:39,RTGS,40834,IRCTC,Mumbai,ATM,No,Normal Transaction
905537,500000046,2026-04-02,15:35:36,Debit Card,44860,DMart,Pune,Mobile,No,Normal Transaction
905538,500000063,2026-04-20,17:17:09,IMPS,62988,PhonePe,Lucknow,ATM,No,Normal Transaction
905539,500000039,2026-11-12,08:03:01,IMPS,4681,PhonePe,Delhi,POS,No,Normal Transaction
905540,500000176,2026-10-19,14:57:01,Debit Card,26539,IRCTC,Bengaluru,Mobile,No,Normal Transaction
905541,500000111,2026-02-27,07:15:26,NEFT,30321,PhonePe,Kolkata,POS,No,Normal Transaction
905542,500000079,2026-05-07,18:34:33,IMPS,72163,DMart,Bengaluru,ATM,No,Normal Transaction
905543,500000034,2026-12-21,12:14:05,Credit Card,16579,Paytm,Kolkata,Mobile,No,Normal Transaction
905544,500000130,2026-08-27,11:12:43,NEFT,45922,Zomato,Lucknow,POS,No,Normal Transaction
905545,500000176,2026-02-07,09:09:58,Debit Card,21731,Uber,Mumbai,Laptop,No,Normal Transaction
905546,500000156,2026-10-10,11:45:58,ATM,94133,Reliance,Bengaluru,Mobile,No,Normal Transaction
905547,500000152,2026-02-28,06:00:02,ATM,52017,Amazon,Lucknow,ATM,No,Normal Transaction
905548,500000065,2026-05-13,03:06:18,UPI,21967,Swiggy,Kolkata,Laptop,No,Normal Transaction
905549,500000087,2026-08-05,04:57:40,ATM,42087,DMart,Mumbai,ATM,No,Normal Transaction
905550,500000070,2026-03-21,06:50:19,IMPS,74381,Reliance,Lucknow,Mobile,No,Normal Transaction
905551,500000049,2026-01-28,21:13:22,ATM,11132,PhonePe,Bengaluru,Laptop,No,Normal Transaction
905552,500000031,2026-02-03,23:59:55,RTGS,53966,Swiggy,Kolkata,POS,No,Normal Transaction
905553,500000111,2026-07-05,10:16:17,ATM,88170,DMart,Pune,POS,No,Normal Transaction
905554,500000007,2026-12-24,08:38:18,RTGS,79875,Amazon,Mumbai,ATM,No,Normal Transaction
905555,500000021,2026-08-27,03:47:49,ATM,99854,Zomato,Kolkata,Laptop,No,Normal Transaction
905556,500000176,2026-10-27,23:31:25,IMPS,56137,Amazon,Hyderabad,ATM,No,Normal Transaction
905557,500000172,2026-10-02,15:26:26,IMPS,30442,DMart,Bengaluru,Mobile,No,Normal Transaction
905558,500000109,2026-11-17,08:33:00,IMPS,32410,Zomato,Pune,ATM,No,Normal Transaction
905559,500000118,2026-12-22,19:52:31,ATM,9277,Flipkart,Delhi,Mobile,Yes,Multiple Transactions
905560,500000022,2026-12-17,03:53:48,ATM,29063,DMart,Kolkata,Laptop,No,Normal Transaction
905561,500000047,2026-02-26,07:00:48,Debit Card,91472,Paytm,Delhi,POS,No,Normal Transaction
905562,500000057,2026-04-27,09:28:17,ATM,15738,Zomato,Hyderabad,Mobile,No,Normal Transaction
905563,500000090,2026-05-18,19:01:32,UPI,34620,Amazon,Mumbai,Mobile,No,Normal Transaction
905564,500000080,2026-01-27,16:11:58,Credit Card,63151,DMart,Mumbai,ATM,No,Normal Transaction
905565,500000130,2026-01-06,11:30:41,RTGS,73841,Reliance,Hyderabad,ATM,No,Normal Transaction
905566,500000160,2026-08-08,07:25:27,ATM,66113,Uber,Mumbai,POS,No,Normal Transaction
905567,500000167,2026-04-26,09:36:38,Credit Card,43841,Swiggy,Pune,Mobile,No,Normal Transaction
905568,500000061,2026-10-04,02:31:51,RTGS,71035,Reliance,Delhi,Mobile,No,Normal Transaction
905569,500000079,2026-01-28,22:45:52,Credit Card,22636,Flipkart,Bengaluru,Laptop,No,Normal Transaction
905570,500000178,2026-02-27,14:07:47,UPI,57775,Zomato,Bengaluru,Laptop,No,Normal Transaction
905571,500000148,2026-03-12,14:52:32,ATM,13831,Zomato,Pune,Mobile,No,Normal Transaction
905572,500000047,2026-08-02,03:24:14,Credit Card,93236,IRCTC,Delhi,POS,No,Normal Transaction
905573,500000094,2026-04-18,02:44:19,ATM,28085,Swiggy,Pune,Laptop,No,Normal Transaction
905574,500000110,2026-08-12,20:57:06,Debit Card,49447,Zomato,Bengaluru,Mobile,No,Normal Transaction
905575,500000009,2026-03-28,22:57:48,UPI,25591,Paytm,Kolkata,Laptop,Yes,Different City
905576,500000180,2026-03-12,13:01:38,RTGS,42205,Paytm,Mumbai,POS,No,Normal Transaction
905577,500000105,2026-03-22,06:24:13,UPI,63653,Uber,Hyderabad,Laptop,No,Normal Transaction
905578,500000088,2026-08-17,09:26:53,Debit Card,84170,DMart,Hyderabad,POS,No,Normal Transaction
905579,500000044,2026-03-01,23:44:37,ATM,20027,PhonePe,Hyderabad,Laptop,No,Normal Transaction
905580,500000136,2026-08-29,15:21:58,Credit Card,94946,PhonePe,Hyderabad,Mobile,No,Normal Transaction
905581,500000154,2026-01-09,20:07:51,Debit Card,39253,Uber,Delhi,Laptop,No,Normal Transaction
905582,500000087,2026-05-26,12:38:11,Debit Card,16943,Zomato,Hyderabad,ATM,No,Normal Transaction
905583,500000149,2026-06-01,06:35:49,ATM,67194,IRCTC,Mumbai,Laptop,No,Normal Transaction
905584,500000137,2026-12-18,05:52:53,NEFT,63867,IRCTC,Pune,POS,No,Normal Transaction
905585,500000067,2026-06-05,16:42:27,Debit Card,51144,Paytm,Pune,POS,No,Normal Transaction
905586,500000131,2026-12-25,23:26:13,NEFT,17317,Reliance,Lucknow,POS,No,Normal Transaction
905587,500000122,2026-11-27,02:55:29,UPI,83178,DMart,Pune,Laptop,No,Normal Transaction
905588,500000072,2026-04-03,22:11:14,RTGS,14531,Paytm,Mumbai,POS,No,Normal Transaction
905589,500000039,2027-01-01,07:24:37,UPI,65140,IRCTC,Lucknow,POS,No,Normal Transaction
905590,500000071,2026-09-07,01:43:34,NEFT,87269,Amazon,Hyderabad,Laptop,No,Normal Transaction
905591,500000058,2026-03-27,06:32:06,NEFT,97813,Zomato,Delhi,POS,No,Normal Transaction
905592,500000077,2026-08-22,08:02:52,NEFT,14948,Swiggy,Delhi,Laptop,Yes,High Amount
905593,500000072,2026-11-17,07:15:12,ATM,20838,PhonePe,Bengaluru,Mobile,No,Normal Transaction
905594,500000154,2026-09-28,13:37:08,NEFT,74539,Uber,Bengaluru,POS,No,Normal Transaction
905595,500000036,2026-10-09,15:49:46,IMPS,46954,IRCTC,Lucknow,Laptop,No,Normal Transaction
905596,500000016,2026-09-03,18:32:04,UPI,26783,DMart,Bengaluru,ATM,No,Normal Transaction
905597,500000023,2026-10-11,18:01:55,RTGS,66123,IRCTC,Delhi,ATM,No,Normal Transaction
905598,500000080,2026-07-08,12:40:16,Debit Card,80395,PhonePe,Mumbai,POS,No,Normal Transaction
905599,500000004,2026-10-24,02:52:27,ATM,48073,Amazon,Kolkata,Mobile,No,Normal Transaction
905600,500000013,2026-07-04,05:21:38,ATM,85597,DMart,Delhi,ATM,No,Normal Transaction
905601,500000170,2026-01-15,01:14:51,IMPS,9737,PhonePe,Mumbai,POS,No,Normal Transaction
905602,500000095,2026-10-11,16:04:33,UPI,39187,IRCTC,Kolkata,Mobile,No,Normal Transaction
905603,500000041,2026-07-31,19:15:11,IMPS,62617,Swiggy,Lucknow,ATM,No,Normal Transaction
905604,500000171,2026-07-27,12:57:46,RTGS,98303,Paytm,Pune,ATM,No,Normal Transaction
905605,500000019,2026-05-12,23:41:37,IMPS,77793,DMart,Lucknow,Mobile,No,Normal Transaction
905606,500000122,2026-01-10,21:43:07,Debit Card,75071,IRCTC,Kolkata,ATM,No,Normal Transaction
905607,500000104,2026-12-02,18:54:42,NEFT,26411,Paytm,Mumbai,ATM,No,Normal Transaction
905608,500000048,2026-05-25,22:29:24,UPI,43950,Amazon,Kolkata,POS,No,Normal Transaction
905609,500000003,2026-09-13,19:54:11,Debit Card,75369,Uber,Kolkata,Mobile,No,Normal Transaction
905610,500000075,2026-03-07,00:57:40,NEFT,4164,PhonePe,Lucknow,Mobile,No,Normal Transaction
905611,500000070,2026-09-02,22:55:48,RTGS,44806,Paytm,Hyderabad,Laptop,No,Normal Transaction
905612,500000159,2026-11-10,15:40:46,Credit Card,42283,Flipkart,Kolkata,POS,No,Normal Transaction
905613,500000150,2026-07-25,13:12:03,UPI,51527,Paytm,Pune,ATM,No,Normal Transaction
905614,500000084,2026-12-29,06:18:21,UPI,98326,Amazon,Hyderabad,POS,Yes,Multiple Transactions
905615,500000052,2026-11-25,03:31:19,Debit Card,82037,Reliance,Bengaluru,Mobile,No,Normal Transaction
905616,500000157,2026-08-27,11:51:07,RTGS,69485,IRCTC,Bengaluru,POS,No,Normal Transaction
905617,500000116,2026-12-09,11:33:17,Debit Card,40905,Reliance,Lucknow,Mobile,No,Normal Transaction
905618,500000041,2026-06-18,15:16:58,IMPS,76480,DMart,Mumbai,Laptop,No,Normal Transaction
905619,500000030,2026-07-19,10:48:34,IMPS,40142,Flipkart,Kolkata,Laptop,No,Normal Transaction
905620,500000031,2026-01-24,15:50:44,UPI,93778,Paytm,Hyderabad,Mobile,No,Normal Transaction
905621,500000033,2026-02-06,00:21:50,RTGS,55997,Paytm,Delhi,POS,No,Normal Transaction
905622,500000114,2026-08-14,02:41:29,IMPS,19797,DMart,Bengaluru,Laptop,No,Normal Transaction
905623,500000152,2026-10-12,12:33:34,Credit Card,35244,PhonePe,Bengaluru,POS,No,Normal Transaction
905624,500000113,2026-08-11,00:56:31,IMPS,82996,PhonePe,Kolkata,POS,No,Normal Transaction
905625,500000106,2026-08-27,21:13:15,Debit Card,94839,Zomato,Bengaluru,ATM,No,Normal Transaction
905626,500000118,2026-08-18,06:09:22,Debit Card,35581,Uber,Bengaluru,ATM,Yes,High Amount
905627,500000023,2026-10-23,23:26:36,Debit Card,54703,Zomato,Pune,Laptop,No,Normal Transaction
905628,500000062,2026-03-17,12:25:29,RTGS,2289,Flipkart,Hyderabad,Mobile,No,Normal Transaction
905629,500000144,2026-05-24,04:55:24,RTGS,43059,Reliance,Bengaluru,Mobile,No,Normal Transaction
905630,500000025,2026-07-21,22:14:24,ATM,82810,Flipkart,Lucknow,POS,No,Normal Transaction
905631,500000134,2026-08-24,04:20:05,Debit Card,63187,DMart,Lucknow,Mobile,No,Normal Transaction
905632,500000070,2026-02-11,18:17:38,ATM,38670,Reliance,Kolkata,Mobile,No,Normal Transaction
905633,500000073,2026-08-23,13:50:26,NEFT,65476,Uber,Mumbai,Mobile,No,Normal Transaction
905634,500000080,2026-07-12,04:59:33,Credit Card,84317,DMart,Kolkata,Mobile,No,Normal Transaction
905635,500000063,2026-01-19,11:50:24,RTGS,13768,Amazon,Pune,ATM,Yes,High Amount
905636,500000107,2026-02-08,00:10:22,NEFT,39800,Flipkart,Bengaluru,Laptop,No,Normal Transaction
905637,500000158,2026-09-09,07:12:58,UPI,25429,Zomato,Pune,POS,No,Normal Transaction
905638,500000057,2026-09-03,15:40:12,IMPS,92886,Zomato,Hyderabad,POS,No,Normal Transaction
905639,500000106,2026-10-01,03:43:48,RTGS,69239,Paytm,Delhi,ATM,No,Normal Transaction
905640,500000166,2026-07-19,02:55:13,ATM,41978,Uber,Hyderabad,POS,No,Normal Transaction
905641,500000007,2026-05-13,08:57:43,IMPS,73500,Amazon,Bengaluru,ATM,No,Normal Transaction
905642,500000155,2026-08-17,02:50:13,UPI,55026,PhonePe,Lucknow,Laptop,No,Normal Transaction
905643,500000129,2026-01-12,23:35:57,UPI,19459,Paytm,Delhi,POS,No,Normal Transaction
905644,500000158,2026-12-18,21:12:55,ATM,96549,Swiggy,Mumbai,Mobile,No,Normal Transaction
905645,500000088,2026-09-28,19:04:03,ATM,52680,Zomato,Bengaluru,Mobile,No,Normal Transaction
905646,500000169,2026-06-03,20:51:21,RTGS,71559,Uber,Lucknow,Mobile,No,Normal Transaction
905647,500000065,2026-07-26,03:36:23,UPI,25571,Swiggy,Pune,ATM,No,Normal Transaction
905648,500000022,2026-11-28,14:07:27,ATM,43784,Swiggy,Delhi,Laptop,No,Normal Transaction
905649,500000054,2026-12-13,18:48:45,Credit Card,19657,Paytm,Delhi,Mobile,No,Normal Transaction
905650,500000180,2026-05-01,11:54:36,Credit Card,90177,Swiggy,Lucknow,POS,No,Normal Transaction
905651,500000061,2026-08-02,16:15:12,IMPS,88017,Zomato,Lucknow,Laptop,No,Normal Transaction
905652,500000166,2026-02-09,04:12:12,ATM,64828,Amazon,Lucknow,Laptop,No,Normal Transaction
905653,500000168,2026-09-28,11:28:37,UPI,50229,Paytm,Kolkata,Laptop,No,Normal Transaction
905654,500000180,2026-12-02,06:48:33,NEFT,83455,Swiggy,Lucknow,ATM,Yes,Multiple Transactions
905655,500000008,2026-11-06,12:39:35,Debit Card,23345,DMart,Hyderabad,Mobile,No,Normal Transaction
905656,500000069,2026-03-28,04:49:52,UPI,42543,Paytm,Hyderabad,ATM,No,Normal Transaction
905657,500000091,2026-01-31,05:44:42,UPI,24806,PhonePe,Bengaluru,POS,No,Normal Transaction
905658,500000021,2026-12-15,17:26:45,UPI,54794,Uber,Hyderabad,POS,No,Normal Transaction
905659,500000125,2026-07-25,09:26:32,RTGS,30567,DMart,Lucknow,POS,No,Normal Transaction
905660,500000062,2026-08-16,11:29:54,ATM,96603,Reliance,Bengaluru,POS,No,Normal Transaction
905661,500000155,2026-08-01,06:15:21,Debit Card,6608,Flipkart,Kolkata,POS,No,Normal Transaction
905662,500000064,2026-08-19,09:24:26,NEFT,21947,Amazon,Pune,ATM,No,Normal Transaction
905663,500000092,2026-11-12,20:15:07,UPI,7505,PhonePe,Pune,Laptop,Yes,Midnight Transaction
905664,500000177,2026-02-14,00:13:46,Debit Card,72063,PhonePe,Delhi,POS,No,Normal Transaction
905665,500000158,2026-07-10,14:45:19,UPI,7175,PhonePe,Kolkata,ATM,No,Normal Transaction
905666,500000059,2026-04-07,12:45:57,IMPS,57769,Paytm,Pune,ATM,No,Normal Transaction
905667,500000019,2026-05-21,01:31:22,ATM,73554,DMart,Bengaluru,Laptop,No,Normal Transaction
905668,500000063,2026-04-07,21:05:38,UPI,63499,Uber,Pune,ATM,No,Normal Transaction
905669,500000110,2026-07-10,19:53:33,RTGS,76722,Amazon,Hyderabad,Laptop,No,Normal Transaction
905670,500000063,2026-11-01,18:57:43,Debit Card,41828,Uber,Bengaluru,ATM,No,Normal Transaction
905671,500000100,2026-03-07,20:49:46,IMPS,28192,PhonePe,Pune,ATM,No,Normal Transaction
905672,500000090,2026-09-22,03:59:07,Debit Card,73972,Zomato,Hyderabad,Mobile,No,Normal Transaction
905673,500000071,2026-12-28,12:45:58,Debit Card,22244,Swiggy,Mumbai,ATM,No,Normal Transaction
905674,500000114,2026-11-14,09:17:36,Credit Card,79394,Amazon,Delhi,Laptop,No,Normal Transaction
905675,500000106,2026-06-09,19:58:45,IMPS,49919,DMart,Kolkata,Mobile,No,Normal Transaction
905676,500000101,2026-10-22,02:34:10,IMPS,65534,Reliance,Kolkata,Laptop,No,Normal Transaction
905677,500000134,2026-05-06,02:26:44,Debit Card,13442,IRCTC,Hyderabad,POS,No,Normal Transaction
905678,500000028,2026-08-17,10:39:04,NEFT,27553,Uber,Lucknow,POS,No,Normal Transaction
905679,500000116,2026-03-08,18:03:19,NEFT,57056,PhonePe,Delhi,Laptop,No,Normal Transaction
905680,500000034,2026-01-16,12:00:04,ATM,87225,Uber,Pune,ATM,No,Normal Transaction
905681,500000096,2026-07-01,07:18:49,UPI,5944,Swiggy,Delhi,POS,No,Normal Transaction
905682,500000051,2026-07-11,23:41:34,RTGS,93675,DMart,Hyderabad,Mobile,No,Normal Transaction
905683,500000058,2026-11-20,02:56:37,IMPS,99149,Reliance,Kolkata,ATM,No,Normal Transaction
905684,500000024,2026-11-02,05:56:54,RTGS,55960,Swiggy,Kolkata,Mobile,No,Normal Transaction
905685,500000061,2026-03-21,07:47:39,RTGS,27372,Paytm,Mumbai,POS,No,Normal Transaction
905686,500000111,2026-11-27,15:21:01,NEFT,55416,Amazon,Mumbai,POS,Yes,Different City
905687,500000078,2026-05-08,23:35:19,UPI,66037,Paytm,Delhi,Mobile,No,Normal Transaction
905688,500000154,2026-10-29,07:30:55,ATM,12643,Paytm,Bengaluru,Laptop,No,Normal Transaction
905689,500000148,2026-01-10,01:07:45,IMPS,49225,Zomato,Bengaluru,Laptop,No,Normal Transaction
905690,500000070,2026-09-14,10:39:12,IMPS,68892,Paytm,Lucknow,ATM,No,Normal Transaction
905691,500000051,2026-08-23,10:31:22,UPI,2932,DMart,Pune,POS,No,Normal Transaction
905692,500000103,2026-01-04,13:20:55,IMPS,80849,Paytm,Hyderabad,Mobile,No,Normal Transaction
905693,500000143,2026-11-20,12:22:58,RTGS,18586,Swiggy,Pune,Laptop,No,Normal Transaction
905694,500000107,2026-04-10,19:05:28,ATM,57966,Reliance,Lucknow,ATM,No,Normal Transaction
905695,500000177,2026-05-01,23:57:01,Credit Card,63424,IRCTC,Mumbai,ATM,No,Normal Transaction
905696,500000126,2026-03-19,05:36:43,IMPS,66994,Amazon,Mumbai,Mobile,No,Normal Transaction
905697,500000027,2026-06-05,09:14:08,ATM,54273,Flipkart,Pune,Laptop,No,Normal Transaction
905698,500000039,2026-02-18,18:25:33,Debit Card,49345,PhonePe,Delhi,ATM,No,Normal Transaction
905699,500000112,2026-04-30,02:09:29,Debit Card,87331,DMart,Delhi,POS,No,Normal Transaction
905700,500000176,2026-01-08,16:31:29,Debit Card,69103,PhonePe,Lucknow,ATM,No,Normal Transaction
905701,500000062,2026-09-08,11:55:54,IMPS,72923,Zomato,Bengaluru,Mobile,No,Normal Transaction
905702,500000033,2026-11-30,20:36:17,RTGS,53215,IRCTC,Delhi,Mobile,No,Normal Transaction
905703,500000013,2026-05-05,13:09:19,IMPS,56296,PhonePe,Kolkata,ATM,No,Normal Transaction
905704,500000123,2026-03-24,21:01:01,Credit Card,42702,Flipkart,Hyderabad,Mobile,No,Normal Transaction
905705,500000068,2026-07-18,07:53:48,RTGS,57343,DMart,Pune,ATM,No,Normal Transaction
905706,500000177,2026-10-23,15:49:30,IMPS,66044,Paytm,Bengaluru,Laptop,No,Normal Transaction
905707,500000121,2026-07-12,08:01:51,RTGS,92854,Zomato,Delhi,Mobile,No,Normal Transaction
905708,500000014,2026-07-18,14:56:29,IMPS,63862,Amazon,Bengaluru,ATM,No,Normal Transaction
905709,500000139,2026-05-06,14:10:07,Credit Card,71124,Amazon,Kolkata,POS,No,Normal Transaction
905710,500000082,2026-02-23,12:33:02,Debit Card,82443,Paytm,Mumbai,POS,No,Normal Transaction
905711,500000085,2026-07-14,15:03:08,Debit Card,74107,Reliance,Pune,Laptop,No,Normal Transaction
905712,500000062,2026-03-02,08:53:40,ATM,87116,Flipkart,Delhi,ATM,No,Normal Transaction
905713,500000017,2026-08-11,19:44:14,UPI,73736,Paytm,Lucknow,Mobile,No,Normal Transaction
905714,500000012,2026-12-30,06:02:50,ATM,69329,PhonePe,Lucknow,Laptop,No,Normal Transaction
905715,500000107,2026-08-31,12:51:50,NEFT,30127,Uber,Pune,Mobile,No,Normal Transaction
905716,500000125,2026-07-22,18:24:57,RTGS,54488,Amazon,Delhi,POS,No,Normal Transaction
905717,500000118,2026-09-01,11:24:58,IMPS,32115,Reliance,Kolkata,ATM,No,Normal Transaction
905718,500000021,2026-01-11,22:15:11,RTGS,79793,Amazon,Pune,Laptop,No,Normal Transaction
905719,500000059,2026-09-02,09:05:59,Debit Card,12722,IRCTC,Mumbai,Mobile,No,Normal Transaction
905720,500000055,2026-01-28,10:14:44,UPI,67013,Flipkart,Pune,ATM,No,Normal Transaction
905721,500000173,2026-04-11,10:58:04,ATM,44240,Zomato,Hyderabad,ATM,No,Normal Transaction
905722,500000124,2026-09-27,03:50:29,IMPS,39233,IRCTC,Bengaluru,Laptop,No,Normal Transaction
905723,500000088,2026-04-29,15:27:49,UPI,81033,Reliance,Pune,ATM,No,Normal Transaction
905724,500000104,2026-05-02,13:04:10,RTGS,87577,Swiggy,Pune,ATM,No,Normal Transaction
905725,500000168,2026-10-06,02:06:24,ATM,75387,Zomato,Delhi,Mobile,No,Normal Transaction
905726,500000123,2026-09-08,17:18:33,UPI,61699,Reliance,Pune,ATM,No,Normal Transaction
905727,500000165,2026-03-12,10:18:31,Credit Card,9171,Amazon,Mumbai,ATM,No,Normal Transaction
905728,500000170,2026-10-05,15:35:39,Debit Card,96020,Flipkart,Kolkata,POS,No,Normal Transaction
905729,500000099,2026-12-09,10:37:09,ATM,10375,PhonePe,Hyderabad,POS,No,Normal Transaction
905730,500000118,2026-04-30,01:57:11,Debit Card,43079,Flipkart,Kolkata,Mobile,No,Normal Transaction
905731,500000096,2026-12-06,14:23:37,IMPS,81410,Zomato,Hyderabad,Mobile,No,Normal Transaction
905732,500000108,2026-03-02,19:46:58,IMPS,30556,PhonePe,Hyderabad,ATM,No,Normal Transaction
905733,500000125,2026-02-28,16:17:48,IMPS,66741,Reliance,Mumbai,ATM,No,Normal Transaction
905734,500000124,2026-06-22,11:58:07,RTGS,83194,Amazon,Kolkata,POS,No,Normal Transaction
905735,500000017,2026-06-14,22:54:53,Credit Card,91099,Zomato,Mumbai,ATM,No,Normal Transaction
905736,500000180,2026-02-09,21:59:12,Debit Card,33013,DMart,Bengaluru,ATM,No,Normal Transaction
905737,500000144,2026-09-15,03:31:49,Credit Card,84811,IRCTC,Mumbai,POS,No,Normal Transaction
905738,500000009,2026-11-10,18:38:08,ATM,93621,Uber,Delhi,Laptop,No,Normal Transaction
905739,500000003,2026-06-15,06:19:45,ATM,52026,Paytm,Bengaluru,ATM,No,Normal Transaction
905740,500000019,2026-10-05,00:44:56,Debit Card,57073,Amazon,Bengaluru,Laptop,No,Normal Transaction
905741,500000180,2026-08-17,22:54:23,IMPS,92601,DMart,Bengaluru,ATM,No,Normal Transaction
905742,500000135,2026-01-30,07:45:29,Debit Card,98354,Zomato,Pune,Mobile,Yes,Multiple Transactions
905743,500000119,2026-09-06,00:25:10,IMPS,84484,Flipkart,Hyderabad,Laptop,No,Normal Transaction
905744,500000012,2026-03-13,20:25:16,IMPS,4274,Uber,Hyderabad,Mobile,No,Normal Transaction
905745,500000154,2026-12-15,13:34:32,Debit Card,24233,Uber,Bengaluru,Laptop,No,Normal Transaction
905746,500000058,2026-12-03,04:01:40,Credit Card,11923,Uber,Hyderabad,ATM,No,Normal Transaction
905747,500000100,2026-09-12,05:49:21,ATM,73345,Swiggy,Delhi,ATM,No,Normal Transaction
905748,500000103,2026-07-11,20:18:08,Debit Card,50077,DMart,Bengaluru,POS,No,Normal Transaction
905749,500000071,2026-12-11,02:34:36,RTGS,21326,PhonePe,Lucknow,POS,No,Normal Transaction
905750,500000102,2026-03-21,01:40:10,Debit Card,40283,Uber,Mumbai,POS,No,Normal Transaction
905751,500000024,2026-12-13,06:25:03,UPI,29365,Paytm,Delhi,ATM,No,Normal Transaction
905752,500000083,2026-08-01,17:43:53,RTGS,15171,Flipkart,Pune,Mobile,No,Normal Transaction
905753,500000115,2026-09-14,12:05:56,Credit Card,60702,Flipkart,Lucknow,Laptop,No,Normal Transaction
905754,500000101,2026-06-08,07:16:30,IMPS,72587,Zomato,Lucknow,Laptop,No,Normal Transaction
905755,500000068,2026-05-08,22:25:12,ATM,95332,Reliance,Delhi,Mobile,No,Normal Transaction
905756,500000109,2026-09-13,22:33:13,Debit Card,37668,PhonePe,Bengaluru,Laptop,No,Normal Transaction
905757,500000012,2026-01-23,02:02:45,Debit Card,68998,Swiggy,Delhi,Laptop,No,Normal Transaction
905758,500000110,2026-09-05,13:52:32,ATM,24257,Swiggy,Kolkata,ATM,No,Normal Transaction
905759,500000130,2026-01-30,17:42:01,ATM,63712,Uber,Hyderabad,Mobile,No,Normal Transaction
905760,500000074,2026-10-28,14:20:07,ATM,87174,Flipkart,Lucknow,ATM,No,Normal Transaction
905761,500000159,2026-11-09,22:35:45,IMPS,48791,Zomato,Bengaluru,POS,No,Normal Transaction
905762,500000115,2026-09-09,06:06:21,RTGS,85583,DMart,Mumbai,POS,No,Normal Transaction
905763,500000045,2026-11-13,00:39:05,NEFT,15160,Uber,Bengaluru,POS,No,Normal Transaction
905764,500000063,2026-07-18,13:01:14,UPI,39772,Swiggy,Bengaluru,POS,No,Normal Transaction
905765,500000093,2026-07-28,01:44:09,NEFT,7380,Amazon,Bengaluru,Mobile,No,Normal Transaction
905766,500000157,2026-05-10,15:29:50,RTGS,77645,IRCTC,Bengaluru,ATM,No,Normal Transaction
905767,500000084,2026-03-28,17:00:35,Debit Card,84860,Reliance,Kolkata,Laptop,No,Normal Transaction
905768,500000081,2026-03-10,11:50:45,RTGS,65821,Uber,Kolkata,ATM,No,Normal Transaction
905769,500000162,2026-04-09,06:53:20,Credit Card,70439,Zomato,Lucknow,Mobile,No,Normal Transaction
905770,500000154,2026-09-03,05:38:04,UPI,34692,Zomato,Bengaluru,Mobile,No,Normal Transaction
905771,500000099,2026-06-01,21:07:33,UPI,61420,IRCTC,Bengaluru,ATM,No,Normal Transaction
905772,500000048,2026-05-10,06:26:01,ATM,22579,Amazon,Mumbai,Laptop,No,Normal Transaction
905773,500000087,2026-12-12,15:57:06,UPI,98005,PhonePe,Lucknow,Laptop,No,Normal Transaction
905774,500000079,2026-08-11,05:33:45,IMPS,93910,Paytm,Delhi,Mobile,No,Normal Transaction
905775,500000173,2026-03-31,10:31:34,RTGS,16911,Swiggy,Hyderabad,ATM,No,Normal Transaction
905776,500000157,2026-10-20,23:37:05,Credit Card,4630,PhonePe,Lucknow,ATM,No,Normal Transaction
905777,500000067,2026-02-27,14:14:40,Debit Card,2804,Reliance,Hyderabad,POS,No,Normal Transaction
905778,500000154,2026-03-03,06:35:42,ATM,48863,Swiggy,Pune,POS,No,Normal Transaction
905779,500000100,2026-06-24,19:05:56,RTGS,81066,DMart,Lucknow,ATM,No,Normal Transaction
905780,500000045,2026-07-13,22:25:46,Debit Card,62749,IRCTC,Lucknow,Laptop,No,Normal Transaction
905781,500000036,2026-05-04,00:56:49,IMPS,68298,Flipkart,Delhi,ATM,No,Normal Transaction
905782,500000129,2026-10-04,14:54:01,IMPS,48535,Reliance,Pune,ATM,No,Normal Transaction
905783,500000024,2027-01-01,23:40:06,IMPS,58626,Reliance,Pune,ATM,No,Normal Transaction
905784,500000028,2026-12-29,02:46:05,ATM,76162,Zomato,Kolkata,Laptop,No,Normal Transaction
905785,500000112,2026-11-24,21:40:31,IMPS,41342,PhonePe,Lucknow,ATM,No,Normal Transaction
905786,500000138,2026-11-30,21:00:29,NEFT,87050,Amazon,Lucknow,ATM,No,Normal Transaction
905787,500000136,2026-12-24,20:05:07,RTGS,7488,Zomato,Hyderabad,Mobile,No,Normal Transaction
905788,500000044,2026-01-26,15:00:02,Credit Card,59818,DMart,Mumbai,ATM,No,Normal Transaction
905789,500000084,2026-11-19,22:17:05,UPI,12310,Reliance,Bengaluru,Laptop,No,Normal Transaction
905790,500000115,2026-03-05,06:51:59,NEFT,52355,Swiggy,Pune,ATM,No,Normal Transaction
905791,500000009,2026-03-03,12:24:01,RTGS,53258,DMart,Hyderabad,ATM,No,Normal Transaction
905792,500000166,2026-10-19,08:33:30,NEFT,49786,Zomato,Pune,Mobile,No,Normal Transaction
905793,500000111,2026-09-17,04:37:35,IMPS,1892,Uber,Hyderabad,ATM,No,Normal Transaction
905794,500000159,2026-01-06,00:52:38,RTGS,64435,Flipkart,Delhi,POS,No,Normal Transaction
905795,500000015,2026-09-01,04:11:55,Debit Card,58457,Swiggy,Lucknow,ATM,No,Normal Transaction
905796,500000059,2026-02-12,22:06:11,IMPS,84259,Flipkart,Pune,POS,No,Normal Transaction
905797,500000168,2026-06-17,14:26:28,IMPS,48997,Flipkart,Delhi,Laptop,No,Normal Transaction
905798,500000157,2026-04-08,10:47:06,RTGS,60165,Swiggy,Hyderabad,Laptop,No,Normal Transaction
905799,500000072,2026-12-06,21:18:10,ATM,26882,Reliance,Hyderabad,Laptop,No,Normal Transaction
905800,500000177,2026-10-24,23:36:55,UPI,10555,Swiggy,Pune,ATM,No,Normal Transaction
905801,500000179,2026-07-03,14:18:29,Credit Card,43263,PhonePe,Hyderabad,Laptop,No,Normal Transaction
905802,500000170,2026-08-25,04:03:04,NEFT,60149,Reliance,Mumbai,Laptop,No,Normal Transaction
905803,500000068,2026-11-06,07:06:33,Debit Card,91317,DMart,Pune,Mobile,No,Normal Transaction
905804,500000084,2026-12-12,11:52:16,NEFT,36248,Amazon,Lucknow,POS,No,Normal Transaction
905805,500000061,2026-06-12,23:09:21,RTGS,16510,PhonePe,Bengaluru,ATM,No,Normal Transaction
905806,500000043,2026-01-30,18:36:17,IMPS,35245,Amazon,Mumbai,ATM,No,Normal Transaction
905807,500000014,2026-05-26,16:33:56,ATM,38000,Swiggy,Mumbai,ATM,No,Normal Transaction
905808,500000142,2026-09-03,22:58:11,ATM,32139,Paytm,Delhi,ATM,No,Normal Transaction
905809,500000067,2026-06-13,23:30:09,Debit Card,33710,PhonePe,Kolkata,Mobile,No,Normal Transaction
905810,500000004,2026-11-27,03:20:12,Credit Card,21815,Swiggy,Kolkata,POS,No,Normal Transaction
905811,500000091,2026-02-06,02:15:52,Debit Card,72401,DMart,Kolkata,Mobile,No,Normal Transaction
905812,500000026,2026-12-03,05:47:51,UPI,94379,Amazon,Hyderabad,ATM,No,Normal Transaction
905813,500000132,2026-03-23,06:34:33,RTGS,48625,Zomato,Delhi,Laptop,No,Normal Transaction
905814,500000125,2026-12-03,04:25:31,Credit Card,69019,DMart,Mumbai,ATM,No,Normal Transaction
905815,500000172,2026-02-11,22:10:38,ATM,77435,Paytm,Kolkata,Mobile,No,Normal Transaction
905816,500000161,2026-08-06,23:26:17,Debit Card,7146,DMart,Kolkata,Mobile,No,Normal Transaction
905817,500000111,2026-01-09,11:31:01,UPI,61591,Zomato,Mumbai,ATM,No,Normal Transaction
905818,500000157,2026-07-31,03:34:53,UPI,99453,Paytm,Mumbai,ATM,No,Normal Transaction
905819,500000022,2026-04-12,23:45:10,Debit Card,13886,PhonePe,Mumbai,POS,No,Normal Transaction
905820,500000126,2026-08-19,17:16:35,ATM,33177,Uber,Delhi,ATM,No,Normal Transaction
905821,500000047,2026-10-12,13:24:12,Debit Card,63618,PhonePe,Delhi,POS,No,Normal Transaction
905822,500000081,2026-11-13,21:47:47,ATM,23668,Uber,Pune,Mobile,No,Normal Transaction
905823,500000102,2026-02-13,20:12:29,NEFT,21605,Zomato,Mumbai,Laptop,No,Normal Transaction
905824,500000050,2026-08-15,06:14:19,ATM,66807,Paytm,Bengaluru,ATM,No,Normal Transaction
905825,500000092,2026-07-05,09:15:34,Debit Card,26723,Uber,Bengaluru,Mobile,No,Normal Transaction
905826,500000091,2026-07-12,01:59:10,Credit Card,82706,Paytm,Mumbai,POS,No,Normal Transaction
905827,500000144,2026-08-23,04:17:46,IMPS,64182,Uber,Lucknow,Laptop,No,Normal Transaction
905828,500000081,2026-12-25,20:44:41,ATM,52125,IRCTC,Mumbai,Laptop,No,Normal Transaction
905829,500000066,2026-06-21,03:03:59,RTGS,14123,Swiggy,Bengaluru,ATM,No,Normal Transaction
905830,500000178,2026-01-25,11:55:52,Credit Card,54486,Amazon,Pune,Laptop,No,Normal Transaction
905831,500000019,2026-10-05,10:33:12,RTGS,50698,DMart,Bengaluru,Laptop,No,Normal Transaction
905832,500000008,2026-02-21,23:24:04,RTGS,5537,Swiggy,Pune,POS,No,Normal Transaction
905833,500000040,2026-07-12,21:35:26,RTGS,69235,Flipkart,Mumbai,ATM,No,Normal Transaction
905834,500000045,2026-12-03,10:39:23,Credit Card,25736,Paytm,Lucknow,Laptop,No,Normal Transaction
905835,500000007,2026-12-20,11:50:32,IMPS,50541,Reliance,Mumbai,POS,No,Normal Transaction
905836,500000122,2026-02-15,08:24:25,RTGS,98787,Uber,Delhi,POS,Yes,Different City
905837,500000171,2026-02-23,09:24:23,UPI,84087,Paytm,Pune,Mobile,No,Normal Transaction
905838,500000129,2026-04-02,12:40:55,IMPS,1771,DMart,Hyderabad,Mobile,No,Normal Transaction
905839,500000171,2026-08-03,22:27:51,RTGS,61310,Flipkart,Delhi,POS,No,Normal Transaction
905840,500000025,2026-10-13,22:01:11,IMPS,50159,IRCTC,Lucknow,POS,No,Normal Transaction
905841,500000153,2026-03-24,01:01:09,NEFT,59104,Zomato,Mumbai,Mobile,No,Normal Transaction
905842,500000076,2026-09-15,08:00:36,UPI,83373,Uber,Lucknow,POS,No,Normal Transaction
905843,500000071,2026-02-10,17:54:46,UPI,89448,Swiggy,Kolkata,Mobile,No,Normal Transaction
905844,500000151,2026-02-12,16:43:01,IMPS,51444,Swiggy,Lucknow,POS,No,Normal Transaction
905845,500000082,2026-02-18,12:55:17,ATM,74618,Reliance,Bengaluru,POS,No,Normal Transaction
905846,500000150,2026-06-29,10:39:11,RTGS,32597,Swiggy,Lucknow,Laptop,No,Normal Transaction
905847,500000010,2026-10-01,08:47:25,NEFT,66360,Amazon,Hyderabad,POS,No,Normal Transaction
905848,500000150,2026-09-10,07:23:37,Debit Card,71063,Paytm,Lucknow,ATM,No,Normal Transaction
905849,500000122,2026-04-19,22:04:10,Credit Card,85528,DMart,Kolkata,POS,No,Normal Transaction
905850,500000141,2026-12-12,08:02:39,UPI,78224,Zomato,Bengaluru,POS,No,Normal Transaction
905851,500000040,2026-06-23,20:48:07,IMPS,19095,IRCTC,Kolkata,ATM,No,Normal Transaction
905852,500000106,2026-12-03,23:06:31,Credit Card,57632,Reliance,Delhi,Laptop,No,Normal Transaction
905853,500000178,2026-03-10,18:27:05,UPI,43520,Uber,Pune,Laptop,No,Normal Transaction
905854,500000105,2026-02-02,12:46:36,Credit Card,92546,Zomato,Kolkata,Laptop,No,Normal Transaction
905855,500000104,2026-10-02,19:17:47,NEFT,35021,Reliance,Delhi,Mobile,No,Normal Transaction
905856,500000173,2026-09-11,12:17:58,NEFT,72037,Amazon,Kolkata,ATM,No,Normal Transaction
905857,500000051,2026-03-04,23:35:26,NEFT,74378,Uber,Kolkata,Laptop,No,Normal Transaction
905858,500000011,2026-03-23,07:56:22,IMPS,26564,Paytm,Bengaluru,ATM,No,Normal Transaction
905859,500000146,2026-02-14,13:43:39,NEFT,86426,IRCTC,Hyderabad,Mobile,No,Normal Transaction
905860,500000123,2026-04-19,14:56:33,ATM,74014,IRCTC,Hyderabad,ATM,No,Normal Transaction
905861,500000123,2026-02-05,19:18:39,RTGS,9311,PhonePe,Lucknow,POS,No,Normal Transaction
905862,500000158,2026-04-29,15:36:50,UPI,33672,Paytm,Lucknow,ATM,No,Normal Transaction
905863,500000066,2026-01-05,14:53:58,RTGS,34454,IRCTC,Kolkata,Laptop,No,Normal Transaction
905864,500000015,2026-09-04,09:23:44,Credit Card,38839,Swiggy,Delhi,ATM,No,Normal Transaction
905865,500000045,2026-10-22,08:26:49,Credit Card,30795,DMart,Lucknow,Laptop,No,Normal Transaction
905866,500000012,2026-03-23,21:06:21,NEFT,48896,Swiggy,Lucknow,Laptop,Yes,Midnight Transaction
905867,500000065,2026-10-14,06:35:59,UPI,4463,Swiggy,Bengaluru,Mobile,No,Normal Transaction
905868,500000016,2026-05-23,08:45:46,Debit Card,31169,IRCTC,Kolkata,Laptop,No,Normal Transaction
905869,500000148,2026-11-12,21:22:02,UPI,55003,Paytm,Lucknow,ATM,No,Normal Transaction
905870,500000118,2026-10-30,10:58:45,Credit Card,95155,IRCTC,Mumbai,Laptop,No,Normal Transaction
905871,500000126,2026-02-16,00:34:05,IMPS,41787,IRCTC,Delhi,ATM,No,Normal Transaction
905872,500000058,2026-12-04,18:30:48,IMPS,75686,Swiggy,Kolkata,POS,No,Normal Transaction
905873,500000046,2026-03-16,12:16:43,UPI,62501,Uber,Lucknow,Mobile,No,Normal Transaction
905874,500000060,2026-10-12,02:40:59,NEFT,51420,PhonePe,Kolkata,POS,No,Normal Transaction
905875,500000024,2026-01-12,20:01:23,ATM,10524,DMart,Pune,ATM,No,Normal Transaction
905876,500000167,2026-12-19,10:38:08,Debit Card,70639,DMart,Mumbai,Mobile,No,Normal Transaction
905877,500000053,2026-12-06,08:16:53,ATM,81041,Reliance,Lucknow,POS,No,Normal Transaction
905878,500000059,2026-06-28,17:17:23,UPI,67698,DMart,Bengaluru,POS,No,Normal Transaction
905879,500000169,2026-05-30,00:29:27,RTGS,72202,Swiggy,Kolkata,POS,No,Normal Transaction
905880,500000062,2026-10-10,18:20:08,Credit Card,17417,PhonePe,Delhi,ATM,No,Normal Transaction
905881,500000039,2026-04-17,22:49:35,Debit Card,9702,IRCTC,Hyderabad,ATM,No,Normal Transaction
905882,500000028,2026-07-17,02:35:54,UPI,33145,Amazon,Hyderabad,POS,No,Normal Transaction
905883,500000066,2026-01-17,01:24:16,UPI,97105,Amazon,Bengaluru,Mobile,No,Normal Transaction
905884,500000001,2026-10-24,10:42:33,IMPS,8455,PhonePe,Mumbai,Mobile,No,Normal Transaction
905885,500000036,2026-05-04,18:42:58,IMPS,68493,PhonePe,Mumbai,Laptop,No,Normal Transaction
905886,500000092,2026-02-16,04:29:52,Debit Card,3344,Reliance,Lucknow,Mobile,No,Normal Transaction
905887,500000116,2026-08-10,20:25:34,NEFT,71413,Paytm,Pune,POS,No,Normal Transaction
905888,500000165,2026-09-02,09:36:01,Credit Card,35138,Swiggy,Delhi,POS,No,Normal Transaction
905889,500000077,2026-08-06,18:28:13,RTGS,34080,Reliance,Delhi,POS,No,Normal Transaction
905890,500000072,2026-04-06,13:38:39,Debit Card,41936,PhonePe,Pune,Mobile,No,Normal Transaction
905891,500000173,2026-07-15,13:03:49,UPI,45586,Flipkart,Bengaluru,Mobile,No,Normal Transaction
905892,500000001,2026-08-05,04:00:08,ATM,43597,Paytm,Bengaluru,Laptop,No,Normal Transaction
905893,500000065,2026-05-12,04:01:50,NEFT,74659,IRCTC,Bengaluru,Laptop,No,Normal Transaction
905894,500000064,2026-04-05,16:30:30,Credit Card,46392,Paytm,Kolkata,Laptop,No,Normal Transaction
905895,500000080,2026-11-25,13:25:00,NEFT,8838,DMart,Kolkata,ATM,No,Normal Transaction
905896,500000010,2026-11-26,11:17:14,Credit Card,8488,IRCTC,Bengaluru,ATM,No,Normal Transaction
905897,500000105,2026-07-18,01:26:55,UPI,83820,Amazon,Hyderabad,POS,No,Normal Transaction
905898,500000093,2026-09-25,04:41:47,RTGS,87640,PhonePe,Lucknow,ATM,No,Normal Transaction
905899,500000081,2026-10-23,21:04:06,Debit Card,28899,Paytm,Mumbai,Laptop,No,Normal Transaction
905900,500000094,2026-04-08,23:51:02,Debit Card,26890,DMart,Delhi,POS,No,Normal Transaction
905901,500000173,2026-10-02,20:37:12,RTGS,15022,Swiggy,Lucknow,Laptop,No,Normal Transaction
905902,500000069,2026-01-11,15:26:20,UPI,1893,Swiggy,Hyderabad,Laptop,No,Normal Transaction
905903,500000088,2026-10-17,04:35:54,NEFT,32553,Swiggy,Lucknow,POS,No,Normal Transaction
905904,500000116,2026-05-22,06:04:49,Debit Card,63976,Zomato,Hyderabad,Mobile,No,Normal Transaction
905905,500000115,2026-09-24,17:15:56,Debit Card,48360,PhonePe,Kolkata,Mobile,No,Normal Transaction
905906,500000096,2026-04-17,19:51:20,RTGS,41167,Flipkart,Mumbai,Laptop,No,Normal Transaction
905907,500000064,2026-10-23,14:50:19,NEFT,51897,Zomato,Delhi,POS,No,Normal Transaction
905908,500000141,2026-10-29,20:52:03,Credit Card,14842,DMart,Delhi,Mobile,No,Normal Transaction
905909,500000019,2026-07-25,23:54:01,NEFT,78957,Reliance,Bengaluru,ATM,No,Normal Transaction
905910,500000174,2026-08-29,11:02:19,RTGS,86957,Flipkart,Pune,POS,No,Normal Transaction
905911,500000173,2026-09-27,02:40:57,Credit Card,73662,Uber,Lucknow,POS,No,Normal Transaction
905912,500000157,2026-04-08,14:34:46,ATM,24193,DMart,Kolkata,ATM,No,Normal Transaction
905913,500000035,2026-06-08,16:56:46,NEFT,35424,Amazon,Hyderabad,Laptop,No,Normal Transaction
905914,500000168,2026-05-16,06:32:29,NEFT,35373,Reliance,Bengaluru,ATM,No,Normal Transaction
905915,500000091,2027-01-01,04:59:54,UPI,56897,Swiggy,Mumbai,ATM,No,Normal Transaction
905916,500000057,2026-10-26,08:42:31,Credit Card,94970,Flipkart,Kolkata,POS,No,Normal Transaction
905917,500000101,2026-10-27,05:53:48,ATM,60934,Reliance,Mumbai,POS,No,Normal Transaction
905918,500000154,2026-07-06,00:19:09,Credit Card,36009,Uber,Kolkata,Mobile,No,Normal Transaction
905919,500000130,2026-01-02,21:57:19,RTGS,9332,IRCTC,Lucknow,Mobile,No,Normal Transaction
905920,500000175,2026-07-15,18:00:13,ATM,67587,DMart,Lucknow,POS,No,Normal Transaction
905921,500000022,2026-11-04,11:58:45,UPI,6021,PhonePe,Bengaluru,Laptop,No,Normal Transaction
905922,500000016,2026-12-30,11:08:43,RTGS,18753,Amazon,Lucknow,Laptop,No,Normal Transaction
905923,500000155,2026-02-02,13:47:47,Credit Card,21503,Uber,Mumbai,ATM,No,Normal Transaction
905924,500000110,2026-06-19,18:40:58,IMPS,43658,Paytm,Delhi,Mobile,No,Normal Transaction
905925,500000100,2026-02-06,12:49:13,NEFT,75361,Uber,Lucknow,ATM,No,Normal Transaction
905926,500000121,2026-11-17,08:37:31,IMPS,7292,DMart,Bengaluru,Laptop,No,Normal Transaction
905927,500000075,2026-04-15,12:18:37,NEFT,79893,Paytm,Pune,POS,No,Normal Transaction
905928,500000048,2026-05-30,20:04:26,UPI,1265,Swiggy,Pune,Laptop,No,Normal Transaction
905929,500000062,2026-04-15,18:26:29,Debit Card,16681,Amazon,Delhi,POS,No,Normal Transaction
905930,500000083,2026-08-26,17:24:20,Debit Card,3052,Reliance,Pune,Mobile,No,Normal Transaction
905931,500000022,2026-07-18,23:23:48,RTGS,95961,Zomato,Hyderabad,POS,No,Normal Transaction
905932,500000149,2026-02-09,23:32:56,IMPS,24769,Paytm,Delhi,Mobile,No,Normal Transaction
905933,500000167,2026-06-18,00:18:49,RTGS,62650,Reliance,Pune,ATM,No,Normal Transaction
905934,500000154,2026-01-23,12:03:13,UPI,85231,IRCTC,Delhi,ATM,No,Normal Transaction
905935,500000011,2026-02-06,00:29:01,NEFT,96937,Swiggy,Pune,Laptop,No,Normal Transaction
905936,500000113,2026-03-24,00:28:15,Credit Card,55754,Reliance,Delhi,POS,No,Normal Transaction
905937,500000079,2026-03-09,01:08:52,RTGS,63677,Reliance,Lucknow,Laptop,No,Normal Transaction
905938,500000163,2026-08-09,19:07:31,UPI,85610,Flipkart,Lucknow,POS,No,Normal Transaction
905939,500000096,2026-02-22,18:31:48,NEFT,10902,IRCTC,Hyderabad,ATM,No,Normal Transaction
905940,500000060,2026-01-02,20:09:02,Credit Card,31685,Paytm,Bengaluru,POS,No,Normal Transaction
905941,500000040,2026-06-29,10:35:00,UPI,72961,PhonePe,Hyderabad,ATM,No,Normal Transaction
905942,500000059,2026-11-25,12:00:11,Debit Card,46189,Amazon,Pune,ATM,No,Normal Transaction
905943,500000090,2026-01-01,10:44:57,Debit Card,6719,DMart,Hyderabad,POS,No,Normal Transaction
905944,500000039,2026-10-12,15:25:47,UPI,42174,IRCTC,Kolkata,Laptop,No,Normal Transaction
905945,500000009,2026-02-21,00:09:17,Debit Card,84118,Paytm,Bengaluru,ATM,No,Normal Transaction
905946,500000045,2026-09-15,04:42:44,ATM,41296,Reliance,Lucknow,ATM,No,Normal Transaction
905947,500000019,2026-03-31,03:11:54,Debit Card,80696,Uber,Hyderabad,POS,No,Normal Transaction
905948,500000086,2027-01-01,17:51:47,RTGS,67742,Swiggy,Bengaluru,POS,No,Normal Transaction
905949,500000090,2026-10-08,00:55:57,IMPS,40144,Swiggy,Kolkata,Laptop,No,Normal Transaction
905950,500000016,2026-10-09,01:30:38,ATM,90032,IRCTC,Bengaluru,POS,No,Normal Transaction
905951,500000091,2026-11-27,05:59:45,RTGS,31144,Amazon,Kolkata,ATM,No,Normal Transaction
905952,500000072,2026-09-16,11:32:21,RTGS,3561,IRCTC,Mumbai,Laptop,No,Normal Transaction
905953,500000060,2026-01-22,09:25:41,ATM,34990,Reliance,Bengaluru,Mobile,No,Normal Transaction
905954,500000130,2026-10-21,13:00:16,NEFT,32426,DMart,Kolkata,POS,No,Normal Transaction
905955,500000111,2026-11-23,23:54:06,RTGS,23446,IRCTC,Mumbai,ATM,No,Normal Transaction
905956,500000036,2026-11-05,06:58:22,ATM,80699,PhonePe,Hyderabad,ATM,No,Normal Transaction
905957,500000072,2026-12-28,04:03:52,Debit Card,86419,PhonePe,Hyderabad,ATM,No,Normal Transaction
905958,500000070,2026-12-07,20:57:23,Debit Card,4769,PhonePe,Hyderabad,POS,No,Normal Transaction
905959,500000172,2026-06-04,03:18:30,ATM,27844,PhonePe,Pune,POS,No,Normal Transaction
905960,500000064,2026-11-20,16:06:31,NEFT,14851,Paytm,Kolkata,Laptop,No,Normal Transaction
905961,500000152,2026-09-01,18:56:47,RTGS,72722,Zomato,Pune,ATM,No,Normal Transaction
905962,500000059,2026-12-25,01:16:15,NEFT,78824,DMart,Lucknow,Laptop,No,Normal Transaction
905963,500000017,2026-08-31,07:08:27,IMPS,40632,DMart,Mumbai,Mobile,No,Normal Transaction
905964,500000070,2026-10-11,10:12:11,Credit Card,13110,Swiggy,Delhi,ATM,No,Normal Transaction
905965,500000168,2026-01-17,08:08:21,NEFT,87664,Paytm,Bengaluru,POS,No,Normal Transaction
905966,500000042,2026-01-29,16:17:15,UPI,9994,Zomato,Lucknow,POS,No,Normal Transaction
905967,500000111,2026-11-14,08:06:41,Credit Card,55399,PhonePe,Delhi,POS,No,Normal Transaction
905968,500000082,2026-03-12,01:01:10,UPI,45711,Paytm,Lucknow,ATM,No,Normal Transaction
905969,500000110,2026-11-09,11:09:51,Debit Card,89663,Amazon,Bengaluru,Mobile,No,Normal Transaction
905970,500000036,2026-08-27,08:48:00,UPI,57502,Uber,Pune,Laptop,No,Normal Transaction
905971,500000110,2026-03-21,17:46:54,ATM,73546,Flipkart,Lucknow,ATM,No,Normal Transaction
905972,500000089,2026-03-05,17:42:34,RTGS,39520,Amazon,Lucknow,ATM,No,Normal Transaction
905973,500000112,2026-12-14,19:00:22,Credit Card,98602,Swiggy,Bengaluru,Laptop,No,Normal Transaction
905974,500000176,2026-04-07,06:06:06,RTGS,63906,IRCTC,Delhi,Laptop,No,Normal Transaction
905975,500000069,2026-10-23,00:47:49,RTGS,70324,Zomato,Mumbai,Laptop,No,Normal Transaction
905976,500000096,2026-03-01,00:59:13,UPI,83779,Swiggy,Lucknow,Mobile,Yes,Midnight Transaction
905977,500000075,2026-04-27,04:51:59,IMPS,94728,Uber,Lucknow,ATM,No,Normal Transaction
905978,500000061,2026-04-25,17:31:40,RTGS,36805,Reliance,Lucknow,Mobile,No,Normal Transaction
905979,500000044,2026-10-22,07:44:13,Debit Card,62131,Amazon,Delhi,Laptop,No,Normal Transaction
905980,500000176,2026-11-28,00:07:09,UPI,58958,Flipkart,Lucknow,Laptop,No,Normal Transaction
905981,500000141,2026-10-06,12:45:30,UPI,65156,Swiggy,Pune,ATM,No,Normal Transaction
905982,500000156,2026-12-10,21:42:33,UPI,52267,Flipkart,Hyderabad,Mobile,No,Normal Transaction
905983,500000158,2026-07-16,07:27:04,RTGS,362,PhonePe,Pune,Laptop,No,Normal Transaction
905984,500000006,2026-09-19,06:59:09,RTGS,79926,Amazon,Delhi,ATM,No,Normal Transaction
905985,500000042,2026-10-09,04:45:06,UPI,11018,DMart,Pune,Laptop,No,Normal Transaction
905986,500000156,2026-11-24,14:19:27,ATM,10699,Flipkart,Lucknow,POS,No,Normal Transaction
905987,500000121,2026-05-07,18:20:51,Debit Card,64620,Uber,Lucknow,POS,No,Normal Transaction
905988,500000130,2026-10-28,21:58:20,RTGS,65482,IRCTC,Lucknow,Laptop,No,Normal Transaction
905989,500000173,2026-03-23,07:28:09,Debit Card,47929,DMart,Pune,POS,No,Normal Transaction
905990,500000043,2026-10-24,20:00:53,NEFT,73199,IRCTC,Lucknow,ATM,No,Normal Transaction
905991,500000170,2026-12-19,14:24:20,Debit Card,41494,PhonePe,Delhi,Laptop,No,Normal Transaction
905992,500000044,2026-02-11,15:16:31,Debit Card,44849,Amazon,Bengaluru,Mobile,No,Normal Transaction
905993,500000126,2026-02-07,07:40:55,RTGS,41320,Zomato,Bengaluru,ATM,No,Normal Transaction
905994,500000006,2026-07-30,06:23:50,Debit Card,21876,Flipkart,Hyderabad,Mobile,No,Normal Transaction
905995,500000082,2026-07-11,21:51:44,RTGS,7077,IRCTC,Lucknow,POS,No,Normal Transaction
905996,500000119,2026-11-27,07:20:31,RTGS,57162,IRCTC,Lucknow,Laptop,No,Normal Transaction
905997,500000058,2026-01-20,00:09:28,Debit Card,94200,Uber,Delhi,Laptop,No,Normal Transaction
905998,500000054,2027-01-01,00:38:02,IMPS,83357,Swiggy,Hyderabad,ATM,No,Normal Transaction
905999,500000060,2026-11-29,16:59:29,IMPS,52027,IRCTC,Kolkata,POS,No,Normal Transaction
906000,500000029,2026-07-15,22:15:40,UPI,6438,DMart,Hyderabad,Mobile,No,Normal Transaction
906001,500000156,2026-01-22,23:27:12,IMPS,92768,IRCTC,Pune,ATM,No,Normal Transaction
906002,500000177,2026-11-27,10:02:08,Credit Card,89681,IRCTC,Mumbai,ATM,No,Normal Transaction
906003,500000096,2026-01-21,03:42:31,Credit Card,63929,Amazon,Lucknow,ATM,No,Normal Transaction
906004,500000057,2026-08-28,12:41:57,NEFT,96671,Paytm,Mumbai,Mobile,No,Normal Transaction
906005,500000161,2026-12-12,20:57:14,UPI,23632,Swiggy,Kolkata,Laptop,No,Normal Transaction
906006,500000025,2026-03-14,22:47:26,RTGS,84013,Zomato,Lucknow,ATM,No,Normal Transaction
906007,500000112,2026-12-12,02:36:51,IMPS,9334,Zomato,Lucknow,POS,No,Normal Transaction
906008,500000004,2026-04-20,17:29:13,ATM,23619,Amazon,Kolkata,Laptop,No,Normal Transaction
906009,500000030,2026-09-13,15:02:36,Debit Card,25769,Amazon,Hyderabad,POS,No,Normal Transaction
906010,500000048,2026-11-12,03:32:59,UPI,87394,Paytm,Delhi,Mobile,No,Normal Transaction
906011,500000108,2026-02-17,15:06:36,ATM,71046,Amazon,Bengaluru,POS,No,Normal Transaction
906012,500000122,2026-06-06,07:30:28,IMPS,24169,IRCTC,Bengaluru,Mobile,No,Normal Transaction
906013,500000019,2026-02-23,08:53:37,Credit Card,18383,IRCTC,Lucknow,Laptop,No,Normal Transaction
906014,500000127,2026-07-22,07:45:10,Credit Card,31388,DMart,Lucknow,Mobile,No,Normal Transaction
906015,500000086,2026-08-29,22:49:05,Debit Card,37040,Amazon,Pune,Laptop,No,Normal Transaction
906016,500000114,2026-03-28,19:44:25,Debit Card,68983,Paytm,Bengaluru,Laptop,No,Normal Transaction
906017,500000180,2026-03-03,00:09:47,IMPS,98354,Amazon,Kolkata,Laptop,No,Normal Transaction
906018,500000116,2026-10-21,19:40:50,ATM,51022,Paytm,Mumbai,ATM,No,Normal Transaction
906019,500000037,2026-07-27,08:38:20,ATM,62554,Amazon,Lucknow,Laptop,Yes,Midnight Transaction
906020,500000018,2026-01-30,13:05:36,Debit Card,25216,Paytm,Lucknow,Laptop,No,Normal Transaction
906021,500000028,2026-07-29,07:47:27,UPI,93046,Paytm,Kolkata,POS,No,Normal Transaction
906022,500000103,2026-04-10,18:33:06,NEFT,44677,Zomato,Kolkata,POS,No,Normal Transaction
906023,500000146,2026-08-30,05:01:12,Credit Card,83143,Swiggy,Mumbai,ATM,No,Normal Transaction
906024,500000039,2026-04-25,18:55:21,ATM,21548,Paytm,Pune,ATM,No,Normal Transaction
906025,500000113,2026-09-11,16:13:35,UPI,25596,Reliance,Pune,ATM,No,Normal Transaction
906026,500000035,2026-07-02,02:39:29,NEFT,51563,Flipkart,Lucknow,Mobile,No,Normal Transaction
906027,500000062,2026-12-25,19:13:29,RTGS,97496,PhonePe,Delhi,POS,No,Normal Transaction
906028,500000063,2026-04-27,22:32:35,IMPS,13732,Paytm,Lucknow,Mobile,No,Normal Transaction
906029,500000125,2026-03-31,22:19:27,Debit Card,66670,Uber,Mumbai,Laptop,No,Normal Transaction
906030,500000111,2026-09-10,00:28:51,Debit Card,68294,DMart,Pune,ATM,No,Normal Transaction
906031,500000143,2026-03-10,06:49:08,NEFT,18588,IRCTC,Mumbai,POS,No,Normal Transaction
906032,500000143,2026-06-10,13:13:51,Debit Card,16258,Uber,Bengaluru,ATM,No,Normal Transaction
906033,500000154,2026-04-06,02:38:37,NEFT,88818,PhonePe,Kolkata,ATM,No,Normal Transaction
906034,500000118,2026-12-06,17:08:08,NEFT,29930,Reliance,Pune,Mobile,No,Normal Transaction
906035,500000118,2026-10-20,00:01:48,UPI,24331,Zomato,Lucknow,POS,No,Normal Transaction
906036,500000137,2026-01-20,13:51:07,Debit Card,49036,PhonePe,Bengaluru,ATM,No,Normal Transaction
906037,500000109,2026-12-22,02:15:54,NEFT,64645,Flipkart,Pune,Laptop,No,Normal Transaction
906038,500000003,2026-05-24,17:27:24,UPI,16278,Reliance,Bengaluru,Mobile,No,Normal Transaction
906039,500000180,2026-08-03,02:35:02,RTGS,40447,PhonePe,Delhi,ATM,No,Normal Transaction
906040,500000148,2026-05-30,16:16:01,Credit Card,57471,Flipkart,Mumbai,ATM,No,Normal Transaction
906041,500000043,2026-06-23,22:22:09,RTGS,95342,Swiggy,Lucknow,Laptop,No,Normal Transaction
906042,500000089,2026-11-30,04:20:09,Debit Card,16363,Flipkart,Lucknow,Mobile,No,Normal Transaction
906043,500000076,2026-02-20,13:06:38,IMPS,94735,Reliance,Mumbai,Laptop,No,Normal Transaction
906044,500000174,2026-02-11,08:15:34,ATM,80595,DMart,Kolkata,POS,No,Normal Transaction
906045,500000118,2026-08-17,07:01:11,Debit Card,69068,Zomato,Lucknow,ATM,No,Normal Transaction
906046,500000109,2026-08-12,11:22:59,ATM,27412,Paytm,Pune,Mobile,No,Normal Transaction
906047,500000129,2026-01-13,09:50:36,NEFT,42945,IRCTC,Pune,Laptop,Yes,Midnight Transaction
906048,500000014,2026-06-25,15:13:53,IMPS,27078,Zomato,Pune,POS,No,Normal Transaction
906049,500000026,2026-07-06,03:56:45,RTGS,37335,Paytm,Mumbai,POS,No,Normal Transaction
906050,500000011,2026-07-03,13:57:12,UPI,37894,DMart,Hyderabad,Mobile,No,Normal Transaction
906051,500000052,2026-06-11,06:23:43,Credit Card,27258,Paytm,Pune,Laptop,No,Normal Transaction
906052,500000034,2026-01-11,20:12:28,Credit Card,82614,Flipkart,Hyderabad,Mobile,No,Normal Transaction
906053,500000013,2026-04-19,04:49:10,NEFT,71870,DMart,Pune,Mobile,No,Normal Transaction
906054,500000164,2026-01-24,04:54:23,NEFT,37766,Paytm,Lucknow,POS,No,Normal Transaction
906055,500000132,2026-06-27,07:48:20,Debit Card,84928,Flipkart,Kolkata,POS,No,Normal Transaction
906056,500000066,2026-01-09,18:59:33,Credit Card,85126,Flipkart,Mumbai,ATM,No,Normal Transaction
906057,500000148,2026-01-28,10:11:26,NEFT,13170,Flipkart,Lucknow,ATM,No,Normal Transaction
906058,500000148,2026-12-21,20:11:49,ATM,9615,Zomato,Lucknow,ATM,No,Normal Transaction
906059,500000028,2026-10-31,08:32:16,NEFT,83816,DMart,Lucknow,Laptop,No,Normal Transaction
906060,500000075,2026-01-30,11:41:13,RTGS,5244,Reliance,Hyderabad,Mobile,No,Normal Transaction
906061,500000097,2026-08-12,08:53:35,Debit Card,70268,IRCTC,Hyderabad,ATM,No,Normal Transaction
906062,500000048,2026-03-19,10:53:22,ATM,87995,Paytm,Kolkata,ATM,No,Normal Transaction
906063,500000097,2026-06-18,00:19:16,RTGS,37195,PhonePe,Hyderabad,ATM,No,Normal Transaction
906064,500000121,2026-02-10,04:37:01,Credit Card,39424,Zomato,Lucknow,ATM,No,Normal Transaction
906065,500000040,2026-03-26,15:25:15,Debit Card,66224,Flipkart,Hyderabad,Laptop,No,Normal Transaction
906066,500000132,2026-06-16,22:03:48,RTGS,70739,Swiggy,Pune,ATM,No,Normal Transaction
906067,500000104,2026-07-06,10:05:36,RTGS,42893,Amazon,Bengaluru,POS,No,Normal Transaction
906068,500000096,2026-08-06,14:36:24,IMPS,27316,Uber,Mumbai,Laptop,No,Normal Transaction
906069,500000136,2026-12-16,06:48:09,Debit Card,60175,Uber,Bengaluru,Mobile,No,Normal Transaction
906070,500000011,2026-09-25,11:17:57,Credit Card,63026,Reliance,Lucknow,Laptop,No,Normal Transaction
906071,500000019,2026-03-09,03:47:34,NEFT,44903,Paytm,Bengaluru,POS,No,Normal Transaction
906072,500000054,2026-08-08,22:54:20,Credit Card,76007,Uber,Lucknow,POS,No,Normal Transaction
906073,500000006,2026-06-30,17:28:00,Credit Card,27434,Paytm,Hyderabad,POS,No,Normal Transaction
906074,500000151,2026-09-19,22:08:07,ATM,35036,Swiggy,Lucknow,ATM,No,Normal Transaction
906075,500000027,2026-01-20,15:46:49,IMPS,41344,Amazon,Bengaluru,Laptop,No,Normal Transaction
906076,500000009,2026-08-09,13:21:52,UPI,54572,Flipkart,Bengaluru,Mobile,No,Normal Transaction
906077,500000066,2026-10-30,08:46:35,ATM,11635,IRCTC,Delhi,POS,No,Normal Transaction
906078,500000134,2026-11-23,18:09:31,RTGS,99361,Uber,Mumbai,POS,Yes,Midnight Transaction
906079,500000021,2026-02-28,06:29:48,Credit Card,88802,Paytm,Pune,ATM,No,Normal Transaction
906080,500000153,2026-03-13,16:49:43,IMPS,96572,Reliance,Lucknow,Mobile,No,Normal Transaction
906081,500000129,2026-12-31,18:29:47,UPI,58986,Amazon,Lucknow,ATM,No,Normal Transaction
906082,500000060,2026-02-28,02:34:51,ATM,64711,Zomato,Delhi,ATM,No,Normal Transaction
906083,500000067,2026-11-17,16:45:56,Debit Card,86680,Paytm,Lucknow,Laptop,No,Normal Transaction
906084,500000136,2026-06-06,17:35:29,Credit Card,37650,Reliance,Pune,Mobile,No,Normal Transaction
906085,500000113,2026-05-09,22:18:04,Debit Card,58759,Uber,Kolkata,POS,No,Normal Transaction
906086,500000136,2026-12-08,09:06:05,IMPS,16331,Uber,Delhi,POS,No,Normal Transaction
906087,500000139,2026-02-10,11:21:49,UPI,776,DMart,Lucknow,Laptop,Yes,Different City
906088,500000126,2026-04-14,16:05:33,RTGS,65605,Uber,Delhi,POS,No,Normal Transaction
906089,500000146,2026-05-02,11:27:44,Credit Card,76763,DMart,Mumbai,Laptop,No,Normal Transaction
906090,500000130,2026-02-21,14:50:29,NEFT,21341,IRCTC,Lucknow,Mobile,No,Normal Transaction
906091,500000045,2026-02-12,15:54:32,Debit Card,84712,Uber,Hyderabad,Laptop,No,Normal Transaction
906092,500000140,2026-03-05,13:24:25,NEFT,79087,PhonePe,Delhi,Mobile,No,Normal Transaction
906093,500000160,2026-06-26,16:04:33,NEFT,6688,IRCTC,Lucknow,Mobile,No,Normal Transaction
906094,500000030,2026-11-02,23:51:52,IMPS,97599,Zomato,Lucknow,ATM,No,Normal Transaction
906095,500000016,2026-11-25,21:25:06,NEFT,20174,Reliance,Pune,Mobile,No,Normal Transaction
906096,500000129,2026-01-19,19:46:33,ATM,63483,DMart,Kolkata,ATM,No,Normal Transaction
906097,500000045,2026-06-09,22:14:08,IMPS,69525,IRCTC,Pune,ATM,No,Normal Transaction
906098,500000014,2026-01-20,05:04:31,Credit Card,16990,Amazon,Delhi,Mobile,No,Normal Transaction
906099,500000126,2026-08-22,09:20:46,ATM,32836,Swiggy,Hyderabad,POS,No,Normal Transaction
906100,500000118,2026-11-24,21:05:20,NEFT,47464,Uber,Kolkata,Laptop,No,Normal Transaction
906101,500000088,2026-11-27,22:43:54,RTGS,59558,Swiggy,Lucknow,Laptop,No,Normal Transaction
906102,500000160,2026-04-20,04:11:22,UPI,64181,Flipkart,Mumbai,POS,No,Normal Transaction
906103,500000138,2026-07-24,08:49:24,Debit Card,737,Uber,Lucknow,ATM,No,Normal Transaction
906104,500000051,2027-01-01,08:35:29,IMPS,85917,Uber,Delhi,Laptop,No,Normal Transaction
906105,500000056,2026-02-26,11:54:14,NEFT,85542,DMart,Bengaluru,ATM,No,Normal Transaction
906106,500000173,2026-02-15,09:14:31,RTGS,5724,Uber,Delhi,POS,No,Normal Transaction
906107,500000010,2026-06-14,09:43:06,NEFT,54925,Zomato,Lucknow,ATM,No,Normal Transaction
906108,500000040,2026-10-18,18:31:21,ATM,73859,PhonePe,Kolkata,Mobile,No,Normal Transaction
906109,500000074,2026-09-08,12:50:29,NEFT,16764,Reliance,Kolkata,POS,No,Normal Transaction
906110,500000107,2026-06-13,15:36:48,UPI,41348,Zomato,Delhi,Mobile,No,Normal Transaction
906111,500000079,2026-09-30,18:30:06,ATM,17687,Swiggy,Hyderabad,POS,No,Normal Transaction
906112,500000106,2026-04-27,17:07:00,UPI,21617,Uber,Lucknow,Laptop,Yes,Different City
906113,500000006,2026-06-07,04:53:19,NEFT,96450,Zomato,Delhi,Mobile,No,Normal Transaction
906114,500000116,2026-10-23,19:55:14,UPI,91839,Reliance,Pune,Mobile,No,Normal Transaction
906115,500000114,2026-08-19,09:01:15,RTGS,45169,Reliance,Kolkata,POS,No,Normal Transaction
906116,500000118,2026-10-27,18:13:22,RTGS,78798,Amazon,Lucknow,POS,Yes,High Amount
906117,500000145,2026-07-13,16:32:21,NEFT,79018,Amazon,Mumbai,Mobile,No,Normal Transaction
906118,500000116,2026-12-15,15:26:16,NEFT,41111,Amazon,Mumbai,Mobile,No,Normal Transaction
906119,500000119,2026-03-31,01:09:10,IMPS,39315,IRCTC,Delhi,ATM,No,Normal Transaction
906120,500000118,2026-07-08,14:11:17,Debit Card,39323,Reliance,Kolkata,ATM,No,Normal Transaction
906121,500000085,2026-11-09,08:12:15,RTGS,93549,Paytm,Pune,ATM,No,Normal Transaction
906122,500000089,2026-03-23,02:39:36,Credit Card,14823,PhonePe,Kolkata,ATM,No,Normal Transaction
906123,500000106,2026-06-01,08:35:40,Debit Card,71284,Amazon,Kolkata,Mobile,No,Normal Transaction
906124,500000142,2026-12-07,02:05:59,UPI,81967,Flipkart,Lucknow,Mobile,No,Normal Transaction
906125,500000102,2026-06-12,13:53:33,ATM,62062,DMart,Kolkata,Mobile,No,Normal Transaction
906126,500000044,2026-04-29,08:31:53,RTGS,48526,Paytm,Kolkata,POS,No,Normal Transaction
906127,500000173,2026-09-27,15:50:16,NEFT,98024,Reliance,Mumbai,ATM,No,Normal Transaction
906128,500000158,2026-08-05,06:39:31,Credit Card,97844,Uber,Hyderabad,ATM,No,Normal Transaction
906129,500000019,2026-11-02,16:38:16,Credit Card,3132,PhonePe,Mumbai,ATM,No,Normal Transaction
906130,500000098,2026-01-22,23:56:17,NEFT,19478,Uber,Hyderabad,ATM,No,Normal Transaction
906131,500000110,2026-05-04,11:31:42,IMPS,19469,Paytm,Lucknow,Mobile,No,Normal Transaction
906132,500000085,2026-12-22,11:36:40,NEFT,36185,Zomato,Kolkata,Mobile,No,Normal Transaction
906133,500000110,2026-03-11,06:07:56,RTGS,95490,Uber,Bengaluru,POS,No,Normal Transaction
906134,500000129,2026-10-27,06:40:52,UPI,44412,Swiggy,Delhi,POS,Yes,High Amount
906135,500000133,2026-03-14,09:26:26,IMPS,23176,Zomato,Delhi,Laptop,No,Normal Transaction
906136,500000055,2026-11-11,04:07:44,NEFT,26222,Uber,Mumbai,Mobile,No,Normal Transaction
906137,500000152,2026-03-05,15:36:55,Credit Card,69023,Zomato,Pune,Mobile,No,Normal Transaction
906138,500000102,2026-11-08,23:51:51,UPI,19706,Amazon,Delhi,Laptop,No,Normal Transaction
906139,500000007,2026-01-25,04:35:47,UPI,75734,Swiggy,Bengaluru,Mobile,No,Normal Transaction
906140,500000047,2026-05-29,16:28:04,ATM,25000,Zomato,Pune,POS,No,Normal Transaction
906141,500000046,2026-02-10,12:26:06,IMPS,18547,Uber,Pune,POS,No,Normal Transaction
906142,500000103,2026-09-13,02:56:36,IMPS,13987,Paytm,Bengaluru,Mobile,No,Normal Transaction
906143,500000114,2026-06-05,10:24:05,Debit Card,99708,Reliance,Lucknow,POS,No,Normal Transaction
906144,500000166,2026-03-06,07:42:12,RTGS,81512,Uber,Mumbai,Laptop,No,Normal Transaction
906145,500000142,2026-11-08,00:20:38,IMPS,35373,Flipkart,Mumbai,ATM,No,Normal Transaction
906146,500000027,2026-01-12,12:00:20,RTGS,65739,Paytm,Mumbai,Mobile,No,Normal Transaction
906147,500000173,2026-01-27,08:32:35,IMPS,62310,IRCTC,Pune,Mobile,No,Normal Transaction
906148,500000063,2026-06-22,21:39:03,UPI,57239,Swiggy,Mumbai,Laptop,No,Normal Transaction
906149,500000062,2026-01-22,04:16:10,UPI,39415,Reliance,Delhi,Mobile,No,Normal Transaction
906150,500000148,2026-10-02,08:22:50,IMPS,12337,Amazon,Delhi,Mobile,No,Normal Transaction
906151,500000157,2026-01-18,16:40:50,UPI,1220,Paytm,Hyderabad,ATM,No,Normal Transaction
906152,500000048,2026-01-24,00:43:46,IMPS,12024,Flipkart,Lucknow,Mobile,No,Normal Transaction
906153,500000002,2026-05-10,02:36:49,RTGS,83954,Swiggy,Lucknow,Laptop,No,Normal Transaction
906154,500000103,2026-09-22,14:22:18,ATM,37238,Flipkart,Mumbai,ATM,No,Normal Transaction
906155,500000176,2026-03-29,14:10:41,IMPS,58887,Paytm,Lucknow,ATM,No,Normal Transaction
906156,500000064,2026-06-30,16:59:59,ATM,28281,Uber,Bengaluru,POS,No,Normal Transaction
906157,500000163,2026-08-01,09:49:29,RTGS,89491,Reliance,Pune,Laptop,No,Normal Transaction
906158,500000165,2026-11-10,20:15:02,Credit Card,63948,DMart,Bengaluru,ATM,No,Normal Transaction
906159,500000009,2026-06-19,23:05:29,Credit Card,16856,IRCTC,Mumbai,ATM,No,Normal Transaction
906160,500000147,2026-09-13,10:04:33,IMPS,73087,PhonePe,Delhi,Laptop,No,Normal Transaction
906161,500000119,2026-03-23,00:07:00,ATM,53916,Paytm,Mumbai,ATM,No,Normal Transaction
906162,500000180,2026-06-04,00:15:30,IMPS,99968,Uber,Kolkata,Laptop,No,Normal Transaction
906163,500000170,2026-12-04,02:43:35,IMPS,21885,PhonePe,Delhi,Mobile,No,Normal Transaction
906164,500000012,2026-04-14,05:03:57,UPI,31025,Flipkart,Hyderabad,POS,Yes,High Amount
906165,500000025,2026-08-24,01:48:30,Debit Card,35947,DMart,Delhi,Laptop,No,Normal Transaction
906166,500000027,2026-05-25,03:48:36,Credit Card,38447,Zomato,Pune,Mobile,No,Normal Transaction
906167,500000112,2026-03-17,07:25:05,Debit Card,93046,Uber,Mumbai,ATM,No,Normal Transaction
906168,500000071,2026-02-18,14:55:24,Debit Card,10880,Uber,Mumbai,Mobile,No,Normal Transaction
906169,500000034,2026-12-22,15:32:04,Credit Card,80516,IRCTC,Kolkata,ATM,No,Normal Transaction
906170,500000135,2026-01-19,12:42:25,Credit Card,6999,Swiggy,Bengaluru,POS,No,Normal Transaction
906171,500000010,2026-05-16,11:28:40,UPI,3021,Swiggy,Hyderabad,POS,No,Normal Transaction
906172,500000014,2026-11-13,05:28:23,ATM,2820,Swiggy,Lucknow,Laptop,No,Normal Transaction
906173,500000093,2026-01-02,10:58:02,Credit Card,20126,DMart,Kolkata,ATM,No,Normal Transaction
906174,500000019,2026-12-27,23:28:28,Credit Card,99693,Amazon,Mumbai,ATM,No,Normal Transaction
906175,500000017,2026-11-16,21:33:38,Debit Card,94241,PhonePe,Bengaluru,ATM,No,Normal Transaction
906176,500000075,2026-03-23,19:23:37,Debit Card,21062,Flipkart,Hyderabad,Mobile,No,Normal Transaction
906177,500000178,2026-11-22,05:47:17,UPI,60603,Paytm,Lucknow,POS,No,Normal Transaction
906178,500000094,2026-02-01,12:05:13,ATM,46293,Amazon,Bengaluru,ATM,No,Normal Transaction
906179,500000005,2026-07-17,11:58:23,ATM,2945,Zomato,Pune,POS,No,Normal Transaction
906180,500000132,2026-05-29,13:28:11,NEFT,63286,Swiggy,Bengaluru,Mobile,No,Normal Transaction
906181,500000115,2026-10-01,18:11:10,IMPS,15443,Reliance,Delhi,Laptop,Yes,High Amount
906182,500000089,2026-04-16,21:22:35,Debit Card,27814,PhonePe,Bengaluru,POS,No,Normal Transaction
906183,500000179,2026-07-16,11:57:26,IMPS,18613,Reliance,Delhi,Laptop,No,Normal Transaction
906184,500000054,2026-05-15,23:53:36,RTGS,34176,Uber,Lucknow,POS,No,Normal Transaction
906185,500000036,2026-08-23,13:38:54,NEFT,85921,DMart,Delhi,Mobile,No,Normal Transaction
906186,500000054,2026-11-27,12:55:01,NEFT,79281,Reliance,Hyderabad,POS,No,Normal Transaction
906187,500000013,2026-06-08,10:44:44,IMPS,13782,Flipkart,Delhi,ATM,No,Normal Transaction
906188,500000173,2026-03-27,00:19:18,Credit Card,42026,Zomato,Hyderabad,POS,No,Normal Transaction
906189,500000111,2026-08-27,01:41:19,RTGS,29718,Flipkart,Bengaluru,POS,No,Normal Transaction
906190,500000025,2026-04-17,10:22:58,NEFT,95971,Amazon,Hyderabad,POS,No,Normal Transaction
906191,500000059,2026-05-10,01:28:35,Credit Card,24321,Swiggy,Lucknow,Mobile,Yes,Different City
906192,500000103,2026-08-28,18:55:43,UPI,96648,Amazon,Hyderabad,ATM,No,Normal Transaction
906193,500000150,2026-10-19,20:22:21,NEFT,39669,Flipkart,Mumbai,Mobile,No,Normal Transaction
906194,500000151,2026-07-01,16:29:10,UPI,29391,Reliance,Delhi,ATM,No,Normal Transaction
906195,500000142,2026-05-25,18:43:27,Credit Card,37511,PhonePe,Mumbai,POS,No,Normal Transaction
906196,500000004,2026-08-01,18:22:27,RTGS,62487,Uber,Bengaluru,ATM,No,Normal Transaction
906197,500000021,2026-08-28,20:43:13,RTGS,52704,PhonePe,Delhi,Laptop,No,Normal Transaction
906198,500000020,2026-03-31,16:34:33,NEFT,87021,Zomato,Delhi,Mobile,No,Normal Transaction
906199,500000147,2026-02-13,23:16:44,UPI,42708,Flipkart,Pune,Laptop,No,Normal Transaction
906200,500000002,2026-06-11,12:33:25,ATM,97165,Zomato,Kolkata,ATM,No,Normal Transaction
906201,500000022,2026-09-07,03:59:53,IMPS,18730,PhonePe,Mumbai,POS,No,Normal Transaction
906202,500000034,2026-09-23,12:52:37,Credit Card,99784,Swiggy,Mumbai,ATM,No,Normal Transaction
906203,500000087,2026-10-19,13:45:20,IMPS,77514,IRCTC,Mumbai,POS,No,Normal Transaction
906204,500000143,2026-09-26,15:54:32,Credit Card,95836,Amazon,Hyderabad,Mobile,No,Normal Transaction
906205,500000104,2026-05-24,07:40:20,IMPS,24968,Paytm,Mumbai,Mobile,No,Normal Transaction
906206,500000077,2026-08-28,12:59:53,Debit Card,16497,Uber,Mumbai,POS,No,Normal Transaction
906207,500000166,2026-05-25,00:50:15,IMPS,36247,PhonePe,Kolkata,ATM,No,Normal Transaction
906208,500000164,2026-06-21,14:53:20,UPI,94757,PhonePe,Kolkata,Laptop,No,Normal Transaction
906209,500000004,2026-10-26,21:16:17,IMPS,36527,Uber,Lucknow,Mobile,No,Normal Transaction
906210,500000074,2026-07-13,02:31:56,Credit Card,12299,Swiggy,Kolkata,ATM,No,Normal Transaction
906211,500000173,2026-04-04,00:08:26,Debit Card,66035,Reliance,Kolkata,POS,No,Normal Transaction
906212,500000059,2026-07-24,12:42:02,Debit Card,81524,Swiggy,Kolkata,ATM,No,Normal Transaction
906213,500000012,2026-11-14,19:24:13,NEFT,21272,IRCTC,Mumbai,POS,No,Normal Transaction
906214,500000087,2026-02-01,15:28:27,ATM,74443,Swiggy,Kolkata,Laptop,No,Normal Transaction
906215,500000089,2026-09-23,18:36:37,UPI,19617,Flipkart,Pune,POS,No,Normal Transaction
906216,500000132,2026-09-05,16:22:16,Debit Card,95621,PhonePe,Hyderabad,POS,No,Normal Transaction
906217,500000164,2026-03-05,13:58:17,Credit Card,65544,Zomato,Lucknow,Mobile,No,Normal Transaction
906218,500000013,2026-02-26,20:17:06,IMPS,94428,Reliance,Delhi,POS,No,Normal Transaction
906219,500000098,2026-09-22,05:10:10,UPI,21776,Zomato,Hyderabad,ATM,No,Normal Transaction
906220,500000039,2026-10-10,12:14:01,ATM,85693,DMart,Pune,Mobile,No,Normal Transaction
906221,500000115,2026-09-18,16:34:20,RTGS,30054,Reliance,Bengaluru,POS,No,Normal Transaction
906222,500000111,2026-05-02,11:12:38,Debit Card,30068,IRCTC,Delhi,POS,No,Normal Transaction
906223,500000158,2026-09-11,14:17:27,ATM,97912,Uber,Delhi,ATM,No,Normal Transaction
906224,500000045,2026-12-15,19:49:08,NEFT,64613,DMart,Hyderabad,Mobile,No,Normal Transaction
906225,500000002,2026-08-08,06:57:05,Credit Card,92292,Reliance,Kolkata,ATM,No,Normal Transaction
906226,500000038,2026-12-06,00:43:12,NEFT,68803,IRCTC,Mumbai,Laptop,No,Normal Transaction
906227,500000180,2026-11-22,22:39:22,RTGS,24561,IRCTC,Mumbai,Mobile,No,Normal Transaction
906228,500000045,2026-02-04,11:00:15,ATM,99856,DMart,Hyderabad,Laptop,No,Normal Transaction
906229,500000031,2026-01-26,10:57:44,ATM,67373,Amazon,Pune,POS,No,Normal Transaction
906230,500000022,2026-03-11,05:00:47,RTGS,92593,Amazon,Pune,Laptop,No,Normal Transaction
906231,500000029,2026-08-31,07:20:36,ATM,59582,Paytm,Mumbai,POS,No,Normal Transaction
906232,500000068,2026-01-28,16:52:34,ATM,87861,Reliance,Lucknow,ATM,No,Normal Transaction
906233,500000164,2026-04-21,00:00:12,NEFT,61513,Amazon,Lucknow,Laptop,No,Normal Transaction
906234,500000102,2026-05-13,03:11:25,RTGS,61664,Zomato,Kolkata,POS,No,Normal Transaction
906235,500000047,2026-11-25,22:27:21,Debit Card,86207,Paytm,Pune,ATM,No,Normal Transaction
906236,500000071,2026-11-29,00:21:02,UPI,19573,IRCTC,Hyderabad,Mobile,No,Normal Transaction
906237,500000153,2026-11-23,19:14:57,Credit Card,5475,Flipkart,Mumbai,Mobile,No,Normal Transaction
906238,500000088,2026-08-02,07:18:52,Credit Card,97577,DMart,Pune,ATM,No,Normal Transaction
906239,500000126,2026-02-21,13:47:08,Debit Card,54699,DMart,Bengaluru,Laptop,No,Normal Transaction
906240,500000076,2026-05-28,16:19:49,NEFT,30114,IRCTC,Kolkata,Mobile,No,Normal Transaction
906241,500000112,2026-08-30,09:08:11,Debit Card,44494,Zomato,Kolkata,ATM,No,Normal Transaction
906242,500000127,2026-06-01,10:16:51,IMPS,51459,IRCTC,Kolkata,POS,No,Normal Transaction
906243,500000093,2026-12-07,21:32:09,Credit Card,30019,Amazon,Bengaluru,ATM,No,Normal Transaction
906244,500000178,2026-03-05,07:16:37,Debit Card,42530,IRCTC,Pune,Laptop,No,Normal Transaction
906245,500000103,2026-10-21,23:28:09,ATM,90016,Zomato,Lucknow,ATM,No,Normal Transaction
906246,500000160,2026-03-21,23:14:29,UPI,110,Reliance,Delhi,POS,No,Normal Transaction
906247,500000150,2026-12-18,22:04:54,NEFT,66262,Amazon,Pune,ATM,No,Normal Transaction
906248,500000062,2026-09-25,19:36:56,IMPS,39758,Swiggy,Bengaluru,Mobile,No,Normal Transaction
906249,500000155,2026-12-16,00:03:52,UPI,96071,PhonePe,Hyderabad,Mobile,No,Normal Transaction
906250,500000155,2026-03-25,17:31:04,ATM,83627,Zomato,Hyderabad,ATM,No,Normal Transaction
906251,500000150,2026-12-21,00:48:46,IMPS,69757,Amazon,Hyderabad,ATM,No,Normal Transaction
906252,500000138,2026-04-22,06:57:42,ATM,76478,Reliance,Pune,Laptop,No,Normal Transaction
906253,500000124,2026-01-08,02:01:30,IMPS,94107,Amazon,Lucknow,POS,No,Normal Transaction
906254,500000055,2026-08-27,04:31:42,UPI,97826,PhonePe,Kolkata,ATM,No,Normal Transaction
906255,500000008,2026-10-17,14:53:26,Debit Card,54029,Uber,Delhi,Laptop,No,Normal Transaction
906256,500000131,2026-03-01,10:49:44,ATM,77745,Swiggy,Mumbai,POS,No,Normal Transaction
906257,500000076,2026-12-14,00:02:51,UPI,94811,Reliance,Hyderabad,Mobile,No,Normal Transaction
906258,500000114,2026-11-30,04:26:28,NEFT,34678,DMart,Bengaluru,Mobile,No,Normal Transaction
906259,500000103,2026-08-12,18:52:43,Credit Card,74640,IRCTC,Bengaluru,Laptop,No,Normal Transaction
906260,500000021,2026-07-26,11:53:16,Debit Card,83917,Paytm,Lucknow,Mobile,No,Normal Transaction
906261,500000043,2026-02-25,02:28:43,IMPS,94435,Swiggy,Lucknow,Mobile,No,Normal Transaction
906262,500000101,2026-02-13,09:32:17,UPI,62091,Reliance,Lucknow,Mobile,No,Normal Transaction
906263,500000144,2026-04-22,05:55:47,ATM,76748,Flipkart,Bengaluru,POS,No,Normal Transaction
906264,500000076,2026-10-05,01:00:54,RTGS,32488,Reliance,Hyderabad,Mobile,No,Normal Transaction
906265,500000031,2026-01-18,00:57:20,IMPS,76207,Amazon,Bengaluru,Laptop,No,Normal Transaction
906266,500000080,2026-05-31,14:33:33,RTGS,12590,IRCTC,Lucknow,Mobile,No,Normal Transaction
906267,500000143,2026-03-11,22:17:45,ATM,9221,IRCTC,Mumbai,Mobile,No,Normal Transaction
906268,500000143,2026-05-15,12:34:21,ATM,10611,DMart,Mumbai,ATM,No,Normal Transaction
906269,500000114,2026-04-05,12:52:15,Credit Card,6681,Paytm,Kolkata,ATM,No,Normal Transaction
906270,500000174,2026-02-10,05:00:19,Credit Card,70788,Uber,Kolkata,POS,No,Normal Transaction
906271,500000056,2026-10-26,05:35:41,ATM,73497,Uber,Delhi,Mobile,No,Normal Transaction
906272,500000026,2026-10-13,08:58:59,NEFT,85609,Reliance,Delhi,ATM,No,Normal Transaction
906273,500000171,2026-07-24,03:37:34,RTGS,35826,DMart,Lucknow,POS,No,Normal Transaction
906274,500000012,2026-06-16,15:32:15,RTGS,25875,Zomato,Mumbai,Laptop,No,Normal Transaction
906275,500000090,2026-03-05,15:49:57,Credit Card,42413,DMart,Mumbai,Mobile,No,Normal Transaction
906276,500000071,2026-02-16,13:18:22,Credit Card,36874,IRCTC,Mumbai,Mobile,No,Normal Transaction
906277,500000045,2026-01-06,11:30:11,ATM,16831,IRCTC,Kolkata,ATM,No,Normal Transaction
906278,500000114,2026-06-30,22:58:54,ATM,78055,PhonePe,Hyderabad,POS,No,Normal Transaction
906279,500000054,2026-08-20,14:13:02,ATM,94832,Amazon,Kolkata,ATM,No,Normal Transaction
906280,500000041,2026-09-12,13:41:02,Credit Card,70446,DMart,Bengaluru,ATM,Yes,Different City
906281,500000075,2026-06-02,04:48:21,NEFT,62081,Amazon,Hyderabad,ATM,No,Normal Transaction
906282,500000119,2026-09-30,07:29:18,NEFT,50124,Flipkart,Hyderabad,Laptop,No,Normal Transaction
906283,500000039,2026-03-31,01:08:33,Credit Card,19414,Zomato,Delhi,Laptop,No,Normal Transaction
906284,500000052,2026-03-20,19:33:22,RTGS,58172,Flipkart,Pune,ATM,No,Normal Transaction
906285,500000111,2026-12-18,05:57:01,UPI,54751,Swiggy,Delhi,ATM,No,Normal Transaction
906286,500000001,2026-10-19,08:33:28,NEFT,5674,Amazon,Pune,Laptop,Yes,Different City
906287,500000026,2026-11-13,07:07:25,IMPS,47168,Flipkart,Lucknow,POS,No,Normal Transaction
906288,500000125,2026-12-11,22:41:56,NEFT,75137,Paytm,Kolkata,ATM,Yes,Multiple Transactions
906289,500000112,2026-07-14,05:53:04,Credit Card,77879,Reliance,Lucknow,Laptop,No,Normal Transaction
906290,500000113,2026-11-23,00:26:44,IMPS,42982,Swiggy,Delhi,ATM,No,Normal Transaction
906291,500000077,2026-03-21,19:36:58,RTGS,86131,IRCTC,Lucknow,Mobile,No,Normal Transaction
906292,500000138,2026-01-24,06:03:10,IMPS,73853,PhonePe,Mumbai,Laptop,No,Normal Transaction
906293,500000051,2026-09-13,08:39:54,Debit Card,20029,Flipkart,Delhi,POS,No,Normal Transaction
906294,500000179,2026-05-12,02:39:54,RTGS,33497,IRCTC,Hyderabad,Mobile,No,Normal Transaction
906295,500000100,2026-06-27,13:38:46,ATM,65137,Amazon,Hyderabad,POS,No,Normal Transaction
906296,500000091,2026-03-29,07:12:12,NEFT,37788,Zomato,Lucknow,POS,No,Normal Transaction
906297,500000053,2026-10-15,14:54:34,Debit Card,93814,DMart,Mumbai,Mobile,No,Normal Transaction
906298,500000112,2026-06-02,04:38:19,NEFT,55591,IRCTC,Bengaluru,POS,No,Normal Transaction
906299,500000087,2026-06-03,23:20:10,RTGS,48968,Uber,Kolkata,Laptop,No,Normal Transaction
906300,500000123,2026-10-04,22:21:32,RTGS,24491,Flipkart,Lucknow,Mobile,No,Normal Transaction
906301,500000142,2026-06-21,01:09:57,IMPS,75990,Swiggy,Delhi,Mobile,No,Normal Transaction
906302,500000012,2026-12-17,01:42:24,UPI,70708,Amazon,Pune,ATM,No,Normal Transaction
906303,500000166,2026-09-25,22:04:40,ATM,27895,Paytm,Kolkata,Mobile,No,Normal Transaction
906304,500000092,2026-07-11,12:08:53,IMPS,22848,Swiggy,Lucknow,Mobile,No,Normal Transaction
906305,500000072,2026-09-05,02:50:36,Debit Card,62182,DMart,Bengaluru,POS,No,Normal Transaction
906306,500000164,2026-12-28,03:41:06,Debit Card,56087,IRCTC,Kolkata,Mobile,No,Normal Transaction
906307,500000155,2026-06-16,15:50:18,NEFT,66616,Reliance,Kolkata,ATM,No,Normal Transaction
906308,500000171,2026-08-02,21:23:47,Credit Card,42600,Flipkart,Kolkata,POS,No,Normal Transaction
906309,500000158,2026-02-12,17:14:53,RTGS,61621,Reliance,Hyderabad,POS,No,Normal Transaction
906310,500000141,2026-09-04,18:35:33,ATM,42739,Flipkart,Hyderabad,POS,No,Normal Transaction
906311,500000036,2026-11-11,01:59:20,Debit Card,94612,Reliance,Delhi,ATM,No,Normal Transaction
906312,500000123,2026-10-12,05:59:54,NEFT,97301,Reliance,Kolkata,Mobile,No,Normal Transaction
906313,500000160,2026-04-10,12:51:09,Debit Card,22054,Amazon,Kolkata,Mobile,No,Normal Transaction
906314,500000004,2026-09-07,20:49:00,Credit Card,14800,Zomato,Bengaluru,POS,No,Normal Transaction
906315,500000096,2026-11-02,23:32:41,NEFT,69434,DMart,Hyderabad,Laptop,No,Normal Transaction
906316,500000111,2026-01-12,00:08:46,NEFT,26311,Swiggy,Kolkata,ATM,No,Normal Transaction
906317,500000041,2026-08-02,17:13:14,RTGS,127,Swiggy,Pune,POS,No,Normal Transaction
906318,500000041,2026-07-28,11:20:18,ATM,53740,Flipkart,Bengaluru,Laptop,No,Normal Transaction
906319,500000132,2026-11-23,03:41:39,ATM,17386,PhonePe,Lucknow,POS,No,Normal Transaction
906320,500000152,2026-07-29,08:14:08,Credit Card,50224,PhonePe,Kolkata,Laptop,No,Normal Transaction
906321,500000007,2026-01-21,10:09:28,IMPS,77148,Swiggy,Delhi,Mobile,No,Normal Transaction
906322,500000075,2026-04-03,14:39:21,IMPS,11193,Uber,Mumbai,ATM,No,Normal Transaction
906323,500000038,2026-06-18,14:21:38,RTGS,12914,Zomato,Delhi,POS,No,Normal Transaction
906324,500000026,2026-07-13,06:43:20,Debit Card,34998,DMart,Bengaluru,Mobile,No,Normal Transaction
906325,500000043,2026-05-10,11:15:01,Debit Card,62383,Zomato,Mumbai,Mobile,No,Normal Transaction
906326,500000121,2026-09-06,15:26:30,Debit Card,26294,IRCTC,Hyderabad,Laptop,No,Normal Transaction
906327,500000051,2026-06-01,07:20:22,ATM,13634,Flipkart,Lucknow,Mobile,No,Normal Transaction
906328,500000159,2026-08-16,11:00:06,UPI,46983,Flipkart,Pune,POS,No,Normal Transaction
906329,500000045,2026-07-25,22:42:52,Debit Card,34749,Uber,Kolkata,Mobile,No,Normal Transaction
906330,500000120,2026-09-19,19:54:34,ATM,59336,Reliance,Hyderabad,ATM,No,Normal Transaction
906331,500000061,2026-08-27,21:46:08,Credit Card,52531,DMart,Mumbai,POS,No,Normal Transaction
906332,500000062,2026-03-04,22:17:48,RTGS,93463,Uber,Kolkata,POS,No,Normal Transaction
906333,500000073,2026-09-29,01:53:36,NEFT,6523,Flipkart,Hyderabad,Laptop,No,Normal Transaction
906334,500000100,2026-05-29,09:56:55,Debit Card,30065,Paytm,Bengaluru,ATM,No,Normal Transaction
906335,500000013,2026-07-04,01:16:53,RTGS,43869,Zomato,Pune,Mobile,No,Normal Transaction
906336,500000119,2026-05-17,04:33:02,ATM,95608,DMart,Mumbai,ATM,No,Normal Transaction
906337,500000035,2026-10-30,21:50:03,IMPS,27942,Flipkart,Bengaluru,POS,No,Normal Transaction
906338,500000009,2026-01-16,21:45:40,NEFT,22603,PhonePe,Pune,POS,No,Normal Transaction
906339,500000082,2026-10-22,20:43:31,IMPS,9319,PhonePe,Hyderabad,Laptop,No,Normal Transaction
906340,500000038,2026-03-13,20:21:18,NEFT,9775,PhonePe,Pune,POS,No,Normal Transaction
906341,500000116,2026-09-09,17:10:00,NEFT,14642,Reliance,Pune,Laptop,No,Normal Transaction
906342,500000096,2026-11-09,11:58:48,NEFT,21937,DMart,Kolkata,Laptop,No,Normal Transaction
906343,500000177,2026-09-10,19:17:02,Credit Card,47778,PhonePe,Kolkata,Laptop,No,Normal Transaction
906344,500000159,2026-09-22,07:39:10,UPI,20192,Paytm,Hyderabad,Laptop,No,Normal Transaction
906345,500000115,2026-09-28,15:41:32,IMPS,4186,Uber,Lucknow,POS,No,Normal Transaction
906346,500000152,2026-04-24,09:57:53,Debit Card,13850,Reliance,Pune,Mobile,No,Normal Transaction
906347,500000151,2026-07-10,02:08:32,Credit Card,39483,PhonePe,Kolkata,Laptop,No,Normal Transaction
906348,500000035,2026-10-07,23:58:06,UPI,73302,Paytm,Kolkata,POS,No,Normal Transaction
906349,500000106,2026-06-15,07:06:52,Credit Card,76677,Amazon,Pune,ATM,No,Normal Transaction
906350,500000049,2026-02-01,18:42:13,Debit Card,80178,Reliance,Delhi,Laptop,No,Normal Transaction
906351,500000127,2026-10-30,06:25:39,ATM,6655,Paytm,Hyderabad,ATM,No,Normal Transaction
906352,500000068,2026-03-10,06:09:07,ATM,24919,Reliance,Hyderabad,Mobile,No,Normal Transaction
906353,500000085,2026-07-08,19:01:28,Credit Card,95739,IRCTC,Mumbai,Laptop,No,Normal Transaction
906354,500000017,2026-05-16,07:32:59,Debit Card,83072,Zomato,Mumbai,POS,No,Normal Transaction
906355,500000143,2026-09-12,22:03:13,ATM,18871,Flipkart,Mumbai,ATM,No,Normal Transaction
906356,500000081,2026-04-10,21:54:39,UPI,5436,Uber,Bengaluru,ATM,No,Normal Transaction
906357,500000123,2026-08-27,09:24:18,NEFT,5663,Zomato,Bengaluru,Laptop,No,Normal Transaction
906358,500000161,2026-07-19,14:25:30,IMPS,56168,PhonePe,Pune,Mobile,No,Normal Transaction
906359,500000141,2026-03-29,12:14:13,Credit Card,85744,Paytm,Mumbai,ATM,No,Normal Transaction
906360,500000001,2026-12-30,17:42:21,NEFT,46920,Flipkart,Pune,ATM,No,Normal Transaction
906361,500000048,2027-01-01,08:29:41,NEFT,45338,Zomato,Delhi,Mobile,No,Normal Transaction
906362,500000153,2026-10-24,16:48:53,IMPS,68145,DMart,Lucknow,Laptop,No,Normal Transaction
906363,500000008,2026-07-08,09:05:55,UPI,16850,DMart,Delhi,ATM,No,Normal Transaction
906364,500000130,2026-11-13,10:22:03,Credit Card,45470,PhonePe,Mumbai,ATM,Yes,Different City
906365,500000032,2026-07-12,04:03:01,NEFT,95090,DMart,Hyderabad,Mobile,No,Normal Transaction
906366,500000037,2026-12-08,11:40:55,RTGS,48046,IRCTC,Bengaluru,Mobile,No,Normal Transaction
906367,500000101,2026-07-17,15:02:06,Credit Card,24077,Flipkart,Mumbai,POS,No,Normal Transaction
906368,500000162,2026-03-15,01:27:14,ATM,51848,Uber,Mumbai,Laptop,No,Normal Transaction
906369,500000155,2026-09-11,09:10:07,Debit Card,87622,Paytm,Pune,Laptop,No,Normal Transaction
906370,500000093,2026-09-05,18:13:24,Credit Card,84209,Swiggy,Hyderabad,ATM,No,Normal Transaction
906371,500000061,2026-08-04,01:41:37,NEFT,67790,Uber,Lucknow,ATM,No,Normal Transaction
906372,500000016,2026-11-06,21:04:00,ATM,4116,Reliance,Lucknow,POS,No,Normal Transaction
906373,500000170,2026-05-20,09:38:04,UPI,50878,IRCTC,Mumbai,Laptop,No,Normal Transaction
906374,500000122,2026-07-27,13:44:40,NEFT,65680,IRCTC,Kolkata,POS,No,Normal Transaction
906375,500000052,2026-11-28,09:16:18,Credit Card,27035,Reliance,Lucknow,Mobile,No,Normal Transaction
906376,500000145,2026-08-26,14:45:59,NEFT,39651,Paytm,Pune,POS,No,Normal Transaction
906377,500000147,2026-06-29,22:54:39,Credit Card,20708,Reliance,Bengaluru,Laptop,No,Normal Transaction
906378,500000129,2026-03-20,07:40:40,ATM,9093,Swiggy,Pune,Laptop,No,Normal Transaction
906379,500000074,2026-06-19,11:56:07,UPI,84700,IRCTC,Kolkata,Mobile,No,Normal Transaction
906380,500000097,2026-07-20,21:16:09,UPI,70539,Flipkart,Mumbai,Laptop,No,Normal Transaction
906381,500000047,2026-01-18,00:56:38,UPI,82655,Amazon,Bengaluru,Laptop,No,Normal Transaction
906382,500000168,2026-05-20,03:25:48,ATM,31727,Zomato,Mumbai,POS,No,Normal Transaction
906383,500000130,2026-01-02,23:00:18,UPI,8209,Paytm,Lucknow,Mobile,No,Normal Transaction
906384,500000019,2026-01-06,08:18:47,NEFT,4303,Swiggy,Kolkata,Mobile,No,Normal Transaction
906385,500000061,2026-11-18,22:47:30,NEFT,66116,Flipkart,Bengaluru,Mobile,No,Normal Transaction
906386,500000049,2026-07-09,08:41:27,Debit Card,21973,Zomato,Hyderabad,ATM,No,Normal Transaction
906387,500000147,2026-09-03,00:02:07,RTGS,82379,IRCTC,Kolkata,POS,No,Normal Transaction
906388,500000133,2026-06-11,22:25:35,RTGS,19132,PhonePe,Bengaluru,Laptop,No,Normal Transaction
906389,500000173,2027-01-01,19:47:45,ATM,21086,Paytm,Bengaluru,POS,Yes,Midnight Transaction
906390,500000038,2026-09-15,01:06:23,Debit Card,92919,PhonePe,Pune,ATM,No,Normal Transaction
906391,500000066,2026-02-14,23:52:26,ATM,47350,Swiggy,Pune,Mobile,No,Normal Transaction
906392,500000150,2026-06-16,15:45:21,NEFT,36978,IRCTC,Pune,ATM,No,Normal Transaction
906393,500000065,2026-01-23,18:21:01,Debit Card,79654,Swiggy,Kolkata,ATM,Yes,Multiple Transactions
906394,500000120,2026-12-10,22:04:16,Debit Card,64138,Amazon,Delhi,Mobile,No,Normal Transaction
906395,500000173,2026-02-15,06:45:10,Debit Card,9273,Amazon,Lucknow,Mobile,No,Normal Transaction
906396,500000037,2026-02-25,08:12:23,ATM,6871,DMart,Hyderabad,POS,No,Normal Transaction
906397,500000006,2026-05-08,06:03:21,Credit Card,49909,Uber,Mumbai,ATM,No,Normal Transaction
906398,500000006,2026-06-29,06:53:31,UPI,66816,DMart,Bengaluru,ATM,No,Normal Transaction
906399,500000044,2026-05-18,02:14:01,ATM,56908,PhonePe,Hyderabad,Mobile,No,Normal Transaction
906400,500000071,2026-08-11,13:58:26,Debit Card,64194,Flipkart,Hyderabad,POS,No,Normal Transaction
906401,500000159,2026-01-20,20:04:56,IMPS,45312,IRCTC,Kolkata,ATM,No,Normal Transaction
906402,500000109,2026-08-05,08:45:07,UPI,18184,PhonePe,Kolkata,Mobile,No,Normal Transaction
906403,500000127,2026-07-16,08:49:36,UPI,12983,Reliance,Hyderabad,Laptop,No,Normal Transaction
906404,500000160,2026-05-25,02:24:26,NEFT,60857,Swiggy,Delhi,POS,No,Normal Transaction
906405,500000120,2026-06-02,21:28:33,NEFT,95770,Swiggy,Bengaluru,Laptop,No,Normal Transaction
906406,500000107,2026-11-25,17:39:29,UPI,740,Swiggy,Hyderabad,ATM,No,Normal Transaction
906407,500000071,2026-07-21,08:13:06,RTGS,97020,PhonePe,Hyderabad,POS,No,Normal Transaction
906408,500000089,2026-02-13,18:48:20,Debit Card,61713,Uber,Kolkata,Laptop,No,Normal Transaction
906409,500000123,2026-08-16,18:55:32,UPI,44019,DMart,Mumbai,Laptop,No,Normal Transaction
906410,500000100,2026-04-04,19:51:33,RTGS,67378,Uber,Kolkata,ATM,No,Normal Transaction
906411,500000172,2026-07-08,18:31:02,Credit Card,26082,Amazon,Kolkata,ATM,No,Normal Transaction
906412,500000010,2026-01-12,21:55:32,Credit Card,68900,Uber,Mumbai,Laptop,No,Normal Transaction
906413,500000113,2026-06-12,15:27:30,IMPS,46244,Reliance,Delhi,ATM,No,Normal Transaction
906414,500000009,2026-07-08,01:57:49,NEFT,43887,Zomato,Delhi,Laptop,No,Normal Transaction
906415,500000159,2026-06-27,07:08:01,IMPS,8078,IRCTC,Delhi,Laptop,No,Normal Transaction
906416,500000154,2026-01-04,23:29:02,Debit Card,44511,Flipkart,Delhi,Mobile,No,Normal Transaction
906417,500000011,2026-09-09,20:36:09,ATM,52950,DMart,Kolkata,POS,No,Normal Transaction
906418,500000154,2026-05-12,05:36:55,UPI,83137,DMart,Bengaluru,Mobile,No,Normal Transaction
906419,500000158,2026-10-25,12:12:31,Credit Card,93869,Reliance,Hyderabad,ATM,No,Normal Transaction
906420,500000180,2026-04-19,22:07:57,Debit Card,5347,Paytm,Lucknow,POS,No,Normal Transaction
906421,500000168,2026-07-19,05:14:57,RTGS,19636,IRCTC,Bengaluru,POS,No,Normal Transaction
906422,500000005,2026-07-11,22:22:07,RTGS,71188,Reliance,Lucknow,ATM,No,Normal Transaction
906423,500000088,2026-03-09,01:11:01,RTGS,31651,Zomato,Pune,POS,No,Normal Transaction
906424,500000089,2026-07-13,02:55:20,IMPS,89676,Zomato,Bengaluru,ATM,Yes,Midnight Transaction
906425,500000081,2026-06-24,23:14:57,UPI,19142,Uber,Hyderabad,POS,No,Normal Transaction
906426,500000011,2026-01-14,00:38:23,UPI,3088,Amazon,Delhi,ATM,No,Normal Transaction
906427,500000161,2026-03-26,15:40:15,Credit Card,80601,IRCTC,Hyderabad,ATM,No,Normal Transaction
906428,500000044,2026-04-06,16:45:53,ATM,11104,Swiggy,Bengaluru,ATM,No,Normal Transaction
906429,500000042,2026-10-31,05:55:43,RTGS,6123,Uber,Mumbai,Laptop,No,Normal Transaction
906430,500000008,2026-04-19,01:18:38,NEFT,10336,Paytm,Kolkata,Laptop,Yes,Different City
906431,500000098,2026-06-17,22:42:39,ATM,26599,PhonePe,Pune,POS,No,Normal Transaction
906432,500000073,2026-06-17,12:59:00,ATM,38704,Paytm,Bengaluru,ATM,No,Normal Transaction
906433,500000093,2026-03-06,22:44:06,IMPS,37784,DMart,Pune,POS,No,Normal Transaction
906434,500000063,2026-08-24,00:22:50,ATM,74566,Zomato,Mumbai,Laptop,No,Normal Transaction
906435,500000172,2026-02-21,17:45:18,RTGS,99261,Paytm,Mumbai,Mobile,No,Normal Transaction
906436,500000125,2026-06-15,07:30:42,UPI,7578,Amazon,Hyderabad,Laptop,No,Normal Transaction
906437,500000144,2026-12-16,11:29:35,IMPS,17705,Reliance,Delhi,Laptop,No,Normal Transaction
906438,500000009,2026-09-11,19:34:01,IMPS,75628,IRCTC,Pune,ATM,No,Normal Transaction
906439,500000006,2026-05-08,23:14:19,NEFT,36852,Zomato,Hyderabad,ATM,Yes,High Amount
906440,500000059,2026-11-14,17:55:34,RTGS,41169,Zomato,Mumbai,POS,No,Normal Transaction
906441,500000017,2026-08-11,12:18:38,UPI,26148,PhonePe,Hyderabad,Laptop,No,Normal Transaction
906442,500000033,2026-11-23,04:20:33,NEFT,26739,Flipkart,Lucknow,Mobile,No,Normal Transaction
906443,500000043,2026-07-10,04:42:53,Credit Card,69354,Paytm,Pune,POS,No,Normal Transaction
906444,500000020,2026-07-02,15:00:01,UPI,44624,Uber,Pune,ATM,No,Normal Transaction
906445,500000038,2026-09-27,02:57:10,Debit Card,51077,PhonePe,Lucknow,Mobile,No,Normal Transaction
906446,500000079,2026-06-01,11:48:29,RTGS,55467,Swiggy,Delhi,POS,No,Normal Transaction
906447,500000134,2026-04-05,00:30:59,ATM,61085,Swiggy,Pune,POS,No,Normal Transaction
906448,500000133,2026-05-17,16:04:53,IMPS,1036,Flipkart,Hyderabad,Mobile,No,Normal Transaction
906449,500000179,2026-11-03,05:14:03,RTGS,14653,IRCTC,Pune,Mobile,No,Normal Transaction
906450,500000021,2026-09-25,14:56:13,Credit Card,35174,IRCTC,Bengaluru,ATM,No,Normal Transaction
906451,500000122,2026-04-21,14:48:05,UPI,38305,Uber,Kolkata,Laptop,No,Normal Transaction
906452,500000064,2026-03-16,14:29:49,RTGS,38875,Uber,Lucknow,POS,No,Normal Transaction
906453,500000008,2026-01-31,18:25:31,IMPS,35236,PhonePe,Delhi,POS,No,Normal Transaction
906454,500000073,2026-07-11,16:30:26,Credit Card,14524,IRCTC,Bengaluru,Mobile,No,Normal Transaction
906455,500000125,2026-08-27,18:35:05,Debit Card,19560,PhonePe,Hyderabad,Mobile,No,Normal Transaction
906456,500000060,2026-09-06,23:33:42,RTGS,6551,Uber,Pune,POS,No,Normal Transaction
906457,500000128,2026-02-02,14:15:46,Credit Card,72528,Reliance,Bengaluru,Mobile,No,Normal Transaction
906458,500000035,2026-03-19,00:48:55,Credit Card,90692,Reliance,Kolkata,POS,No,Normal Transaction
906459,500000070,2026-10-28,14:34:54,Credit Card,33708,Amazon,Hyderabad,Mobile,No,Normal Transaction
906460,500000064,2026-02-02,04:44:33,UPI,9962,Amazon,Kolkata,Mobile,No,Normal Transaction
906461,500000138,2026-12-08,17:39:26,Credit Card,25564,Swiggy,Hyderabad,POS,No,Normal Transaction
906462,500000056,2026-12-30,02:40:04,UPI,23476,Amazon,Lucknow,Laptop,No,Normal Transaction
906463,500000161,2026-05-22,02:05:30,IMPS,44854,Swiggy,Kolkata,POS,No,Normal Transaction
906464,500000135,2026-09-17,15:09:55,Debit Card,70817,PhonePe,Delhi,ATM,No,Normal Transaction
906465,500000086,2026-05-10,03:11:27,UPI,63380,Flipkart,Mumbai,ATM,No,Normal Transaction
906466,500000160,2026-03-19,14:07:41,ATM,93644,Swiggy,Pune,ATM,No,Normal Transaction
906467,500000076,2026-06-02,07:46:13,Credit Card,61438,Amazon,Delhi,POS,No,Normal Transaction
906468,500000015,2026-01-21,18:38:18,Debit Card,97553,Flipkart,Delhi,POS,No,Normal Transaction
906469,500000049,2026-05-26,13:37:32,IMPS,10085,Uber,Lucknow,Mobile,No,Normal Transaction
906470,500000083,2026-10-20,13:43:34,ATM,50619,PhonePe,Delhi,POS,No,Normal Transaction
906471,500000045,2026-06-19,00:14:37,IMPS,48061,Swiggy,Bengaluru,ATM,No,Normal Transaction
906472,500000058,2026-03-12,12:16:10,ATM,33392,Reliance,Pune,POS,No,Normal Transaction
906473,500000116,2026-01-22,02:03:44,UPI,53668,Paytm,Delhi,POS,No,Normal Transaction
906474,500000132,2026-03-02,00:34:37,Debit Card,29285,Reliance,Hyderabad,Mobile,No,Normal Transaction
906475,500000020,2026-11-29,22:15:06,IMPS,98268,Swiggy,Hyderabad,Mobile,No,Normal Transaction
906476,500000135,2026-06-08,09:08:00,RTGS,80428,IRCTC,Bengaluru,ATM,Yes,Different City
906477,500000017,2026-06-07,09:41:32,IMPS,42860,Swiggy,Lucknow,ATM,No,Normal Transaction
906478,500000096,2026-07-08,15:25:37,NEFT,97047,PhonePe,Bengaluru,Laptop,No,Normal Transaction
906479,500000089,2026-01-05,18:05:37,IMPS,33545,Reliance,Bengaluru,POS,No,Normal Transaction
906480,500000033,2026-10-17,15:39:01,RTGS,68267,DMart,Bengaluru,Mobile,No,Normal Transaction
906481,500000087,2026-09-06,10:19:40,UPI,28573,PhonePe,Hyderabad,Mobile,No,Normal Transaction
906482,500000167,2026-03-07,09:14:35,Credit Card,7356,Flipkart,Pune,Mobile,No,Normal Transaction
906483,500000083,2026-09-17,16:39:45,NEFT,83147,PhonePe,Lucknow,Mobile,No,Normal Transaction
906484,500000044,2026-03-26,09:18:07,RTGS,74407,Amazon,Pune,Laptop,No,Normal Transaction
906485,500000023,2026-08-16,08:51:21,NEFT,4444,Amazon,Delhi,Mobile,No,Normal Transaction
906486,500000039,2026-11-12,16:14:25,UPI,2250,Flipkart,Pune,Laptop,No,Normal Transaction
906487,500000012,2026-02-15,21:50:55,Debit Card,92788,Reliance,Mumbai,Laptop,No,Normal Transaction
906488,500000092,2026-07-14,05:47:19,Credit Card,96048,Uber,Lucknow,Laptop,No,Normal Transaction
906489,500000007,2026-09-01,12:38:47,NEFT,16270,Paytm,Kolkata,Laptop,No,Normal Transaction
906490,500000065,2026-10-01,21:48:44,ATM,84765,IRCTC,Lucknow,POS,No,Normal Transaction
906491,500000070,2026-05-08,04:47:29,Credit Card,83584,Paytm,Lucknow,Mobile,No,Normal Transaction
906492,500000173,2026-11-25,08:16:14,Debit Card,63400,Uber,Mumbai,ATM,No,Normal Transaction
906493,500000040,2026-10-13,07:49:10,RTGS,39676,PhonePe,Hyderabad,ATM,No,Normal Transaction
906494,500000170,2026-09-30,08:33:37,ATM,99011,Swiggy,Pune,POS,No,Normal Transaction
906495,500000162,2026-07-09,11:48:35,UPI,38883,Flipkart,Bengaluru,Laptop,No,Normal Transaction
906496,500000043,2026-04-25,21:44:28,Debit Card,93771,Swiggy,Hyderabad,ATM,No,Normal Transaction
906497,500000095,2026-09-09,23:09:25,NEFT,48752,Flipkart,Hyderabad,Mobile,No,Normal Transaction
906498,500000057,2026-12-02,15:06:37,ATM,6239,Amazon,Bengaluru,Laptop,No,Normal Transaction
906499,500000062,2026-11-25,16:44:16,NEFT,16957,Amazon,Bengaluru,Laptop,Yes,Different City
906500,500000071,2026-12-06,05:26:14,ATM,23826,Flipkart,Bengaluru,ATM,No,Normal Transaction
906501,500000008,2026-02-07,07:56:23,IMPS,47567,Flipkart,Mumbai,POS,No,Normal Transaction
906502,500000141,2026-12-02,09:24:19,ATM,13333,Paytm,Kolkata,Mobile,No,Normal Transaction
906503,500000141,2026-09-29,03:57:55,Credit Card,34382,Swiggy,Delhi,POS,No,Normal Transaction
906504,500000080,2026-08-04,13:13:25,Debit Card,16382,Swiggy,Lucknow,ATM,No,Normal Transaction
906505,500000138,2026-05-02,17:03:56,UPI,76208,Swiggy,Pune,Laptop,No,Normal Transaction
906506,500000097,2026-08-15,01:44:15,Debit Card,80754,Amazon,Hyderabad,ATM,No,Normal Transaction
906507,500000083,2026-03-14,12:02:16,NEFT,17414,DMart,Kolkata,ATM,No,Normal Transaction
906508,500000068,2026-12-04,22:56:51,Debit Card,90492,Amazon,Hyderabad,Laptop,No,Normal Transaction
906509,500000104,2026-03-16,15:27:53,Debit Card,75444,Paytm,Hyderabad,Mobile,No,Normal Transaction
906510,500000096,2026-04-05,02:20:24,Credit Card,16473,PhonePe,Mumbai,ATM,No,Normal Transaction
906511,500000022,2026-02-19,09:00:37,Debit Card,10157,Zomato,Kolkata,POS,No,Normal Transaction
906512,500000011,2026-03-07,17:40:47,Debit Card,28173,IRCTC,Mumbai,ATM,No,Normal Transaction
906513,500000073,2026-01-09,18:42:12,Debit Card,82031,Uber,Pune,Mobile,No,Normal Transaction
906514,500000165,2026-10-27,06:32:48,UPI,41622,IRCTC,Delhi,Mobile,No,Normal Transaction
906515,500000089,2026-02-12,04:34:14,Debit Card,5707,IRCTC,Delhi,POS,No,Normal Transaction
906516,500000023,2026-03-25,04:52:44,UPI,84520,Paytm,Lucknow,Laptop,No,Normal Transaction
906517,500000055,2026-09-11,19:59:18,RTGS,88938,Flipkart,Kolkata,POS,No,Normal Transaction
906518,500000175,2026-11-23,06:54:05,Credit Card,55583,Uber,Hyderabad,Mobile,No,Normal Transaction
906519,500000007,2026-05-16,01:44:36,ATM,38247,Uber,Kolkata,POS,No,Normal Transaction
906520,500000013,2026-12-25,04:59:04,NEFT,58670,DMart,Lucknow,Mobile,No,Normal Transaction
906521,500000114,2026-04-12,20:49:36,IMPS,37579,IRCTC,Bengaluru,ATM,No,Normal Transaction
906522,500000068,2026-06-06,07:18:27,Credit Card,65390,Amazon,Lucknow,Laptop,No,Normal Transaction
906523,500000002,2026-10-29,18:58:53,NEFT,77241,Uber,Pune,POS,No,Normal Transaction
906524,500000139,2026-05-19,21:42:36,ATM,77619,PhonePe,Mumbai,ATM,No,Normal Transaction
906525,500000165,2026-04-20,08:13:15,Credit Card,19978,Zomato,Lucknow,Mobile,No,Normal Transaction
906526,500000001,2026-01-15,07:05:28,NEFT,45510,DMart,Lucknow,ATM,No,Normal Transaction
906527,500000026,2026-11-12,11:28:21,UPI,79655,Flipkart,Pune,ATM,No,Normal Transaction
906528,500000050,2026-07-20,11:47:42,ATM,28769,Flipkart,Bengaluru,Laptop,No,Normal Transaction
906529,500000100,2026-08-03,11:06:18,RTGS,10074,Amazon,Kolkata,Laptop,Yes,Midnight Transaction
906530,500000029,2026-05-02,18:29:46,NEFT,91903,Paytm,Kolkata,Mobile,No,Normal Transaction
906531,500000010,2026-08-21,14:16:12,Credit Card,61440,Amazon,Mumbai,POS,No,Normal Transaction
906532,500000148,2026-04-14,12:39:50,ATM,72248,Flipkart,Hyderabad,Laptop,No,Normal Transaction
906533,500000085,2026-08-26,03:22:41,ATM,30488,Uber,Lucknow,Laptop,No,Normal Transaction
906534,500000018,2026-06-12,19:24:54,NEFT,65793,Reliance,Pune,POS,No,Normal Transaction
906535,500000112,2026-01-18,17:34:13,Credit Card,60398,Uber,Mumbai,ATM,No,Normal Transaction
906536,500000033,2026-03-31,06:08:17,Debit Card,15698,PhonePe,Kolkata,Mobile,No,Normal Transaction
906537,500000126,2026-11-19,05:10:04,RTGS,41343,DMart,Bengaluru,Laptop,No,Normal Transaction
906538,500000068,2026-07-18,07:49:18,NEFT,31209,DMart,Pune,Mobile,No,Normal Transaction
906539,500000015,2026-01-24,18:57:29,ATM,84700,Flipkart,Mumbai,Laptop,No,Normal Transaction
906540,500000092,2026-03-15,02:30:49,NEFT,16132,Amazon,Bengaluru,Laptop,No,Normal Transaction
906541,500000091,2026-11-28,17:51:02,IMPS,69177,Zomato,Delhi,ATM,No,Normal Transaction
906542,500000051,2026-04-18,10:37:53,RTGS,77437,DMart,Kolkata,Laptop,No,Normal Transaction
906543,500000116,2026-05-02,04:06:35,IMPS,55515,Swiggy,Mumbai,Mobile,No,Normal Transaction
906544,500000126,2026-09-24,11:23:57,ATM,14604,Zomato,Pune,ATM,No,Normal Transaction
906545,500000100,2026-06-17,20:46:26,RTGS,70671,Reliance,Bengaluru,Mobile,No,Normal Transaction
906546,500000105,2026-01-12,10:12:09,Credit Card,52594,Reliance,Bengaluru,Mobile,No,Normal Transaction
906547,500000134,2026-01-28,00:45:51,RTGS,41430,PhonePe,Lucknow,ATM,No,Normal Transaction
906548,500000175,2026-03-29,12:11:51,RTGS,70826,Zomato,Delhi,Mobile,No,Normal Transaction
906549,500000111,2026-10-01,00:15:09,RTGS,1172,Flipkart,Delhi,Mobile,No,Normal Transaction
906550,500000074,2026-02-03,09:19:16,UPI,40503,Flipkart,Kolkata,Mobile,No,Normal Transaction
906551,500000010,2026-07-14,07:49:59,NEFT,43740,Amazon,Lucknow,ATM,No,Normal Transaction
906552,500000023,2026-03-16,07:43:40,IMPS,41457,DMart,Lucknow,Laptop,No,Normal Transaction
906553,500000176,2026-02-28,08:22:28,Credit Card,71996,PhonePe,Pune,ATM,No,Normal Transaction
906554,500000051,2026-02-13,18:35:12,ATM,27622,Zomato,Lucknow,POS,No,Normal Transaction
906555,500000163,2026-01-06,07:43:04,IMPS,62479,Amazon,Delhi,POS,No,Normal Transaction
906556,500000123,2026-02-22,18:08:44,IMPS,69042,Zomato,Pune,ATM,No,Normal Transaction
906557,500000058,2026-10-25,19:33:21,Debit Card,76901,PhonePe,Mumbai,Mobile,No,Normal Transaction
906558,500000021,2026-07-05,04:22:58,Credit Card,12155,PhonePe,Mumbai,Mobile,No,Normal Transaction
906559,500000155,2026-09-25,04:13:06,Credit Card,22575,Paytm,Delhi,Laptop,No,Normal Transaction
906560,500000144,2026-11-12,22:37:15,UPI,32231,Uber,Pune,Mobile,No,Normal Transaction
906561,500000145,2026-01-30,21:28:14,Credit Card,17558,Paytm,Pune,ATM,No,Normal Transaction
906562,500000046,2026-01-22,09:04:52,IMPS,3076,Flipkart,Lucknow,Laptop,No,Normal Transaction
906563,500000148,2026-04-26,08:01:01,IMPS,99211,PhonePe,Bengaluru,Laptop,No,Normal Transaction
906564,500000168,2026-05-05,17:40:25,ATM,35185,Paytm,Bengaluru,Mobile,No,Normal Transaction
906565,500000065,2026-04-01,07:46:20,IMPS,75422,Reliance,Bengaluru,POS,No,Normal Transaction
906566,500000092,2026-09-02,18:12:19,IMPS,28078,PhonePe,Mumbai,Laptop,No,Normal Transaction
906567,500000034,2026-09-06,19:12:56,Debit Card,63045,Flipkart,Delhi,Mobile,No,Normal Transaction
906568,500000129,2026-11-14,06:00:53,NEFT,8697,Paytm,Bengaluru,Laptop,No,Normal Transaction
906569,500000132,2026-08-04,19:16:21,IMPS,66584,IRCTC,Hyderabad,Mobile,No,Normal Transaction
906570,500000041,2026-09-25,21:35:25,IMPS,12697,Swiggy,Bengaluru,POS,No,Normal Transaction
906571,500000013,2026-05-12,03:38:33,ATM,55126,Swiggy,Delhi,ATM,No,Normal Transaction
906572,500000106,2026-02-18,08:15:32,IMPS,73525,PhonePe,Kolkata,ATM,No,Normal Transaction
906573,500000136,2026-06-02,19:55:34,IMPS,68787,DMart,Bengaluru,Mobile,No,Normal Transaction
906574,500000094,2026-07-24,22:10:00,Credit Card,59675,Swiggy,Delhi,Mobile,No,Normal Transaction
906575,500000020,2026-11-11,02:25:46,NEFT,37711,PhonePe,Kolkata,Mobile,No,Normal Transaction
906576,500000139,2026-03-23,10:23:59,RTGS,68764,Uber,Kolkata,Laptop,No,Normal Transaction
906577,500000030,2026-09-07,15:50:16,NEFT,53309,PhonePe,Kolkata,Laptop,No,Normal Transaction
906578,500000016,2026-09-17,13:01:31,NEFT,29195,Swiggy,Kolkata,Mobile,No,Normal Transaction
906579,500000042,2026-02-15,12:10:57,RTGS,55682,IRCTC,Mumbai,Laptop,No,Normal Transaction
906580,500000085,2026-11-26,03:02:56,Credit Card,70573,IRCTC,Kolkata,POS,No,Normal Transaction
906581,500000005,2026-07-02,23:47:54,Debit Card,65301,PhonePe,Lucknow,Mobile,No,Normal Transaction
906582,500000077,2026-01-28,23:28:25,IMPS,78782,Paytm,Bengaluru,ATM,No,Normal Transaction
906583,500000155,2026-12-17,16:44:19,IMPS,42883,Swiggy,Pune,POS,No,Normal Transaction
906584,500000136,2026-04-22,16:29:13,ATM,8857,Zomato,Lucknow,Laptop,No,Normal Transaction
906585,500000144,2026-01-17,19:02:30,ATM,8572,Amazon,Hyderabad,POS,No,Normal Transaction
906586,500000156,2026-07-09,03:34:56,RTGS,42257,DMart,Pune,POS,No,Normal Transaction
906587,500000120,2026-07-23,17:09:12,IMPS,17049,Reliance,Delhi,Laptop,No,Normal Transaction
906588,500000098,2026-03-28,16:00:06,NEFT,32130,Uber,Pune,POS,No,Normal Transaction
906589,500000075,2026-04-26,10:25:54,ATM,88918,Paytm,Lucknow,Laptop,No,Normal Transaction
906590,500000103,2026-01-30,01:16:24,NEFT,23033,PhonePe,Pune,ATM,No,Normal Transaction
906591,500000018,2026-07-27,05:07:17,UPI,86199,Reliance,Pune,ATM,No,Normal Transaction
906592,500000140,2026-03-09,06:42:15,Debit Card,89321,Paytm,Hyderabad,Mobile,No,Normal Transaction
906593,500000074,2026-09-10,04:30:43,IMPS,24613,DMart,Mumbai,Laptop,No,Normal Transaction
906594,500000154,2026-12-23,12:44:07,ATM,28240,Reliance,Kolkata,Mobile,No,Normal Transaction
906595,500000127,2026-11-12,09:03:35,RTGS,73738,PhonePe,Lucknow,Laptop,No,Normal Transaction
906596,500000173,2026-09-19,03:32:58,NEFT,20049,Zomato,Lucknow,POS,No,Normal Transaction
906597,500000074,2026-07-15,17:19:11,IMPS,84167,DMart,Mumbai,Mobile,No,Normal Transaction
906598,500000069,2026-06-29,01:12:35,UPI,84021,Paytm,Lucknow,ATM,No,Normal Transaction
906599,500000145,2026-06-10,21:38:18,ATM,24960,Uber,Bengaluru,ATM,No,Normal Transaction
906600,500000082,2026-09-26,03:49:26,IMPS,37888,Flipkart,Pune,ATM,No,Normal Transaction
906601,500000077,2026-03-13,20:49:34,Debit Card,8670,Reliance,Bengaluru,ATM,No,Normal Transaction
906602,500000034,2026-10-22,16:05:27,RTGS,39291,Flipkart,Pune,POS,No,Normal Transaction
906603,500000067,2026-04-19,18:30:30,ATM,54814,Amazon,Lucknow,ATM,No,Normal Transaction
906604,500000145,2026-11-05,04:59:17,IMPS,68748,Flipkart,Lucknow,Laptop,No,Normal Transaction
906605,500000173,2026-12-27,00:34:57,ATM,4166,Amazon,Lucknow,POS,Yes,Different City
906606,500000088,2026-07-01,20:40:11,Debit Card,37984,Paytm,Mumbai,POS,No,Normal Transaction
906607,500000070,2026-03-14,15:11:56,NEFT,64175,DMart,Pune,POS,Yes,Midnight Transaction
906608,500000151,2026-01-01,23:32:12,Credit Card,25906,PhonePe,Kolkata,Laptop,No,Normal Transaction
906609,500000111,2026-01-26,07:34:49,NEFT,44141,Reliance,Hyderabad,Mobile,No,Normal Transaction
906610,500000061,2026-08-09,10:41:52,IMPS,41064,Paytm,Hyderabad,Mobile,No,Normal Transaction
906611,500000158,2026-05-20,12:51:20,NEFT,72495,Reliance,Pune,Mobile,No,Normal Transaction
906612,500000122,2026-05-17,11:05:43,RTGS,80181,Swiggy,Delhi,Mobile,No,Normal Transaction
906613,500000102,2026-12-26,15:39:51,Credit Card,27431,Paytm,Kolkata,Laptop,No,Normal Transaction
906614,500000178,2026-11-06,04:24:43,RTGS,2712,DMart,Mumbai,Laptop,No,Normal Transaction
906615,500000124,2026-08-20,09:12:41,Credit Card,19537,Zomato,Mumbai,Laptop,No,Normal Transaction
906616,500000106,2026-08-29,21:21:11,NEFT,9314,Amazon,Kolkata,POS,No,Normal Transaction
906617,500000053,2026-05-30,21:54:09,ATM,75742,Reliance,Delhi,ATM,No,Normal Transaction
906618,500000100,2026-12-15,21:33:24,Debit Card,53361,IRCTC,Hyderabad,POS,No,Normal Transaction
906619,500000180,2026-10-19,04:17:06,IMPS,13465,PhonePe,Hyderabad,POS,No,Normal Transaction
906620,500000049,2026-01-25,19:25:03,Credit Card,32269,Amazon,Pune,ATM,No,Normal Transaction
906621,500000081,2026-01-03,01:56:57,UPI,2610,DMart,Kolkata,POS,No,Normal Transaction
906622,500000102,2026-05-09,19:17:09,NEFT,73336,Uber,Delhi,Mobile,No,Normal Transaction
906623,500000061,2026-03-03,06:53:36,Debit Card,43547,Zomato,Bengaluru,POS,No,Normal Transaction
906624,500000142,2026-01-12,16:14:01,IMPS,31827,DMart,Lucknow,ATM,No,Normal Transaction
906625,500000023,2026-10-28,15:39:05,UPI,63239,DMart,Pune,Laptop,No,Normal Transaction
906626,500000052,2026-07-01,03:24:51,Debit Card,89336,IRCTC,Pune,POS,No,Normal Transaction
906627,500000078,2026-06-20,00:09:46,RTGS,90111,Amazon,Delhi,Mobile,No,Normal Transaction
906628,500000087,2026-12-16,13:09:27,UPI,66151,Paytm,Pune,ATM,No,Normal Transaction
906629,500000076,2026-04-24,12:09:09,UPI,24833,PhonePe,Lucknow,POS,No,Normal Transaction
906630,500000002,2026-01-31,11:56:29,Debit Card,77372,DMart,Hyderabad,POS,No,Normal Transaction
906631,500000131,2026-06-29,16:05:10,UPI,3379,Amazon,Pune,Laptop,No,Normal Transaction
906632,500000105,2026-09-15,05:06:38,UPI,72285,Flipkart,Delhi,ATM,No,Normal Transaction
906633,500000103,2026-06-24,03:08:23,IMPS,11343,Reliance,Lucknow,Laptop,No,Normal Transaction
906634,500000156,2026-06-08,05:54:56,Debit Card,67031,IRCTC,Pune,Mobile,No,Normal Transaction
906635,500000172,2026-01-15,12:48:00,NEFT,98580,Amazon,Delhi,Mobile,No,Normal Transaction
906636,500000049,2026-12-16,19:34:35,NEFT,98249,DMart,Mumbai,ATM,No,Normal Transaction
906637,500000052,2026-12-11,03:00:02,NEFT,48643,Reliance,Lucknow,ATM,No,Normal Transaction
906638,500000082,2027-01-01,01:32:30,RTGS,62709,PhonePe,Delhi,Laptop,No,Normal Transaction
906639,500000047,2026-06-19,15:09:24,Debit Card,36957,Flipkart,Hyderabad,ATM,No,Normal Transaction
906640,500000158,2026-06-15,06:03:39,IMPS,4998,Reliance,Hyderabad,POS,No,Normal Transaction
906641,500000015,2026-09-12,11:14:20,UPI,11252,Amazon,Bengaluru,POS,No,Normal Transaction
906642,500000087,2026-06-24,08:24:19,ATM,46687,Amazon,Delhi,POS,No,Normal Transaction
906643,500000047,2026-11-17,14:52:39,Credit Card,19689,Swiggy,Delhi,Mobile,No,Normal Transaction
906644,500000071,2026-02-25,05:35:05,Debit Card,14028,Uber,Delhi,Mobile,No,Normal Transaction
906645,500000119,2026-10-06,23:54:58,Debit Card,1142,Reliance,Kolkata,Mobile,No,Normal Transaction
906646,500000016,2026-12-03,16:58:58,NEFT,20721,IRCTC,Lucknow,Laptop,No,Normal Transaction
906647,500000058,2026-12-27,09:00:03,RTGS,99303,Flipkart,Kolkata,Mobile,No,Normal Transaction
906648,500000135,2026-08-11,12:47:12,Credit Card,28244,Reliance,Bengaluru,Mobile,Yes,Multiple Transactions
906649,500000043,2026-12-30,06:57:24,ATM,19003,IRCTC,Delhi,Mobile,Yes,Different City
906650,500000113,2026-06-10,20:54:59,UPI,76194,Swiggy,Lucknow,ATM,No,Normal Transaction
906651,500000008,2026-06-13,11:38:58,ATM,93937,DMart,Bengaluru,ATM,No,Normal Transaction
906652,500000049,2026-04-05,17:29:10,UPI,38769,IRCTC,Bengaluru,POS,No,Normal Transaction
906653,500000054,2026-09-12,11:52:10,ATM,21641,DMart,Lucknow,ATM,No,Normal Transaction
906654,500000088,2026-12-29,04:59:17,ATM,82116,PhonePe,Delhi,POS,No,Normal Transaction
906655,500000146,2026-01-17,09:00:15,UPI,9834,Uber,Hyderabad,ATM,No,Normal Transaction
906656,500000129,2026-04-05,19:06:16,NEFT,21183,Swiggy,Kolkata,ATM,No,Normal Transaction
906657,500000134,2026-06-06,20:57:41,UPI,16417,Flipkart,Lucknow,Mobile,No,Normal Transaction
906658,500000023,2026-03-10,06:26:17,Debit Card,63380,Paytm,Bengaluru,ATM,No,Normal Transaction
906659,500000025,2026-06-27,11:03:31,Credit Card,48899,Flipkart,Hyderabad,ATM,No,Normal Transaction
906660,500000005,2026-10-30,23:31:43,RTGS,31743,Amazon,Bengaluru,Mobile,No,Normal Transaction
906661,500000124,2026-08-14,21:30:59,ATM,10930,Swiggy,Mumbai,ATM,No,Normal Transaction
906662,500000179,2026-03-22,20:13:42,ATM,32513,Flipkart,Pune,Mobile,No,Normal Transaction
906663,500000154,2026-06-28,05:52:19,IMPS,88101,PhonePe,Kolkata,Laptop,No,Normal Transaction
906664,500000044,2026-10-18,18:04:37,RTGS,65414,Uber,Pune,POS,No,Normal Transaction
906665,500000080,2026-09-06,15:47:34,IMPS,54378,Uber,Bengaluru,Mobile,No,Normal Transaction
906666,500000019,2026-08-22,23:47:49,Credit Card,32351,IRCTC,Kolkata,POS,No,Normal Transaction
906667,500000100,2026-08-03,11:24:53,Credit Card,16020,PhonePe,Pune,Laptop,No,Normal Transaction
906668,500000010,2026-10-26,03:09:18,UPI,11949,Paytm,Delhi,ATM,No,Normal Transaction
906669,500000080,2026-10-05,16:13:43,ATM,30260,Flipkart,Hyderabad,POS,No,Normal Transaction
906670,500000096,2026-08-12,09:50:14,ATM,98231,Paytm,Bengaluru,ATM,No,Normal Transaction
906671,500000053,2026-12-03,13:25:34,IMPS,22812,Flipkart,Pune,Mobile,No,Normal Transaction
906672,500000168,2026-05-20,00:05:13,Credit Card,88174,Uber,Mumbai,Mobile,No,Normal Transaction
906673,500000119,2026-12-17,12:42:38,NEFT,16985,DMart,Mumbai,Mobile,No,Normal Transaction
906674,500000136,2026-12-29,22:04:04,Debit Card,12144,Reliance,Mumbai,ATM,No,Normal Transaction
906675,500000180,2026-09-18,11:55:08,Debit Card,61462,Reliance,Delhi,POS,No,Normal Transaction
906676,500000079,2026-09-22,07:57:30,IMPS,58854,PhonePe,Kolkata,POS,No,Normal Transaction
906677,500000155,2026-04-26,10:22:32,Debit Card,87278,Amazon,Bengaluru,Mobile,No,Normal Transaction
906678,500000016,2026-06-12,21:02:45,UPI,56968,Swiggy,Hyderabad,POS,No,Normal Transaction
906679,500000138,2026-08-25,21:12:06,Credit Card,64707,IRCTC,Lucknow,Laptop,No,Normal Transaction
906680,500000146,2026-05-13,02:50:15,RTGS,10972,Uber,Pune,POS,Yes,Different City
906681,500000115,2026-08-17,07:58:41,IMPS,10441,Zomato,Lucknow,ATM,No,Normal Transaction
906682,500000160,2026-11-15,21:11:42,ATM,53224,Paytm,Bengaluru,Laptop,No,Normal Transaction
906683,500000106,2026-01-01,05:49:37,ATM,10264,DMart,Hyderabad,Laptop,No,Normal Transaction
906684,500000130,2026-11-14,21:47:10,NEFT,1093,IRCTC,Lucknow,POS,No,Normal Transaction
906685,500000170,2026-04-18,12:26:14,NEFT,80438,Reliance,Pune,ATM,No,Normal Transaction
906686,500000169,2026-11-30,18:55:56,RTGS,74327,Paytm,Hyderabad,POS,No,Normal Transaction
906687,500000012,2026-03-05,16:53:36,IMPS,35034,DMart,Hyderabad,ATM,No,Normal Transaction
906688,500000079,2026-06-28,18:59:50,UPI,82076,Amazon,Bengaluru,ATM,No,Normal Transaction
906689,500000167,2026-08-14,06:46:28,RTGS,79870,Reliance,Mumbai,Laptop,No,Normal Transaction
906690,500000040,2026-11-20,16:04:06,ATM,99747,DMart,Delhi,Laptop,No,Normal Transaction
906691,500000034,2026-07-12,16:26:45,UPI,15686,Reliance,Lucknow,Laptop,No,Normal Transaction
906692,500000172,2026-06-11,00:43:00,Debit Card,93486,Amazon,Pune,Mobile,No,Normal Transaction
906693,500000012,2026-03-28,01:55:54,UPI,44133,Paytm,Mumbai,Laptop,No,Normal Transaction
906694,500000092,2026-07-27,19:33:28,RTGS,89144,Amazon,Mumbai,Laptop,No,Normal Transaction
906695,500000112,2026-10-24,07:41:00,Credit Card,83556,Amazon,Bengaluru,Mobile,No,Normal Transaction
906696,500000175,2026-01-02,16:15:57,ATM,38358,Zomato,Bengaluru,Mobile,No,Normal Transaction
906697,500000050,2026-02-05,07:06:39,Debit Card,22881,Flipkart,Pune,Laptop,No,Normal Transaction
906698,500000165,2026-05-11,09:52:07,NEFT,40607,Zomato,Pune,POS,No,Normal Transaction
906699,500000005,2026-05-10,00:37:57,UPI,92068,Amazon,Bengaluru,ATM,No,Normal Transaction
906700,500000095,2026-12-18,20:29:38,IMPS,88599,Flipkart,Mumbai,POS,No,Normal Transaction
906701,500000156,2026-08-11,11:46:04,NEFT,26797,Swiggy,Delhi,POS,No,Normal Transaction
906702,500000036,2026-02-08,17:32:55,ATM,63345,IRCTC,Hyderabad,POS,No,Normal Transaction
906703,500000147,2026-12-10,10:47:32,Debit Card,74076,Uber,Hyderabad,Laptop,Yes,High Amount
906704,500000150,2026-11-29,17:36:50,UPI,42749,Uber,Bengaluru,ATM,No,Normal Transaction
906705,500000125,2026-12-21,15:40:25,Debit Card,40774,Zomato,Hyderabad,ATM,No,Normal Transaction
906706,500000035,2026-11-20,00:57:36,NEFT,58234,Reliance,Mumbai,Mobile,No,Normal Transaction
906707,500000143,2026-07-26,18:50:08,IMPS,87341,Zomato,Mumbai,ATM,No,Normal Transaction
906708,500000132,2026-01-05,04:57:38,ATM,36097,IRCTC,Lucknow,ATM,No,Normal Transaction
906709,500000137,2026-08-17,12:55:12,Credit Card,40627,DMart,Delhi,ATM,No,Normal Transaction
906710,500000093,2026-06-08,19:49:40,ATM,57168,Flipkart,Mumbai,POS,No,Normal Transaction
906711,500000142,2026-11-04,23:26:36,IMPS,68862,Swiggy,Delhi,Laptop,No,Normal Transaction
906712,500000128,2026-05-23,20:20:24,ATM,27133,Amazon,Delhi,Mobile,No,Normal Transaction
906713,500000046,2026-03-24,08:08:34,Credit Card,78255,Paytm,Lucknow,Mobile,No,Normal Transaction
906714,500000127,2026-01-23,11:35:27,UPI,58833,Reliance,Hyderabad,POS,No,Normal Transaction
906715,500000055,2026-09-28,22:24:53,RTGS,98929,Paytm,Lucknow,ATM,No,Normal Transaction
906716,500000058,2026-09-16,13:42:44,NEFT,64033,Flipkart,Hyderabad,ATM,No,Normal Transaction
906717,500000161,2026-08-07,07:27:46,Credit Card,52052,IRCTC,Bengaluru,POS,No,Normal Transaction
906718,500000086,2026-08-19,01:58:39,IMPS,45904,PhonePe,Kolkata,Laptop,No,Normal Transaction
906719,500000173,2026-06-20,23:31:35,NEFT,47076,Reliance,Pune,POS,No,Normal Transaction
906720,500000105,2026-07-22,19:54:10,UPI,60234,Flipkart,Kolkata,ATM,No,Normal Transaction
906721,500000038,2026-11-13,15:21:49,RTGS,95997,IRCTC,Bengaluru,POS,No,Normal Transaction
906722,500000057,2026-08-09,18:35:54,Debit Card,44727,IRCTC,Kolkata,POS,No,Normal Transaction
906723,500000077,2026-09-03,06:14:30,Debit Card,35044,DMart,Delhi,Laptop,No,Normal Transaction
906724,500000083,2026-06-25,01:55:45,IMPS,57326,PhonePe,Delhi,Laptop,No,Normal Transaction
906725,500000160,2026-02-25,01:44:42,Credit Card,8797,DMart,Hyderabad,ATM,No,Normal Transaction
906726,500000099,2026-12-23,11:52:31,Credit Card,29568,PhonePe,Delhi,POS,No,Normal Transaction
906727,500000065,2026-12-14,07:23:13,UPI,97341,IRCTC,Pune,ATM,No,Normal Transaction
906728,500000162,2026-02-17,05:24:08,IMPS,96923,Swiggy,Bengaluru,ATM,No,Normal Transaction
906729,500000025,2026-05-15,23:33:48,RTGS,48766,Amazon,Pune,Laptop,No,Normal Transaction
906730,500000051,2026-12-16,22:03:40,IMPS,35831,DMart,Lucknow,ATM,No,Normal Transaction
906731,500000168,2026-01-02,06:28:09,UPI,84177,DMart,Bengaluru,Laptop,No,Normal Transaction
906732,500000037,2026-12-10,14:30:04,ATM,79616,Reliance,Mumbai,ATM,No,Normal Transaction
906733,500000069,2026-01-27,02:46:05,NEFT,7759,Zomato,Bengaluru,POS,No,Normal Transaction
906734,500000169,2026-09-27,20:59:11,ATM,23587,Paytm,Lucknow,POS,No,Normal Transaction
906735,500000110,2026-07-26,19:40:56,NEFT,57942,Flipkart,Lucknow,Laptop,No,Normal Transaction
906736,500000050,2026-11-25,04:04:54,ATM,92527,Reliance,Delhi,POS,No,Normal Transaction
906737,500000078,2026-11-16,14:32:24,RTGS,68248,DMart,Lucknow,Mobile,No,Normal Transaction
906738,500000057,2026-05-06,20:23:51,NEFT,9485,IRCTC,Kolkata,Mobile,No,Normal Transaction
906739,500000165,2026-12-25,23:06:53,ATM,20467,Amazon,Delhi,Mobile,No,Normal Transaction
906740,500000020,2026-10-03,01:51:50,IMPS,78134,Flipkart,Hyderabad,Mobile,No,Normal Transaction
906741,500000058,2026-02-06,12:30:09,Credit Card,3307,Swiggy,Bengaluru,Laptop,No,Normal Transaction
906742,500000157,2026-06-01,16:18:47,NEFT,59863,Amazon,Mumbai,Laptop,No,Normal Transaction
906743,500000139,2026-11-13,21:50:13,ATM,67663,Paytm,Pune,Mobile,No,Normal Transaction
906744,500000079,2026-03-05,17:21:09,IMPS,95296,DMart,Kolkata,Laptop,No,Normal Transaction
906745,500000005,2026-04-15,21:23:16,RTGS,80425,PhonePe,Kolkata,Mobile,No,Normal Transaction
906746,500000120,2026-06-22,20:57:35,IMPS,66082,Swiggy,Bengaluru,Laptop,No,Normal Transaction
906747,500000037,2026-08-11,00:45:26,NEFT,59049,Paytm,Pune,POS,No,Normal Transaction
906748,500000110,2026-09-08,13:40:12,Debit Card,2646,Swiggy,Pune,Mobile,No,Normal Transaction
906749,500000055,2026-07-26,11:14:38,ATM,5091,PhonePe,Hyderabad,Mobile,No,Normal Transaction
906750,500000086,2026-10-02,01:33:15,Credit Card,16598,PhonePe,Lucknow,Mobile,No,Normal Transaction
906751,500000045,2026-03-30,11:31:52,ATM,20843,DMart,Hyderabad,Laptop,No,Normal Transaction
906752,500000114,2026-01-27,23:33:02,RTGS,6399,Paytm,Hyderabad,ATM,Yes,Midnight Transaction
906753,500000164,2026-12-21,19:06:10,RTGS,7300,Uber,Bengaluru,POS,No,Normal Transaction
906754,500000070,2026-10-24,18:25:40,Credit Card,10526,DMart,Pune,POS,No,Normal Transaction
906755,500000007,2026-08-03,00:17:45,Credit Card,78707,Reliance,Kolkata,Laptop,No,Normal Transaction
906756,500000067,2026-10-25,12:22:04,ATM,60739,Amazon,Pune,Laptop,No,Normal Transaction
906757,500000152,2026-08-27,22:30:00,Debit Card,62483,Swiggy,Lucknow,Mobile,No,Normal Transaction
906758,500000126,2026-03-15,08:36:29,IMPS,98068,Reliance,Mumbai,Laptop,No,Normal Transaction
906759,500000172,2026-10-31,18:16:34,NEFT,55828,Swiggy,Hyderabad,Mobile,Yes,Different City
906760,500000124,2026-11-10,08:23:14,RTGS,28148,Flipkart,Lucknow,ATM,No,Normal Transaction
906761,500000069,2026-01-26,15:48:59,Debit Card,22535,Amazon,Kolkata,Mobile,No,Normal Transaction
906762,500000094,2026-10-01,16:27:25,Debit Card,69043,Uber,Kolkata,ATM,No,Normal Transaction
906763,500000121,2026-08-01,20:46:54,Credit Card,647,DMart,Delhi,Mobile,No,Normal Transaction
906764,500000133,2026-01-02,20:25:31,UPI,74115,Paytm,Hyderabad,Laptop,No,Normal Transaction
906765,500000109,2026-08-04,15:51:27,RTGS,21495,Swiggy,Pune,Mobile,No,Normal Transaction
906766,500000033,2026-06-01,16:35:25,Credit Card,92759,PhonePe,Kolkata,Laptop,No,Normal Transaction
906767,500000161,2026-07-30,19:45:26,IMPS,84684,Swiggy,Mumbai,Laptop,No,Normal Transaction
906768,500000104,2026-09-21,02:15:34,Credit Card,42604,PhonePe,Bengaluru,ATM,No,Normal Transaction
906769,500000177,2026-08-25,21:41:59,Debit Card,4100,Swiggy,Lucknow,Mobile,No,Normal Transaction
906770,500000042,2026-07-13,03:45:54,Debit Card,66934,Uber,Mumbai,Mobile,No,Normal Transaction
906771,500000018,2026-01-05,11:04:26,NEFT,74029,Reliance,Delhi,ATM,No,Normal Transaction
906772,500000133,2026-10-27,12:29:26,Debit Card,9457,Uber,Mumbai,Laptop,No,Normal Transaction
906773,500000170,2026-12-29,22:23:59,Credit Card,39553,Uber,Mumbai,POS,No,Normal Transaction
906774,500000045,2026-09-22,16:44:46,ATM,80394,Swiggy,Lucknow,ATM,No,Normal Transaction
906775,500000044,2026-11-17,06:53:13,NEFT,47515,Flipkart,Mumbai,Mobile,No,Normal Transaction
906776,500000171,2026-12-28,12:20:04,IMPS,3914,Swiggy,Kolkata,Mobile,No,Normal Transaction
906777,500000022,2026-06-06,11:19:46,Debit Card,6873,IRCTC,Hyderabad,Laptop,No,Normal Transaction
906778,500000109,2026-02-07,09:03:19,IMPS,7272,Paytm,Hyderabad,POS,No,Normal Transaction
906779,500000064,2026-09-30,13:56:56,IMPS,66405,PhonePe,Lucknow,Laptop,No,Normal Transaction
906780,500000077,2026-07-21,15:33:40,UPI,23540,IRCTC,Delhi,Laptop,No,Normal Transaction
906781,500000002,2026-01-07,11:50:42,ATM,19031,Swiggy,Pune,POS,No,Normal Transaction
906782,500000098,2026-05-18,13:05:00,Credit Card,23133,Paytm,Hyderabad,POS,No,Normal Transaction
906783,500000139,2026-06-20,21:14:12,Credit Card,50980,Swiggy,Pune,Mobile,No,Normal Transaction
906784,500000054,2026-03-28,01:24:23,Credit Card,8934,Amazon,Kolkata,Mobile,No,Normal Transaction
906785,500000039,2026-08-24,01:17:33,IMPS,40212,Flipkart,Pune,ATM,No,Normal Transaction
906786,500000034,2026-11-06,21:40:34,NEFT,87176,Zomato,Hyderabad,Laptop,No,Normal Transaction
906787,500000087,2026-06-26,03:13:08,IMPS,61808,Reliance,Lucknow,Laptop,No,Normal Transaction
906788,500000034,2026-12-08,09:43:47,Debit Card,73541,Paytm,Delhi,Mobile,No,Normal Transaction
906789,500000105,2026-10-10,22:05:19,UPI,98921,IRCTC,Bengaluru,Mobile,No,Normal Transaction
906790,500000074,2026-06-09,14:43:23,ATM,14036,IRCTC,Lucknow,Mobile,No,Normal Transaction
906791,500000145,2026-09-20,00:01:02,NEFT,53792,Swiggy,Hyderabad,POS,No,Normal Transaction
906792,500000034,2026-10-07,05:59:39,UPI,31755,PhonePe,Hyderabad,ATM,No,Normal Transaction
906793,500000074,2026-10-28,02:19:58,Debit Card,43679,PhonePe,Bengaluru,Laptop,No,Normal Transaction
906794,500000122,2026-02-17,19:48:56,IMPS,44169,Reliance,Kolkata,Mobile,No,Normal Transaction
906795,500000061,2026-07-06,04:49:15,UPI,96866,Swiggy,Delhi,POS,No,Normal Transaction
906796,500000150,2026-12-17,09:30:31,UPI,93430,Zomato,Mumbai,ATM,No,Normal Transaction
906797,500000136,2026-06-13,21:27:17,IMPS,38290,DMart,Mumbai,Mobile,No,Normal Transaction
906798,500000038,2026-08-19,00:56:20,IMPS,52219,Uber,Hyderabad,ATM,No,Normal Transaction
906799,500000144,2026-04-17,09:45:00,IMPS,61137,IRCTC,Bengaluru,POS,No,Normal Transaction
906800,500000116,2026-03-20,02:36:47,UPI,5496,Reliance,Delhi,Mobile,No,Normal Transaction
906801,500000072,2026-01-19,11:43:52,Credit Card,75716,Amazon,Mumbai,Laptop,No,Normal Transaction
906802,500000089,2026-05-17,17:51:17,ATM,74430,Amazon,Mumbai,ATM,No,Normal Transaction
906803,500000101,2026-08-15,06:20:10,UPI,58345,Zomato,Bengaluru,ATM,No,Normal Transaction
906804,500000127,2026-12-18,15:05:49,ATM,29661,Uber,Hyderabad,Mobile,No,Normal Transaction
906805,500000045,2026-07-07,20:45:50,RTGS,62582,Flipkart,Hyderabad,Laptop,No,Normal Transaction
906806,500000019,2026-03-06,12:35:16,IMPS,50482,DMart,Bengaluru,POS,No,Normal Transaction
906807,500000162,2026-01-19,06:55:55,UPI,1206,Amazon,Lucknow,Mobile,No,Normal Transaction
906808,500000172,2026-10-18,10:05:14,RTGS,79890,DMart,Mumbai,POS,No,Normal Transaction
906809,500000165,2026-08-16,04:48:27,Credit Card,44949,Flipkart,Delhi,ATM,No,Normal Transaction
906810,500000012,2026-07-17,14:17:06,RTGS,64759,Uber,Kolkata,Mobile,No,Normal Transaction
906811,500000174,2026-07-30,01:15:22,Debit Card,51916,Zomato,Hyderabad,Mobile,No,Normal Transaction
906812,500000049,2026-02-13,04:02:50,ATM,25225,PhonePe,Mumbai,ATM,No,Normal Transaction
906813,500000060,2026-12-26,03:23:27,IMPS,63435,Amazon,Lucknow,Mobile,No,Normal Transaction
906814,500000055,2026-01-02,20:57:55,RTGS,78462,DMart,Lucknow,POS,No,Normal Transaction
906815,500000170,2026-08-23,05:40:29,Debit Card,9852,Swiggy,Mumbai,Mobile,No,Normal Transaction
906816,500000030,2026-11-08,12:32:24,UPI,42883,Zomato,Delhi,Laptop,No,Normal Transaction
906817,500000089,2026-07-06,07:40:27,UPI,56197,IRCTC,Mumbai,ATM,No,Normal Transaction
906818,500000155,2026-06-10,14:47:59,RTGS,6511,Swiggy,Mumbai,POS,No,Normal Transaction
906819,500000111,2026-04-17,18:58:53,NEFT,1456,IRCTC,Bengaluru,Mobile,No,Normal Transaction
906820,500000034,2026-08-25,01:09:56,Credit Card,97433,Reliance,Pune,Laptop,No,Normal Transaction
906821,500000162,2026-02-02,00:04:51,RTGS,53387,Paytm,Kolkata,Laptop,No,Normal Transaction
906822,500000098,2026-12-08,18:23:39,Debit Card,79563,Paytm,Delhi,ATM,No,Normal Transaction
906823,500000150,2026-08-18,19:34:42,ATM,59812,Paytm,Kolkata,ATM,No,Normal Transaction
906824,500000155,2026-08-12,11:40:49,NEFT,88515,Paytm,Mumbai,Laptop,No,Normal Transaction
906825,500000056,2026-11-26,07:30:26,RTGS,28844,Uber,Bengaluru,Mobile,Yes,Multiple Transactions
906826,500000030,2026-03-19,15:14:45,Debit Card,27662,Reliance,Pune,POS,No,Normal Transaction
906827,500000155,2026-01-12,07:38:11,Credit Card,20060,PhonePe,Lucknow,Laptop,No,Normal Transaction
906828,500000062,2026-04-10,07:11:50,NEFT,65290,IRCTC,Lucknow,Mobile,No,Normal Transaction
906829,500000172,2026-08-20,21:55:38,ATM,41674,Zomato,Delhi,Mobile,No,Normal Transaction
906830,500000030,2026-06-18,06:27:10,RTGS,25365,Uber,Lucknow,Laptop,No,Normal Transaction
906831,500000156,2026-10-15,12:04:27,UPI,65273,Uber,Bengaluru,POS,No,Normal Transaction
906832,500000033,2026-04-01,00:34:56,IMPS,72770,PhonePe,Lucknow,Mobile,No,Normal Transaction
906833,500000025,2026-12-09,13:53:33,IMPS,28487,Paytm,Mumbai,Mobile,No,Normal Transaction
906834,500000090,2026-07-21,02:20:08,RTGS,2293,Amazon,Kolkata,POS,No,Normal Transaction
906835,500000094,2026-04-22,10:26:23,ATM,98152,Paytm,Delhi,POS,No,Normal Transaction
906836,500000134,2026-01-24,00:45:18,Credit Card,87104,Reliance,Mumbai,Mobile,No,Normal Transaction
906837,500000062,2026-04-10,09:39:44,Credit Card,40138,Zomato,Pune,Mobile,No,Normal Transaction
906838,500000110,2026-03-08,06:07:20,RTGS,98606,DMart,Delhi,Mobile,No,Normal Transaction
906839,500000045,2026-09-17,08:03:23,Credit Card,57610,Amazon,Mumbai,Mobile,No,Normal Transaction
906840,500000150,2026-02-03,21:11:51,ATM,45232,DMart,Mumbai,ATM,No,Normal Transaction
906841,500000085,2026-11-02,16:59:23,ATM,35435,DMart,Lucknow,Mobile,No,Normal Transaction
906842,500000014,2026-02-08,00:34:01,IMPS,45772,PhonePe,Lucknow,POS,No,Normal Transaction
906843,500000086,2026-03-27,09:36:12,Credit Card,95402,IRCTC,Hyderabad,POS,No,Normal Transaction
906844,500000073,2026-06-27,17:27:29,Debit Card,42645,PhonePe,Lucknow,POS,No,Normal Transaction
906845,500000119,2026-01-25,18:17:35,Credit Card,36717,Flipkart,Lucknow,Mobile,No,Normal Transaction
906846,500000178,2026-10-14,14:21:19,UPI,60051,Reliance,Kolkata,Mobile,No,Normal Transaction
906847,500000151,2026-02-02,05:08:49,ATM,53415,Flipkart,Delhi,POS,No,Normal Transaction
906848,500000001,2026-10-01,04:20:33,NEFT,59256,IRCTC,Bengaluru,Laptop,No,Normal Transaction
906849,500000024,2026-11-07,08:15:42,IMPS,26201,Flipkart,Bengaluru,Laptop,No,Normal Transaction
906850,500000067,2026-05-29,17:39:36,NEFT,32080,PhonePe,Pune,Mobile,No,Normal Transaction
906851,500000060,2026-05-12,03:13:54,IMPS,35374,Uber,Bengaluru,POS,No,Normal Transaction
906852,500000100,2026-07-04,02:23:21,NEFT,6923,Swiggy,Pune,Mobile,No,Normal Transaction
906853,500000044,2026-03-23,07:02:29,ATM,16471,PhonePe,Pune,POS,Yes,High Amount
906854,500000093,2026-04-14,16:49:14,ATM,54501,IRCTC,Mumbai,Laptop,No,Normal Transaction
906855,500000155,2026-03-02,16:35:17,RTGS,9238,Paytm,Hyderabad,POS,No,Normal Transaction
906856,500000154,2026-07-13,05:37:26,NEFT,42577,Flipkart,Pune,Mobile,No,Normal Transaction
906857,500000108,2026-07-17,20:04:56,ATM,27652,PhonePe,Kolkata,Mobile,No,Normal Transaction
906858,500000093,2026-01-08,17:52:18,RTGS,95373,Paytm,Delhi,Mobile,No,Normal Transaction
906859,500000069,2026-06-03,14:54:12,IMPS,16177,Uber,Bengaluru,ATM,No,Normal Transaction
906860,500000022,2026-07-25,01:14:22,Debit Card,16544,Paytm,Kolkata,Mobile,No,Normal Transaction
906861,500000041,2026-09-17,18:58:31,UPI,73762,Flipkart,Kolkata,POS,No,Normal Transaction
906862,500000080,2026-08-20,04:55:08,RTGS,23475,PhonePe,Hyderabad,Laptop,No,Normal Transaction
906863,500000112,2026-04-25,08:30:39,ATM,15067,Reliance,Hyderabad,POS,No,Normal Transaction
906864,500000137,2026-03-30,11:13:55,Debit Card,32310,Uber,Bengaluru,ATM,No,Normal Transaction
906865,500000164,2026-12-04,04:49:17,RTGS,66516,Flipkart,Mumbai,ATM,No,Normal Transaction
906866,500000131,2026-01-28,22:24:43,Debit Card,53873,Reliance,Bengaluru,Mobile,No,Normal Transaction
906867,500000156,2026-05-21,12:11:35,Debit Card,18364,Zomato,Lucknow,Laptop,No,Normal Transaction
906868,500000010,2026-09-03,00:00:58,Credit Card,8126,PhonePe,Hyderabad,Mobile,No,Normal Transaction
906869,500000169,2026-09-07,10:53:13,IMPS,2419,Paytm,Mumbai,Laptop,No,Normal Transaction
906870,500000124,2026-10-01,15:29:04,Credit Card,80992,Reliance,Mumbai,Laptop,No,Normal Transaction
906871,500000098,2026-09-10,17:13:21,IMPS,91885,Uber,Bengaluru,Laptop,No,Normal Transaction
906872,500000068,2026-05-22,11:51:34,Credit Card,87375,Flipkart,Bengaluru,POS,No,Normal Transaction
906873,500000023,2026-12-31,01:37:00,IMPS,19261,IRCTC,Hyderabad,Mobile,Yes,Different City
906874,500000092,2026-04-07,11:55:24,NEFT,97687,Paytm,Lucknow,ATM,No,Normal Transaction
906875,500000124,2026-03-02,05:36:24,Credit Card,49114,Amazon,Bengaluru,ATM,No,Normal Transaction
906876,500000106,2026-12-13,17:14:17,IMPS,36108,IRCTC,Kolkata,ATM,No,Normal Transaction
906877,500000013,2026-11-06,11:11:47,RTGS,86069,DMart,Hyderabad,Mobile,No,Normal Transaction
906878,500000174,2026-03-11,14:29:21,UPI,78792,Flipkart,Hyderabad,ATM,No,Normal Transaction
906879,500000030,2026-08-14,08:48:36,RTGS,86851,Amazon,Pune,Mobile,No,Normal Transaction
906880,500000109,2026-01-14,17:27:09,NEFT,433,Flipkart,Kolkata,Mobile,No,Normal Transaction
906881,500000055,2026-03-06,00:02:28,Debit Card,27096,Zomato,Hyderabad,POS,No,Normal Transaction
906882,500000099,2026-11-21,19:10:19,Credit Card,45370,DMart,Lucknow,ATM,No,Normal Transaction
906883,500000176,2026-08-14,20:35:15,IMPS,82710,Flipkart,Hyderabad,Laptop,No,Normal Transaction
906884,500000068,2026-02-16,11:50:17,ATM,69663,Swiggy,Mumbai,ATM,No,Normal Transaction
906885,500000019,2026-07-21,00:00:22,NEFT,93380,Uber,Hyderabad,POS,No,Normal Transaction
906886,500000032,2026-05-21,12:22:54,NEFT,99650,Paytm,Lucknow,Mobile,No,Normal Transaction
906887,500000100,2026-01-18,19:47:28,ATM,65804,Swiggy,Pune,Mobile,No,Normal Transaction
906888,500000011,2026-10-07,12:50:50,Credit Card,95335,Swiggy,Mumbai,ATM,No,Normal Transaction
906889,500000169,2026-09-01,15:00:22,NEFT,58796,IRCTC,Mumbai,ATM,No,Normal Transaction
906890,500000091,2026-10-07,04:10:17,IMPS,69916,Paytm,Delhi,POS,No,Normal Transaction
906891,500000053,2026-01-24,00:24:12,RTGS,84553,Uber,Bengaluru,Laptop,No,Normal Transaction
906892,500000164,2026-01-07,16:41:56,UPI,34036,Zomato,Hyderabad,Mobile,No,Normal Transaction
906893,500000165,2026-05-03,13:16:52,Debit Card,69230,DMart,Pune,POS,No,Normal Transaction
906894,500000084,2026-01-18,21:19:59,ATM,69873,Swiggy,Pune,POS,No,Normal Transaction
906895,500000019,2026-02-28,11:26:11,RTGS,27681,Paytm,Lucknow,Laptop,No,Normal Transaction
906896,500000021,2026-09-11,01:07:16,RTGS,82190,IRCTC,Mumbai,POS,No,Normal Transaction
906897,500000093,2026-05-31,02:34:22,RTGS,48504,Uber,Hyderabad,POS,No,Normal Transaction
906898,500000058,2026-07-01,00:57:26,IMPS,34948,DMart,Kolkata,Laptop,No,Normal Transaction
906899,500000075,2026-08-17,01:48:53,Credit Card,5926,Flipkart,Pune,POS,No,Normal Transaction
906900,500000078,2026-12-06,17:57:28,ATM,25272,Paytm,Bengaluru,ATM,No,Normal Transaction
906901,500000101,2026-11-22,19:08:15,Debit Card,43110,Flipkart,Delhi,Laptop,No,Normal Transaction
906902,500000041,2026-03-16,11:32:03,IMPS,27583,Reliance,Pune,POS,No,Normal Transaction
906903,500000178,2026-07-31,22:25:51,ATM,62578,PhonePe,Bengaluru,Laptop,No,Normal Transaction
906904,500000095,2026-01-14,03:38:43,UPI,14419,Uber,Hyderabad,Laptop,No,Normal Transaction
906905,500000177,2026-09-29,08:42:38,Debit Card,37113,Uber,Mumbai,ATM,No,Normal Transaction
906906,500000136,2026-01-07,03:40:05,UPI,73952,DMart,Delhi,Laptop,No,Normal Transaction
906907,500000010,2026-12-16,22:27:50,Credit Card,88124,Swiggy,Lucknow,Mobile,Yes,High Amount
906908,500000073,2026-06-05,20:22:40,ATM,60782,Flipkart,Pune,Laptop,No,Normal Transaction
906909,500000131,2026-01-21,06:37:49,IMPS,5434,DMart,Hyderabad,POS,No,Normal Transaction
906910,500000034,2026-04-14,09:23:27,ATM,43657,Zomato,Pune,ATM,No,Normal Transaction
906911,500000179,2026-10-06,16:54:58,Credit Card,74761,Amazon,Kolkata,Mobile,No,Normal Transaction
906912,500000081,2026-07-09,05:42:32,UPI,14488,PhonePe,Hyderabad,Laptop,No,Normal Transaction
906913,500000015,2026-01-29,01:42:42,IMPS,72521,IRCTC,Delhi,POS,No,Normal Transaction
906914,500000036,2026-01-05,02:35:51,NEFT,60884,Reliance,Bengaluru,Mobile,No,Normal Transaction
906915,500000110,2026-12-11,20:41:24,IMPS,31187,Zomato,Pune,Mobile,No,Normal Transaction
906916,500000121,2026-02-28,02:00:29,Debit Card,38993,Zomato,Lucknow,Mobile,No,Normal Transaction
906917,500000107,2026-09-11,18:07:09,RTGS,83211,PhonePe,Bengaluru,Mobile,No,Normal Transaction
906918,500000180,2026-09-10,17:24:57,UPI,33319,IRCTC,Mumbai,Mobile,No,Normal Transaction
906919,500000010,2026-07-26,21:30:09,RTGS,77636,DMart,Hyderabad,ATM,No,Normal Transaction
906920,500000049,2026-07-16,00:11:57,IMPS,75034,Reliance,Pune,ATM,No,Normal Transaction
906921,500000045,2026-05-11,14:23:04,RTGS,23712,Zomato,Kolkata,ATM,No,Normal Transaction
906922,500000161,2026-06-19,18:48:00,IMPS,65482,Amazon,Mumbai,ATM,No,Normal Transaction
906923,500000080,2026-06-30,07:01:30,Credit Card,47249,Amazon,Delhi,POS,No,Normal Transaction
906924,500000089,2026-01-28,15:34:05,NEFT,45819,Amazon,Kolkata,Laptop,No,Normal Transaction
906925,500000136,2026-07-19,01:36:22,Debit Card,99412,Uber,Pune,Mobile,No,Normal Transaction
906926,500000042,2026-07-02,23:35:12,NEFT,92182,Flipkart,Hyderabad,Mobile,No,Normal Transaction
906927,500000045,2026-03-14,23:16:30,Credit Card,54902,Flipkart,Kolkata,Mobile,No,Normal Transaction
906928,500000063,2026-08-01,04:48:06,IMPS,31463,Amazon,Bengaluru,ATM,No,Normal Transaction
906929,500000089,2026-05-20,13:45:31,Debit Card,29497,DMart,Pune,ATM,No,Normal Transaction
906930,500000125,2026-10-04,03:53:55,UPI,98737,Amazon,Pune,Mobile,No,Normal Transaction
906931,500000165,2026-08-23,14:47:26,NEFT,37447,PhonePe,Kolkata,Laptop,No,Normal Transaction
906932,500000071,2026-03-14,14:43:03,NEFT,62321,Flipkart,Delhi,ATM,No,Normal Transaction
906933,500000167,2026-09-25,01:45:31,IMPS,12977,Flipkart,Pune,Laptop,No,Normal Transaction
906934,500000060,2026-06-24,16:12:42,ATM,15346,Uber,Bengaluru,POS,Yes,Midnight Transaction
906935,500000056,2026-02-24,07:17:49,ATM,16934,PhonePe,Pune,ATM,No,Normal Transaction
906936,500000164,2026-10-30,02:19:30,IMPS,34266,Amazon,Delhi,POS,No,Normal Transaction
906937,500000118,2026-07-03,23:32:03,NEFT,52573,Reliance,Kolkata,POS,No,Normal Transaction
906938,500000143,2026-04-22,12:53:33,Credit Card,36288,Flipkart,Lucknow,ATM,No,Normal Transaction
906939,500000162,2026-11-28,12:04:07,RTGS,87596,Amazon,Kolkata,Laptop,No,Normal Transaction
906940,500000002,2026-11-01,04:12:50,NEFT,44207,IRCTC,Delhi,POS,No,Normal Transaction
906941,500000066,2026-02-08,17:27:33,Credit Card,29021,Amazon,Delhi,Mobile,No,Normal Transaction
906942,500000140,2026-02-20,21:40:57,UPI,20399,Flipkart,Pune,Mobile,No,Normal Transaction
906943,500000120,2026-05-28,21:07:27,ATM,87091,DMart,Hyderabad,Mobile,No,Normal Transaction
906944,500000019,2026-10-11,08:55:36,Credit Card,38137,Uber,Pune,POS,No,Normal Transaction
906945,500000109,2026-04-08,02:12:58,Credit Card,1808,Reliance,Hyderabad,Mobile,No,Normal Transaction
906946,500000097,2026-03-30,16:12:05,RTGS,9420,IRCTC,Lucknow,ATM,No,Normal Transaction
906947,500000025,2026-12-03,09:49:13,Credit Card,8865,IRCTC,Pune,Mobile,No,Normal Transaction
906948,500000118,2026-10-08,18:35:57,IMPS,11590,DMart,Lucknow,ATM,No,Normal Transaction
906949,500000029,2026-11-10,08:47:56,ATM,84640,Amazon,Kolkata,POS,No,Normal Transaction
906950,500000122,2026-08-04,11:29:46,NEFT,42350,IRCTC,Lucknow,Laptop,No,Normal Transaction
906951,500000111,2026-10-26,20:37:15,RTGS,13892,Reliance,Kolkata,Laptop,No,Normal Transaction
906952,500000166,2026-05-15,17:09:30,ATM,61891,Uber,Lucknow,Laptop,No,Normal Transaction
906953,500000057,2026-11-28,09:31:20,Debit Card,8062,Reliance,Delhi,POS,No,Normal Transaction
906954,500000173,2026-07-12,12:12:25,ATM,3981,Amazon,Hyderabad,ATM,No,Normal Transaction
906955,500000030,2026-10-01,02:30:17,IMPS,29153,Reliance,Pune,Mobile,No,Normal Transaction
906956,500000140,2026-03-06,06:39:04,IMPS,31092,Swiggy,Kolkata,Laptop,No,Normal Transaction
906957,500000062,2026-12-09,11:44:59,Credit Card,66962,DMart,Bengaluru,ATM,No,Normal Transaction
906958,500000081,2026-12-16,06:32:37,UPI,56739,DMart,Kolkata,Mobile,No,Normal Transaction
906959,500000006,2026-06-13,21:27:25,NEFT,6947,IRCTC,Pune,Mobile,No,Normal Transaction
906960,500000035,2026-07-03,06:13:06,NEFT,28180,Paytm,Hyderabad,ATM,No,Normal Transaction
906961,500000038,2026-08-09,20:34:33,NEFT,70319,IRCTC,Pune,ATM,No,Normal Transaction
906962,500000089,2026-06-30,05:01:56,NEFT,51729,Reliance,Kolkata,POS,No,Normal Transaction
906963,500000167,2026-09-30,14:30:31,UPI,37247,Zomato,Mumbai,POS,No,Normal Transaction
906964,500000064,2026-09-09,18:04:49,RTGS,18273,DMart,Mumbai,Laptop,No,Normal Transaction
906965,500000021,2026-04-04,05:10:26,Credit Card,25062,PhonePe,Bengaluru,ATM,No,Normal Transaction
906966,500000058,2026-08-06,07:32:58,RTGS,12898,Flipkart,Kolkata,Mobile,No,Normal Transaction
906967,500000047,2026-02-12,22:42:56,Debit Card,9023,Zomato,Kolkata,Mobile,No,Normal Transaction
906968,500000098,2026-07-26,11:48:08,Debit Card,54192,DMart,Bengaluru,Mobile,No,Normal Transaction
906969,500000005,2026-05-19,00:52:34,NEFT,34578,IRCTC,Pune,POS,No,Normal Transaction
906970,500000082,2026-03-03,04:57:54,ATM,38032,IRCTC,Hyderabad,ATM,No,Normal Transaction
906971,500000072,2026-08-19,07:51:31,ATM,93721,Paytm,Delhi,Laptop,No,Normal Transaction
906972,500000172,2026-10-13,05:31:44,Credit Card,34967,Swiggy,Kolkata,Laptop,No,Normal Transaction
906973,500000072,2026-02-24,06:57:39,UPI,67817,Amazon,Mumbai,Mobile,No,Normal Transaction
906974,500000090,2026-01-12,01:39:54,UPI,36710,PhonePe,Delhi,ATM,No,Normal Transaction
906975,500000033,2026-02-27,06:32:19,Debit Card,13146,Amazon,Pune,Mobile,No,Normal Transaction
906976,500000176,2026-06-18,13:52:25,Debit Card,31856,Amazon,Bengaluru,POS,No,Normal Transaction
906977,500000151,2026-01-31,05:34:12,ATM,20768,PhonePe,Lucknow,POS,No,Normal Transaction
906978,500000180,2026-09-17,17:29:30,Debit Card,75789,Zomato,Hyderabad,Mobile,No,Normal Transaction
906979,500000161,2026-09-22,05:57:59,Credit Card,12051,Amazon,Lucknow,POS,No,Normal Transaction
906980,500000121,2026-04-03,19:40:20,UPI,9630,Zomato,Pune,Mobile,No,Normal Transaction
906981,500000006,2026-03-18,08:12:44,UPI,68526,Swiggy,Bengaluru,Laptop,No,Normal Transaction
906982,500000177,2026-03-01,22:01:46,IMPS,63976,Swiggy,Hyderabad,POS,No,Normal Transaction
906983,500000121,2026-12-28,16:55:29,NEFT,51290,Flipkart,Lucknow,ATM,No,Normal Transaction
906984,500000037,2026-07-22,02:43:12,UPI,94959,PhonePe,Pune,ATM,No,Normal Transaction
906985,500000028,2026-05-19,22:20:01,Credit Card,11133,Paytm,Kolkata,Mobile,No,Normal Transaction
906986,500000054,2026-10-09,10:45:07,NEFT,97251,DMart,Mumbai,Mobile,No,Normal Transaction
906987,500000057,2026-04-18,22:46:49,Credit Card,82543,Amazon,Kolkata,POS,No,Normal Transaction
906988,500000140,2026-02-14,04:08:20,ATM,89897,Zomato,Lucknow,ATM,No,Normal Transaction
906989,500000179,2026-02-04,11:45:22,UPI,28825,IRCTC,Lucknow,Mobile,No,Normal Transaction
906990,500000020,2026-11-28,04:56:17,Debit Card,85731,DMart,Delhi,Mobile,No,Normal Transaction
906991,500000163,2026-08-16,06:48:31,RTGS,3372,Zomato,Lucknow,ATM,No,Normal Transaction
906992,500000150,2026-07-23,14:41:18,NEFT,20805,Paytm,Kolkata,ATM,Yes,Multiple Transactions
906993,500000031,2026-12-06,23:22:52,Credit Card,74494,Reliance,Delhi,ATM,No,Normal Transaction
906994,500000116,2026-11-08,19:22:36,ATM,86046,Paytm,Bengaluru,Mobile,No,Normal Transaction
906995,500000022,2026-04-28,14:02:09,NEFT,49118,Reliance,Delhi,ATM,No,Normal Transaction
906996,500000180,2026-08-02,05:19:18,Debit Card,52244,IRCTC,Lucknow,ATM,No,Normal Transaction
906997,500000133,2026-10-23,12:12:54,NEFT,54830,Uber,Pune,ATM,No,Normal Transaction
906998,500000109,2026-03-04,12:36:36,UPI,15229,Swiggy,Delhi,Laptop,No,Normal Transaction
906999,500000020,2026-12-24,04:30:59,IMPS,89887,Paytm,Hyderabad,POS,No,Normal Transaction
907000,500000087,2026-05-04,00:04:26,ATM,14779,Zomato,Lucknow,POS,No,Normal Transaction
907001,500000129,2026-08-02,19:27:19,IMPS,31912,IRCTC,Hyderabad,Laptop,No,Normal Transaction
907002,500000109,2026-11-08,16:23:20,ATM,7150,Amazon,Kolkata,Laptop,No,Normal Transaction
907003,500000166,2026-03-05,18:05:27,RTGS,45255,Uber,Mumbai,Laptop,No,Normal Transaction
907004,500000118,2026-08-02,23:29:07,IMPS,42106,Amazon,Hyderabad,ATM,No,Normal Transaction
907005,500000041,2026-09-21,21:57:38,Debit Card,99003,DMart,Bengaluru,ATM,No,Normal Transaction
907006,500000180,2026-03-01,00:23:13,ATM,38499,Flipkart,Hyderabad,Laptop,No,Normal Transaction
907007,500000073,2026-07-23,22:28:40,UPI,44060,Uber,Pune,ATM,No,Normal Transaction
907008,500000058,2026-02-02,06:04:34,Debit Card,55675,Reliance,Lucknow,Laptop,No,Normal Transaction
907009,500000045,2026-03-21,06:24:44,Debit Card,75496,Uber,Mumbai,ATM,No,Normal Transaction
907010,500000064,2026-11-17,10:02:09,RTGS,41988,IRCTC,Pune,Laptop,No,Normal Transaction
907011,500000054,2026-08-17,17:41:29,NEFT,33721,Reliance,Hyderabad,Laptop,No,Normal Transaction
907012,500000092,2026-03-19,19:50:57,RTGS,19834,Flipkart,Kolkata,Laptop,No,Normal Transaction
907013,500000114,2026-11-13,21:46:24,Credit Card,14559,Zomato,Delhi,Laptop,No,Normal Transaction
907014,500000168,2026-09-27,16:14:01,ATM,53945,Paytm,Pune,POS,No,Normal Transaction
907015,500000114,2026-02-20,15:41:46,NEFT,50304,PhonePe,Hyderabad,ATM,No,Normal Transaction
907016,500000137,2026-01-11,12:16:41,Credit Card,21379,Paytm,Kolkata,POS,No,Normal Transaction
907017,500000147,2026-02-22,21:58:11,ATM,70502,IRCTC,Bengaluru,ATM,No,Normal Transaction
907018,500000034,2026-10-21,10:29:07,NEFT,15915,Amazon,Pune,ATM,No,Normal Transaction
907019,500000093,2026-10-02,21:58:42,ATM,78043,Reliance,Delhi,Mobile,No,Normal Transaction
907020,500000021,2026-12-01,07:42:05,RTGS,97984,DMart,Delhi,Mobile,No,Normal Transaction
907021,500000159,2026-05-13,06:32:27,Debit Card,90212,Uber,Bengaluru,POS,No,Normal Transaction
907022,500000171,2026-03-10,14:59:38,RTGS,61425,Amazon,Mumbai,Laptop,No,Normal Transaction
907023,500000103,2026-03-16,02:08:41,ATM,12660,IRCTC,Lucknow,Mobile,No,Normal Transaction
907024,500000018,2026-06-29,23:11:24,ATM,8973,Flipkart,Kolkata,ATM,No,Normal Transaction
907025,500000170,2026-10-19,02:54:20,Debit Card,32503,IRCTC,Lucknow,POS,No,Normal Transaction
907026,500000037,2027-01-01,22:07:20,Debit Card,39903,IRCTC,Pune,ATM,No,Normal Transaction
907027,500000059,2026-02-20,19:58:37,UPI,93565,Uber,Pune,Mobile,No,Normal Transaction
907028,500000156,2026-01-24,20:21:28,NEFT,76371,Uber,Pune,ATM,No,Normal Transaction
907029,500000102,2026-07-16,19:42:31,ATM,53949,Amazon,Mumbai,Laptop,No,Normal Transaction
907030,500000017,2026-07-21,09:18:30,Credit Card,35471,PhonePe,Bengaluru,POS,No,Normal Transaction
907031,500000099,2026-07-17,13:44:42,RTGS,64465,PhonePe,Lucknow,ATM,No,Normal Transaction
907032,500000163,2026-10-06,21:09:31,IMPS,37909,Flipkart,Hyderabad,Mobile,No,Normal Transaction
907033,500000170,2026-03-28,18:45:04,NEFT,6337,Uber,Delhi,ATM,No,Normal Transaction
907034,500000054,2026-04-17,04:31:35,Credit Card,14439,IRCTC,Delhi,POS,No,Normal Transaction
907035,500000124,2026-12-21,07:34:24,IMPS,22402,Paytm,Kolkata,ATM,No,Normal Transaction
907036,500000110,2026-08-13,08:34:21,NEFT,33906,Swiggy,Delhi,POS,No,Normal Transaction
907037,500000016,2026-12-13,15:24:15,Credit Card,19504,Swiggy,Kolkata,Laptop,No,Normal Transaction
907038,500000166,2026-11-20,21:43:48,RTGS,99224,Flipkart,Kolkata,POS,No,Normal Transaction
907039,500000063,2026-05-16,14:11:21,NEFT,14649,Uber,Kolkata,POS,No,Normal Transaction
907040,500000023,2026-07-11,04:31:10,NEFT,79913,Flipkart,Lucknow,POS,No,Normal Transaction
907041,500000073,2026-07-23,10:13:11,Debit Card,42777,IRCTC,Mumbai,ATM,No,Normal Transaction
907042,500000133,2026-07-01,15:34:30,NEFT,31716,DMart,Hyderabad,Mobile,No,Normal Transaction
907043,500000024,2026-10-20,21:17:24,IMPS,32237,Flipkart,Delhi,Laptop,No,Normal Transaction
907044,500000055,2026-08-22,23:31:40,Credit Card,23070,Paytm,Mumbai,POS,No,Normal Transaction
907045,500000059,2026-12-31,18:12:40,UPI,71055,Amazon,Pune,Laptop,Yes,High Amount
907046,500000103,2026-09-16,17:25:33,ATM,3160,Flipkart,Pune,Mobile,No,Normal Transaction
907047,500000106,2026-07-18,11:38:43,IMPS,81192,Flipkart,Bengaluru,POS,No,Normal Transaction
907048,500000082,2026-02-17,13:37:20,UPI,10148,Swiggy,Mumbai,ATM,No,Normal Transaction
907049,500000074,2026-11-07,05:45:07,ATM,13490,Reliance,Lucknow,ATM,No,Normal Transaction
907050,500000113,2026-11-04,15:00:55,NEFT,66135,Flipkart,Delhi,Laptop,No,Normal Transaction
907051,500000051,2026-11-16,12:50:28,RTGS,93590,Reliance,Lucknow,POS,No,Normal Transaction
907052,500000151,2026-05-22,12:42:20,Credit Card,47193,PhonePe,Mumbai,Laptop,No,Normal Transaction
907053,500000070,2026-10-30,17:20:40,IMPS,82016,Flipkart,Hyderabad,ATM,No,Normal Transaction
907054,500000059,2026-11-26,21:02:33,NEFT,41484,Flipkart,Bengaluru,Mobile,No,Normal Transaction
907055,500000049,2026-04-08,02:22:50,ATM,40255,Uber,Bengaluru,ATM,Yes,High Amount
907056,500000065,2026-07-26,04:24:40,RTGS,48437,Reliance,Lucknow,ATM,No,Normal Transaction
907057,500000087,2026-03-14,19:34:58,RTGS,29902,Flipkart,Lucknow,POS,No,Normal Transaction
907058,500000070,2026-09-02,23:36:21,IMPS,24024,Zomato,Mumbai,Laptop,No,Normal Transaction
907059,500000048,2026-11-11,03:58:21,UPI,458,Amazon,Bengaluru,Mobile,No,Normal Transaction
907060,500000156,2026-06-07,15:42:02,Credit Card,14447,Zomato,Bengaluru,POS,No,Normal Transaction
907061,500000024,2026-01-15,14:09:58,NEFT,50730,Paytm,Kolkata,ATM,No,Normal Transaction
907062,500000089,2026-05-09,12:05:20,Debit Card,16292,Flipkart,Pune,POS,No,Normal Transaction
907063,500000047,2026-02-06,17:47:18,IMPS,96998,PhonePe,Pune,Mobile,No,Normal Transaction
907064,500000058,2026-09-20,00:26:46,RTGS,21195,Zomato,Bengaluru,POS,No,Normal Transaction
907065,500000026,2026-06-10,05:22:04,Credit Card,20089,Zomato,Bengaluru,Laptop,No,Normal Transaction
907066,500000027,2026-10-17,01:27:05,Credit Card,18765,Paytm,Hyderabad,Laptop,No,Normal Transaction
907067,500000119,2026-01-23,09:55:08,UPI,82787,Paytm,Delhi,Laptop,No,Normal Transaction
907068,500000171,2026-06-14,11:11:08,RTGS,36596,PhonePe,Kolkata,Laptop,No,Normal Transaction
907069,500000031,2026-05-29,20:08:00,NEFT,8753,Reliance,Pune,POS,No,Normal Transaction
907070,500000026,2027-01-01,06:06:17,RTGS,98701,PhonePe,Pune,ATM,No,Normal Transaction
907071,500000144,2026-03-24,12:22:34,Credit Card,46301,Swiggy,Pune,Laptop,No,Normal Transaction
907072,500000076,2026-08-30,13:51:31,Credit Card,61630,PhonePe,Pune,Laptop,Yes,Different City
907073,500000017,2026-04-05,13:49:46,Credit Card,40235,Uber,Lucknow,Laptop,No,Normal Transaction
907074,500000119,2026-04-07,14:37:45,UPI,52257,Paytm,Kolkata,ATM,No,Normal Transaction
907075,500000147,2026-08-26,01:50:21,Debit Card,26414,DMart,Mumbai,Laptop,No,Normal Transaction
907076,500000047,2026-09-09,20:29:19,Credit Card,90481,Paytm,Bengaluru,Laptop,No,Normal Transaction
907077,500000139,2026-01-15,23:59:48,ATM,96564,Amazon,Mumbai,POS,No,Normal Transaction
907078,500000146,2026-07-19,04:07:11,Credit Card,8868,PhonePe,Lucknow,Laptop,No,Normal Transaction
907079,500000148,2026-08-03,10:19:07,NEFT,62788,Swiggy,Pune,POS,No,Normal Transaction
907080,500000078,2026-01-24,03:30:55,RTGS,22171,IRCTC,Pune,POS,No,Normal Transaction
907081,500000036,2026-11-03,07:57:05,NEFT,60973,Flipkart,Pune,POS,No,Normal Transaction
907082,500000056,2026-03-09,17:37:44,IMPS,67006,Reliance,Hyderabad,ATM,No,Normal Transaction
907083,500000171,2026-05-27,12:20:09,UPI,86993,Uber,Kolkata,POS,No,Normal Transaction
907084,500000047,2026-07-10,22:05:22,RTGS,72375,Zomato,Lucknow,ATM,No,Normal Transaction
907085,500000062,2026-09-11,07:18:05,ATM,75895,Reliance,Lucknow,Mobile,No,Normal Transaction
907086,500000155,2026-12-04,09:37:22,ATM,5901,PhonePe,Delhi,POS,No,Normal Transaction
907087,500000160,2026-09-26,02:06:09,IMPS,31223,Flipkart,Bengaluru,Mobile,No,Normal Transaction
907088,500000013,2026-02-10,11:07:01,Credit Card,13041,Amazon,Mumbai,POS,No,Normal Transaction
907089,500000032,2026-07-17,11:22:48,NEFT,83676,Flipkart,Bengaluru,Laptop,Yes,Different City
907090,500000178,2026-04-26,02:16:27,ATM,30900,PhonePe,Hyderabad,Mobile,No,Normal Transaction
907091,500000009,2026-08-30,12:43:48,IMPS,281,Flipkart,Delhi,Mobile,No,Normal Transaction
907092,500000065,2026-04-03,04:22:53,RTGS,40377,Flipkart,Kolkata,POS,No,Normal Transaction
907093,500000160,2026-01-03,21:51:42,UPI,46260,Swiggy,Pune,ATM,No,Normal Transaction
907094,500000049,2026-07-28,15:13:05,ATM,80498,Paytm,Bengaluru,Laptop,No,Normal Transaction
907095,500000021,2026-11-26,21:55:05,RTGS,8808,Paytm,Pune,ATM,No,Normal Transaction
907096,500000046,2026-08-18,13:37:30,NEFT,83862,Uber,Pune,Mobile,No,Normal Transaction
907097,500000159,2026-12-27,13:06:51,RTGS,99068,Paytm,Bengaluru,POS,No,Normal Transaction
907098,500000138,2026-11-16,20:50:07,IMPS,20173,IRCTC,Mumbai,POS,No,Normal Transaction
907099,500000094,2026-11-09,01:21:04,Debit Card,89165,IRCTC,Lucknow,POS,No,Normal Transaction
907100,500000053,2026-01-28,08:02:04,Debit Card,9871,Reliance,Mumbai,Laptop,No,Normal Transaction
907101,500000106,2026-05-29,10:05:52,Debit Card,97741,Reliance,Hyderabad,ATM,No,Normal Transaction
907102,500000133,2026-07-21,14:03:28,Debit Card,47995,Zomato,Pune,Mobile,No,Normal Transaction
907103,500000091,2026-02-06,03:10:39,Debit Card,9925,Swiggy,Hyderabad,Laptop,No,Normal Transaction
907104,500000040,2026-09-20,04:50:20,IMPS,77818,Uber,Pune,Laptop,No,Normal Transaction
907105,500000030,2026-01-20,12:54:13,ATM,85031,Zomato,Kolkata,Laptop,No,Normal Transaction
907106,500000052,2026-05-31,09:18:55,Debit Card,62198,DMart,Hyderabad,Laptop,No,Normal Transaction
907107,500000048,2026-04-03,08:38:40,RTGS,98448,Flipkart,Pune,ATM,No,Normal Transaction
907108,500000077,2026-02-24,05:29:49,NEFT,36999,Amazon,Kolkata,POS,No,Normal Transaction
907109,500000103,2026-10-01,19:10:09,RTGS,42736,Swiggy,Delhi,Mobile,No,Normal Transaction
907110,500000068,2026-02-24,15:23:54,Credit Card,32802,Uber,Lucknow,ATM,No,Normal Transaction
907111,500000080,2026-07-30,00:39:07,Debit Card,61304,Flipkart,Delhi,POS,No,Normal Transaction
907112,500000024,2026-04-29,06:57:15,RTGS,50042,Amazon,Mumbai,Mobile,No,Normal Transaction
907113,500000104,2026-11-23,11:36:53,RTGS,55651,PhonePe,Hyderabad,Laptop,No,Normal Transaction
907114,500000161,2026-12-08,19:17:06,IMPS,89360,Zomato,Hyderabad,ATM,No,Normal Transaction
907115,500000121,2026-07-03,10:27:00,RTGS,37656,PhonePe,Kolkata,Laptop,No,Normal Transaction
907116,500000166,2026-09-25,16:06:00,Debit Card,75706,Swiggy,Hyderabad,Mobile,No,Normal Transaction
907117,500000151,2026-04-12,10:11:19,UPI,96435,Flipkart,Hyderabad,Laptop,No,Normal Transaction
907118,500000074,2026-12-30,12:56:01,IMPS,75135,IRCTC,Pune,POS,No,Normal Transaction
907119,500000096,2026-12-10,00:00:06,NEFT,23965,Zomato,Pune,ATM,No,Normal Transaction
907120,500000093,2026-10-23,19:58:46,Credit Card,98232,Paytm,Bengaluru,POS,No,Normal Transaction
907121,500000014,2026-01-18,03:24:56,ATM,40081,Uber,Kolkata,POS,No,Normal Transaction
907122,500000110,2026-10-23,18:16:56,Credit Card,5905,Amazon,Mumbai,POS,No,Normal Transaction
907123,500000049,2026-01-21,00:46:12,ATM,3199,Zomato,Delhi,Mobile,No,Normal Transaction
907124,500000043,2026-07-07,17:04:48,Credit Card,42769,Swiggy,Mumbai,Laptop,No,Normal Transaction
907125,500000001,2026-07-24,05:41:41,RTGS,33652,Paytm,Bengaluru,POS,No,Normal Transaction
907126,500000164,2026-08-13,13:45:44,Debit Card,21682,Zomato,Delhi,POS,No,Normal Transaction
907127,500000161,2026-08-10,16:43:47,RTGS,74892,Uber,Delhi,Mobile,No,Normal Transaction
907128,500000026,2026-06-14,09:48:13,UPI,88756,Amazon,Kolkata,POS,No,Normal Transaction
907129,500000097,2026-08-22,01:46:25,Debit Card,12487,Flipkart,Lucknow,Laptop,No,Normal Transaction
907130,500000026,2026-12-15,23:17:14,RTGS,37744,Paytm,Delhi,Laptop,No,Normal Transaction
907131,500000127,2026-09-11,06:12:10,UPI,14571,DMart,Kolkata,POS,No,Normal Transaction
907132,500000065,2026-06-24,12:47:14,NEFT,25725,PhonePe,Lucknow,ATM,No,Normal Transaction
907133,500000148,2026-04-30,16:14:10,RTGS,91124,DMart,Bengaluru,POS,No,Normal Transaction
907134,500000165,2026-12-10,21:17:21,Credit Card,34953,Reliance,Delhi,Mobile,No,Normal Transaction
907135,500000024,2026-10-25,11:46:26,RTGS,67165,Amazon,Mumbai,POS,No,Normal Transaction
907136,500000082,2026-03-04,07:25:54,UPI,80391,IRCTC,Lucknow,Laptop,No,Normal Transaction
907137,500000171,2026-02-20,21:08:08,NEFT,25823,DMart,Lucknow,Laptop,No,Normal Transaction
907138,500000104,2026-02-02,21:20:47,UPI,37812,Reliance,Bengaluru,Laptop,No,Normal Transaction
907139,500000055,2026-12-18,15:13:35,NEFT,50915,Zomato,Delhi,Mobile,No,Normal Transaction
907140,500000136,2026-11-05,18:46:55,ATM,43280,Reliance,Hyderabad,Mobile,No,Normal Transaction
907141,500000139,2026-06-06,16:12:40,IMPS,51431,Zomato,Lucknow,ATM,No,Normal Transaction
907142,500000164,2026-05-19,03:56:45,UPI,48407,Paytm,Bengaluru,ATM,No,Normal Transaction
907143,500000068,2026-12-23,12:41:41,Debit Card,24328,Flipkart,Pune,Laptop,No,Normal Transaction
907144,500000076,2026-10-31,08:53:46,RTGS,26330,PhonePe,Delhi,Laptop,No,Normal Transaction
907145,500000175,2026-04-08,11:11:30,Credit Card,80522,Flipkart,Pune,Laptop,No,Normal Transaction
907146,500000170,2026-05-08,18:13:17,Debit Card,81996,Reliance,Lucknow,Mobile,Yes,Multiple Transactions
907147,500000029,2026-05-19,00:48:52,NEFT,16413,Reliance,Bengaluru,POS,No,Normal Transaction
907148,500000037,2026-01-10,00:54:39,RTGS,16081,PhonePe,Hyderabad,ATM,No,Normal Transaction
907149,500000143,2026-08-07,07:28:01,Credit Card,98474,PhonePe,Pune,Laptop,Yes,Different City
907150,500000041,2026-05-30,10:00:22,UPI,19023,Swiggy,Delhi,ATM,No,Normal Transaction
907151,500000106,2026-04-22,06:24:47,Debit Card,10795,DMart,Kolkata,POS,No,Normal Transaction
907152,500000106,2026-03-28,17:34:30,Credit Card,74230,Amazon,Delhi,POS,No,Normal Transaction
907153,500000014,2026-04-13,17:56:48,UPI,987,IRCTC,Mumbai,Mobile,No,Normal Transaction
907154,500000047,2026-08-26,20:57:27,RTGS,91452,Paytm,Lucknow,Mobile,No,Normal Transaction
907155,500000029,2026-06-05,22:27:15,RTGS,50507,Reliance,Mumbai,Mobile,No,Normal Transaction
907156,500000121,2026-07-24,04:27:17,UPI,28977,IRCTC,Hyderabad,POS,No,Normal Transaction
907157,500000019,2026-03-24,10:35:51,IMPS,34541,Swiggy,Delhi,Mobile,No,Normal Transaction
907158,500000161,2026-11-22,14:12:58,IMPS,74979,Flipkart,Kolkata,POS,No,Normal Transaction
907159,500000098,2026-06-14,06:59:27,Debit Card,25942,Amazon,Hyderabad,Mobile,No,Normal Transaction
907160,500000056,2026-09-19,03:37:35,ATM,46930,DMart,Delhi,POS,No,Normal Transaction
907161,500000106,2026-05-12,10:54:21,UPI,74440,Reliance,Kolkata,POS,No,Normal Transaction
907162,500000122,2026-01-16,06:14:30,NEFT,18042,Amazon,Bengaluru,ATM,No,Normal Transaction
907163,500000097,2026-09-25,03:39:09,IMPS,18450,Amazon,Mumbai,ATM,No,Normal Transaction
907164,500000143,2026-04-12,17:44:46,Debit Card,22481,Swiggy,Lucknow,Mobile,No,Normal Transaction
907165,500000157,2026-12-01,03:08:30,RTGS,56311,Zomato,Pune,Mobile,No,Normal Transaction
907166,500000044,2026-12-15,01:57:44,NEFT,66922,Reliance,Mumbai,Mobile,No,Normal Transaction
907167,500000156,2026-11-18,20:49:51,IMPS,74746,Amazon,Delhi,Laptop,No,Normal Transaction
907168,500000142,2026-07-05,12:31:20,ATM,18846,Flipkart,Mumbai,ATM,No,Normal Transaction
907169,500000039,2026-10-05,15:30:15,Debit Card,35060,Swiggy,Mumbai,POS,No,Normal Transaction
907170,500000035,2026-11-25,01:01:29,Credit Card,94888,Swiggy,Delhi,Laptop,Yes,Multiple Transactions
907171,500000168,2026-07-28,09:29:58,UPI,91954,Paytm,Lucknow,Mobile,No,Normal Transaction
907172,500000098,2026-03-08,05:45:58,IMPS,32467,Zomato,Bengaluru,POS,Yes,Different City
907173,500000056,2026-10-07,12:28:29,IMPS,2142,Flipkart,Bengaluru,ATM,No,Normal Transaction
907174,500000157,2026-06-17,15:38:37,Debit Card,80198,DMart,Hyderabad,Mobile,No,Normal Transaction
907175,500000122,2026-12-08,22:11:47,NEFT,64296,PhonePe,Kolkata,Mobile,No,Normal Transaction
907176,500000020,2026-05-12,00:14:39,ATM,48044,IRCTC,Lucknow,POS,No,Normal Transaction
907177,500000129,2026-07-02,10:24:08,RTGS,21380,Zomato,Pune,ATM,No,Normal Transaction
907178,500000015,2026-06-13,05:02:09,RTGS,42106,Flipkart,Bengaluru,Mobile,No,Normal Transaction
907179,500000116,2026-12-28,04:23:56,NEFT,65608,Zomato,Kolkata,POS,No,Normal Transaction
907180,500000024,2026-12-15,04:28:28,Credit Card,3260,Uber,Bengaluru,Laptop,No,Normal Transaction
907181,500000108,2026-02-28,15:45:00,Debit Card,89552,PhonePe,Mumbai,POS,No,Normal Transaction
907182,500000085,2026-03-21,23:57:13,Debit Card,58336,Swiggy,Mumbai,POS,No,Normal Transaction
907183,500000014,2026-11-27,13:01:26,Debit Card,44087,Amazon,Mumbai,POS,No,Normal Transaction
907184,500000059,2026-04-29,12:38:26,RTGS,11732,Swiggy,Hyderabad,POS,No,Normal Transaction
907185,500000055,2026-07-15,05:46:28,Debit Card,98332,IRCTC,Delhi,ATM,No,Normal Transaction
907186,500000081,2026-06-08,18:03:03,Credit Card,6004,Paytm,Lucknow,POS,No,Normal Transaction
907187,500000078,2026-08-01,22:23:21,Debit Card,70847,Uber,Mumbai,Laptop,No,Normal Transaction
907188,500000057,2026-06-17,09:36:24,RTGS,8496,Amazon,Bengaluru,Mobile,No,Normal Transaction
907189,500000094,2026-10-28,00:39:14,ATM,86201,IRCTC,Hyderabad,Laptop,No,Normal Transaction
907190,500000080,2026-11-16,03:37:49,NEFT,45553,Flipkart,Bengaluru,POS,No,Normal Transaction
907191,500000094,2027-01-01,20:25:52,Credit Card,16616,Swiggy,Bengaluru,Laptop,No,Normal Transaction
907192,500000064,2026-04-13,03:20:56,UPI,28580,Uber,Bengaluru,POS,No,Normal Transaction
907193,500000006,2026-03-13,15:42:28,IMPS,15534,Reliance,Mumbai,Laptop,No,Normal Transaction
907194,500000136,2026-01-07,18:42:53,ATM,98047,Zomato,Hyderabad,POS,No,Normal Transaction
907195,500000002,2026-04-19,14:51:13,ATM,50783,Zomato,Bengaluru,Laptop,No,Normal Transaction
907196,500000076,2026-05-06,21:20:28,ATM,58566,Paytm,Mumbai,Mobile,No,Normal Transaction
907197,500000087,2026-03-06,04:35:38,NEFT,62205,Reliance,Bengaluru,Mobile,No,Normal Transaction
907198,500000042,2026-08-20,12:39:36,Debit Card,83035,Zomato,Mumbai,ATM,No,Normal Transaction
907199,500000022,2026-01-27,18:44:07,NEFT,2640,IRCTC,Hyderabad,Mobile,No,Normal Transaction
907200,500000007,2026-08-14,14:41:29,Debit Card,52208,Zomato,Hyderabad,POS,No,Normal Transaction
907201,500000070,2026-12-21,15:14:53,RTGS,63903,Swiggy,Lucknow,POS,No,Normal Transaction
907202,500000090,2026-05-10,08:33:12,Debit Card,82309,DMart,Delhi,Mobile,No,Normal Transaction
907203,500000023,2026-09-26,13:55:05,RTGS,62413,Uber,Pune,Laptop,No,Normal Transaction
907204,500000026,2026-11-14,22:27:06,UPI,43032,Paytm,Mumbai,ATM,No,Normal Transaction
907205,500000044,2026-09-12,13:19:43,Debit Card,9819,Flipkart,Lucknow,Laptop,No,Normal Transaction
907206,500000094,2026-07-02,16:00:48,Credit Card,65178,PhonePe,Kolkata,ATM,No,Normal Transaction
907207,500000035,2026-08-05,02:00:23,NEFT,70335,DMart,Bengaluru,Laptop,No,Normal Transaction
907208,500000044,2026-08-04,23:22:34,Credit Card,6590,Reliance,Bengaluru,POS,No,Normal Transaction
907209,500000067,2026-06-11,04:11:48,UPI,33959,Amazon,Delhi,POS,No,Normal Transaction
907210,500000161,2026-12-12,13:31:25,UPI,77033,Reliance,Pune,Laptop,No,Normal Transaction
907211,500000063,2026-12-06,08:05:06,UPI,89379,Amazon,Kolkata,ATM,Yes,High Amount
907212,500000094,2026-04-26,07:47:21,ATM,38063,Uber,Lucknow,Laptop,No,Normal Transaction
907213,500000167,2026-03-25,12:47:28,Credit Card,43280,Zomato,Mumbai,ATM,No,Normal Transaction
907214,500000131,2026-05-27,11:03:10,RTGS,58055,DMart,Lucknow,ATM,No,Normal Transaction
907215,500000147,2026-03-15,17:59:07,Credit Card,76988,Flipkart,Mumbai,Mobile,No,Normal Transaction
907216,500000150,2026-11-06,13:39:19,NEFT,7343,DMart,Bengaluru,Mobile,No,Normal Transaction
907217,500000167,2026-01-27,00:07:14,ATM,39038,Swiggy,Delhi,Mobile,No,Normal Transaction
907218,500000006,2026-04-06,02:47:57,Debit Card,76848,Flipkart,Kolkata,POS,No,Normal Transaction
907219,500000053,2026-05-26,22:31:36,UPI,50060,IRCTC,Kolkata,ATM,No,Normal Transaction
907220,500000014,2026-07-19,11:54:51,UPI,70421,Flipkart,Hyderabad,Mobile,No,Normal Transaction
907221,500000127,2026-11-13,18:36:21,IMPS,19290,Amazon,Lucknow,Laptop,No,Normal Transaction
907222,500000048,2026-12-16,01:44:57,RTGS,80591,Flipkart,Mumbai,ATM,No,Normal Transaction
907223,500000158,2026-08-06,12:10:45,Credit Card,67745,Flipkart,Kolkata,Laptop,No,Normal Transaction
907224,500000170,2026-10-18,00:28:23,IMPS,91241,Flipkart,Delhi,ATM,No,Normal Transaction
907225,500000103,2026-09-03,22:27:13,ATM,18053,Reliance,Mumbai,Mobile,No,Normal Transaction
907226,500000027,2026-08-16,22:10:00,NEFT,49717,IRCTC,Pune,POS,No,Normal Transaction
907227,500000067,2026-11-23,06:45:09,Debit Card,61953,Paytm,Bengaluru,ATM,No,Normal Transaction
907228,500000037,2026-07-31,10:00:33,IMPS,94732,IRCTC,Mumbai,ATM,No,Normal Transaction
907229,500000001,2026-06-23,22:01:28,NEFT,91213,DMart,Hyderabad,POS,No,Normal Transaction
907230,500000074,2026-05-01,10:34:43,IMPS,2561,Amazon,Lucknow,ATM,No,Normal Transaction
907231,500000161,2026-03-15,11:15:28,Debit Card,63798,Swiggy,Delhi,Mobile,No,Normal Transaction
907232,500000032,2026-09-07,11:17:14,UPI,856,Flipkart,Delhi,Laptop,No,Normal Transaction
907233,500000056,2026-02-04,02:19:53,Credit Card,73465,IRCTC,Lucknow,POS,No,Normal Transaction
907234,500000050,2026-09-30,17:34:11,RTGS,95302,Flipkart,Mumbai,POS,No,Normal Transaction
907235,500000066,2026-03-01,00:35:40,Credit Card,61785,Swiggy,Bengaluru,ATM,No,Normal Transaction
907236,500000095,2026-08-28,17:13:06,IMPS,69538,PhonePe,Delhi,ATM,No,Normal Transaction
907237,500000173,2026-06-01,17:30:05,UPI,82100,Uber,Mumbai,Laptop,No,Normal Transaction
907238,500000062,2026-09-04,00:30:16,Debit Card,78643,Reliance,Hyderabad,POS,No,Normal Transaction
907239,500000018,2026-11-09,21:27:31,RTGS,8695,DMart,Delhi,Mobile,No,Normal Transaction
907240,500000090,2026-09-30,08:47:44,IMPS,83380,IRCTC,Kolkata,ATM,No,Normal Transaction
907241,500000167,2026-12-27,02:27:03,RTGS,46570,DMart,Mumbai,POS,No,Normal Transaction
907242,500000079,2026-07-04,19:04:51,Credit Card,51896,Swiggy,Mumbai,ATM,No,Normal Transaction
907243,500000145,2026-01-08,22:24:56,Credit Card,26640,PhonePe,Mumbai,Mobile,No,Normal Transaction
907244,500000158,2026-05-31,11:38:25,IMPS,43977,DMart,Hyderabad,POS,No,Normal Transaction
907245,500000075,2026-05-09,05:34:38,RTGS,48645,IRCTC,Kolkata,POS,No,Normal Transaction
907246,500000091,2026-07-08,18:38:03,IMPS,27394,Flipkart,Hyderabad,Laptop,No,Normal Transaction
907247,500000136,2026-03-09,10:47:30,RTGS,65161,Swiggy,Delhi,POS,No,Normal Transaction
907248,500000020,2026-12-23,13:24:17,RTGS,3107,Uber,Delhi,Mobile,No,Normal Transaction
907249,500000098,2026-06-13,03:25:47,ATM,22155,Amazon,Mumbai,POS,No,Normal Transaction
907250,500000105,2026-10-18,12:36:18,NEFT,60338,Flipkart,Bengaluru,POS,No,Normal Transaction
907251,500000133,2026-03-24,20:37:54,NEFT,60458,Uber,Lucknow,Mobile,No,Normal Transaction
907252,500000004,2026-04-26,05:18:48,UPI,89898,Reliance,Bengaluru,Laptop,No,Normal Transaction
907253,500000150,2026-05-19,22:52:36,NEFT,58020,Amazon,Kolkata,Mobile,No,Normal Transaction
907254,500000179,2026-04-24,21:21:19,RTGS,10353,Swiggy,Hyderabad,ATM,No,Normal Transaction
907255,500000124,2026-06-05,01:44:15,Credit Card,92730,Swiggy,Bengaluru,POS,No,Normal Transaction
907256,500000140,2026-12-08,22:21:46,Debit Card,61543,Reliance,Pune,ATM,No,Normal Transaction
907257,500000126,2026-08-19,04:31:22,UPI,48856,PhonePe,Mumbai,Laptop,No,Normal Transaction
907258,500000034,2026-12-30,06:55:37,NEFT,86244,IRCTC,Hyderabad,ATM,No,Normal Transaction
907259,500000063,2026-12-06,13:38:57,Debit Card,71054,Zomato,Bengaluru,Mobile,No,Normal Transaction
907260,500000115,2026-02-25,12:00:08,ATM,18063,IRCTC,Hyderabad,Mobile,No,Normal Transaction
907261,500000101,2026-12-22,15:36:35,NEFT,30249,Swiggy,Hyderabad,POS,No,Normal Transaction
907262,500000006,2026-12-22,16:47:50,Debit Card,1120,IRCTC,Lucknow,Mobile,No,Normal Transaction
907263,500000046,2026-12-03,15:27:17,Credit Card,14955,Reliance,Bengaluru,POS,No,Normal Transaction
907264,500000060,2026-08-22,23:57:46,Credit Card,8497,Paytm,Pune,POS,No,Normal Transaction
907265,500000007,2026-10-23,01:27:14,ATM,76335,Paytm,Kolkata,Laptop,No,Normal Transaction
907266,500000006,2026-06-07,11:54:27,NEFT,60366,Reliance,Lucknow,Mobile,No,Normal Transaction
907267,500000159,2026-06-07,11:40:00,Debit Card,14090,Uber,Kolkata,POS,No,Normal Transaction
907268,500000116,2026-06-07,02:01:48,Debit Card,65838,IRCTC,Bengaluru,POS,No,Normal Transaction
907269,500000117,2026-08-24,21:48:22,IMPS,88597,Reliance,Hyderabad,Mobile,No,Normal Transaction
907270,500000054,2026-03-11,10:30:42,Debit Card,11932,Reliance,Lucknow,Mobile,No,Normal Transaction
907271,500000037,2027-01-01,23:03:12,NEFT,21724,Uber,Kolkata,Mobile,No,Normal Transaction
907272,500000125,2026-06-20,23:53:22,ATM,83624,DMart,Kolkata,ATM,No,Normal Transaction
907273,500000161,2026-09-08,16:39:58,RTGS,27412,Amazon,Kolkata,Laptop,No,Normal Transaction
907274,500000049,2026-05-22,14:57:31,NEFT,18858,Amazon,Delhi,POS,No,Normal Transaction
907275,500000096,2026-09-09,20:50:45,Credit Card,52469,Paytm,Bengaluru,Mobile,No,Normal Transaction
907276,500000085,2026-07-14,05:00:40,ATM,13919,Zomato,Delhi,POS,No,Normal Transaction
907277,500000111,2026-02-15,01:10:01,ATM,82452,Swiggy,Bengaluru,Laptop,No,Normal Transaction
907278,500000024,2026-09-03,07:46:06,ATM,92850,Zomato,Hyderabad,POS,No,Normal Transaction
907279,500000072,2026-10-17,10:58:16,Credit Card,46619,IRCTC,Hyderabad,ATM,No,Normal Transaction
907280,500000075,2026-09-04,23:30:19,IMPS,58621,Reliance,Mumbai,Laptop,No,Normal Transaction
907281,500000169,2026-08-05,12:01:48,ATM,43232,Uber,Delhi,POS,No,Normal Transaction
907282,500000088,2026-12-31,00:55:02,NEFT,32102,IRCTC,Delhi,ATM,No,Normal Transaction
907283,500000109,2026-07-04,13:24:43,RTGS,91142,Uber,Bengaluru,Laptop,No,Normal Transaction
907284,500000082,2026-08-14,14:30:45,NEFT,44294,Uber,Lucknow,POS,No,Normal Transaction
907285,500000040,2026-01-29,08:57:15,NEFT,20558,Zomato,Lucknow,Mobile,No,Normal Transaction
907286,500000155,2026-01-28,03:09:29,RTGS,75923,Zomato,Bengaluru,Laptop,No,Normal Transaction
907287,500000037,2026-10-05,15:32:26,IMPS,50212,Reliance,Delhi,POS,No,Normal Transaction
907288,500000139,2026-10-05,14:36:08,Debit Card,5860,Amazon,Lucknow,ATM,No,Normal Transaction
907289,500000144,2026-06-16,07:21:30,ATM,57232,Uber,Delhi,Laptop,No,Normal Transaction
907290,500000101,2026-12-23,05:02:22,IMPS,85662,DMart,Pune,ATM,No,Normal Transaction
907291,500000041,2026-09-10,14:45:24,ATM,30340,Zomato,Bengaluru,Laptop,No,Normal Transaction
907292,500000145,2026-05-23,23:16:14,RTGS,38361,Amazon,Bengaluru,Mobile,No,Normal Transaction
907293,500000078,2026-01-26,00:06:26,RTGS,86410,Reliance,Hyderabad,Laptop,No,Normal Transaction
907294,500000054,2026-11-24,14:53:37,RTGS,85269,PhonePe,Mumbai,Laptop,No,Normal Transaction
907295,500000081,2026-05-09,15:16:09,NEFT,70192,Amazon,Kolkata,POS,No,Normal Transaction
907296,500000082,2026-06-16,22:02:00,UPI,7388,Zomato,Pune,Laptop,No,Normal Transaction
907297,500000107,2026-11-12,06:36:52,Debit Card,73441,DMart,Bengaluru,ATM,No,Normal Transaction
907298,500000007,2026-12-02,20:04:31,Credit Card,92750,IRCTC,Hyderabad,Mobile,No,Normal Transaction
907299,500000056,2026-08-08,20:39:25,Credit Card,26157,Flipkart,Pune,POS,No,Normal Transaction
907300,500000151,2026-04-25,16:44:33,IMPS,59802,Amazon,Delhi,Mobile,No,Normal Transaction
907301,500000120,2026-07-28,05:46:38,Debit Card,12907,Uber,Lucknow,Laptop,No,Normal Transaction
907302,500000050,2026-03-31,19:54:28,Debit Card,13951,Reliance,Mumbai,POS,No,Normal Transaction
907303,500000110,2026-05-23,21:04:26,IMPS,70810,Uber,Pune,Mobile,No,Normal Transaction
907304,500000124,2026-03-17,16:00:22,Debit Card,30704,PhonePe,Bengaluru,POS,No,Normal Transaction
907305,500000142,2026-10-04,14:36:43,IMPS,41816,Zomato,Mumbai,Laptop,No,Normal Transaction
907306,500000057,2026-03-24,18:07:57,RTGS,64216,Flipkart,Pune,ATM,No,Normal Transaction
907307,500000102,2026-04-03,12:27:59,UPI,78779,Flipkart,Pune,ATM,No,Normal Transaction
907308,500000044,2026-02-09,07:44:58,RTGS,25712,Reliance,Bengaluru,POS,No,Normal Transaction
907309,500000084,2026-04-24,19:27:32,UPI,69274,Uber,Mumbai,ATM,No,Normal Transaction
907310,500000038,2026-04-05,08:31:48,ATM,65679,PhonePe,Delhi,Mobile,No,Normal Transaction
907311,500000103,2026-07-21,21:18:42,Debit Card,82817,Reliance,Delhi,ATM,No,Normal Transaction
907312,500000136,2026-06-28,05:10:30,IMPS,48640,Amazon,Hyderabad,Mobile,No,Normal Transaction
907313,500000055,2026-05-18,18:32:39,ATM,80776,Zomato,Mumbai,Laptop,No,Normal Transaction
907314,500000031,2026-09-25,20:14:12,IMPS,16005,Reliance,Bengaluru,ATM,No,Normal Transaction
907315,500000135,2026-09-24,14:47:31,UPI,56599,Paytm,Delhi,Mobile,No,Normal Transaction
907316,500000095,2026-05-04,07:23:20,NEFT,53068,Flipkart,Kolkata,Laptop,No,Normal Transaction
907317,500000152,2026-07-21,12:55:12,NEFT,60996,PhonePe,Delhi,Mobile,No,Normal Transaction
907318,500000156,2026-05-06,00:02:02,Debit Card,95692,Zomato,Pune,Mobile,No,Normal Transaction
907319,500000102,2026-11-12,20:35:27,IMPS,44183,DMart,Mumbai,Laptop,No,Normal Transaction
907320,500000016,2026-03-11,17:41:00,NEFT,91835,DMart,Delhi,POS,No,Normal Transaction
907321,500000121,2026-01-29,05:03:55,NEFT,75336,Reliance,Pune,Laptop,No,Normal Transaction
907322,500000053,2026-03-14,01:27:11,IMPS,62227,Amazon,Kolkata,Laptop,No,Normal Transaction
907323,500000150,2026-08-15,13:42:19,Credit Card,35281,Swiggy,Hyderabad,Mobile,No,Normal Transaction
907324,500000045,2026-09-18,21:17:40,IMPS,80980,Reliance,Lucknow,Mobile,No,Normal Transaction
907325,500000117,2026-07-06,12:51:53,NEFT,73568,Reliance,Kolkata,ATM,No,Normal Transaction
907326,500000119,2026-06-18,22:58:52,UPI,26263,Paytm,Hyderabad,Mobile,No,Normal Transaction
907327,500000071,2026-11-14,05:19:50,Debit Card,30052,IRCTC,Bengaluru,Laptop,No,Normal Transaction
907328,500000150,2026-08-03,16:07:08,NEFT,97447,Zomato,Hyderabad,ATM,No,Normal Transaction
907329,500000060,2026-07-16,07:50:17,Debit Card,92877,Zomato,Bengaluru,ATM,No,Normal Transaction
907330,500000159,2026-07-23,20:25:31,ATM,13712,IRCTC,Mumbai,ATM,No,Normal Transaction
907331,500000086,2026-07-04,08:23:56,Debit Card,51877,PhonePe,Pune,Laptop,No,Normal Transaction
907332,500000120,2026-01-02,12:10:17,Credit Card,15202,Flipkart,Bengaluru,Laptop,No,Normal Transaction
907333,500000128,2026-05-09,13:01:32,ATM,90164,Paytm,Mumbai,Laptop,No,Normal Transaction
907334,500000064,2026-01-15,08:57:09,UPI,724,DMart,Lucknow,Laptop,No,Normal Transaction
907335,500000122,2026-03-13,19:30:45,ATM,33807,DMart,Pune,Laptop,No,Normal Transaction
907336,500000170,2026-12-25,11:55:35,IMPS,94273,Swiggy,Kolkata,Mobile,No,Normal Transaction
907337,500000162,2026-08-16,18:36:38,UPI,66988,PhonePe,Lucknow,Laptop,No,Normal Transaction
907338,500000104,2026-02-08,23:49:47,RTGS,20930,Paytm,Hyderabad,POS,No,Normal Transaction
907339,500000168,2026-03-25,04:29:01,UPI,2604,Swiggy,Mumbai,POS,No,Normal Transaction
907340,500000075,2026-05-04,23:54:51,Debit Card,35917,Swiggy,Mumbai,POS,No,Normal Transaction
907341,500000072,2026-02-26,23:05:55,Debit Card,17169,Uber,Bengaluru,Laptop,No,Normal Transaction
907342,500000035,2026-09-01,02:11:09,NEFT,90761,Reliance,Lucknow,POS,No,Normal Transaction
907343,500000084,2026-03-30,17:03:23,Debit Card,78016,Zomato,Delhi,Mobile,Yes,Multiple Transactions
907344,500000101,2026-11-20,18:58:26,UPI,72807,Reliance,Kolkata,Laptop,No,Normal Transaction
907345,500000163,2026-07-07,17:08:49,UPI,82633,Uber,Lucknow,ATM,No,Normal Transaction
907346,500000141,2026-04-19,10:15:50,UPI,87015,IRCTC,Bengaluru,Laptop,No,Normal Transaction
907347,500000126,2026-01-18,04:51:32,IMPS,11143,DMart,Pune,ATM,No,Normal Transaction
907348,500000120,2026-10-29,12:33:02,RTGS,9793,Flipkart,Mumbai,POS,No,Normal Transaction
907349,500000086,2026-07-06,19:31:09,RTGS,29235,Reliance,Pune,Mobile,Yes,Different City
907350,500000001,2026-10-22,17:24:26,Debit Card,41647,Reliance,Bengaluru,POS,No,Normal Transaction
907351,500000126,2026-12-12,20:28:31,ATM,72741,Reliance,Delhi,Laptop,No,Normal Transaction
907352,500000105,2026-08-21,02:10:00,UPI,85367,IRCTC,Bengaluru,POS,No,Normal Transaction
907353,500000034,2026-10-04,01:09:26,Credit Card,45284,Paytm,Bengaluru,Mobile,No,Normal Transaction
907354,500000015,2026-11-22,12:12:50,UPI,84042,Paytm,Delhi,ATM,No,Normal Transaction
907355,500000146,2026-02-21,19:36:57,Credit Card,16893,Swiggy,Bengaluru,POS,No,Normal Transaction
907356,500000175,2026-05-11,12:53:51,UPI,4189,Flipkart,Bengaluru,ATM,No,Normal Transaction
907357,500000098,2026-08-08,02:31:28,Credit Card,16888,Amazon,Hyderabad,POS,No,Normal Transaction
907358,500000100,2026-04-19,22:34:22,Debit Card,5994,Reliance,Hyderabad,POS,No,Normal Transaction
907359,500000081,2026-06-15,18:35:12,NEFT,73994,Zomato,Pune,POS,No,Normal Transaction
907360,500000123,2026-10-26,10:29:32,IMPS,91860,Reliance,Lucknow,ATM,No,Normal Transaction
907361,500000056,2026-09-24,20:12:27,Debit Card,6679,DMart,Pune,Laptop,No,Normal Transaction
907362,500000027,2026-07-20,21:41:20,RTGS,20530,Reliance,Pune,POS,No,Normal Transaction
907363,500000049,2026-02-11,04:14:35,NEFT,24707,Flipkart,Mumbai,POS,No,Normal Transaction
907364,500000044,2026-01-27,23:26:03,IMPS,49013,Swiggy,Delhi,ATM,No,Normal Transaction
907365,500000100,2026-02-24,11:57:59,ATM,87254,Swiggy,Lucknow,Mobile,No,Normal Transaction
907366,500000074,2026-05-09,15:36:34,Debit Card,29938,Paytm,Lucknow,ATM,No,Normal Transaction
907367,500000065,2026-04-19,17:36:47,UPI,50565,Zomato,Kolkata,ATM,No,Normal Transaction
907368,500000065,2026-03-17,13:51:01,IMPS,50784,Amazon,Lucknow,Laptop,No,Normal Transaction
907369,500000132,2026-05-04,21:25:43,Debit Card,44717,Zomato,Lucknow,POS,No,Normal Transaction
907370,500000048,2026-06-30,03:42:10,ATM,50773,Zomato,Bengaluru,ATM,No,Normal Transaction
907371,500000059,2026-02-12,20:03:46,Debit Card,31881,Uber,Lucknow,Laptop,No,Normal Transaction
907372,500000168,2026-06-10,00:00:36,NEFT,23236,DMart,Bengaluru,Laptop,No,Normal Transaction
907373,500000096,2026-09-07,00:45:06,IMPS,96391,Zomato,Lucknow,POS,No,Normal Transaction
907374,500000070,2026-01-31,20:48:40,Debit Card,52518,Paytm,Delhi,Laptop,No,Normal Transaction
907375,500000052,2026-06-25,18:24:22,Debit Card,46226,DMart,Kolkata,Mobile,No,Normal Transaction
907376,500000054,2026-04-11,11:40:03,ATM,81336,IRCTC,Pune,POS,No,Normal Transaction
907377,500000088,2026-11-18,20:38:30,Credit Card,93749,Paytm,Bengaluru,Laptop,No,Normal Transaction
907378,500000063,2026-08-25,23:58:52,IMPS,38233,Paytm,Hyderabad,Mobile,No,Normal Transaction
907379,500000120,2026-09-25,03:04:22,RTGS,98986,Zomato,Mumbai,Mobile,No,Normal Transaction
907380,500000022,2026-09-28,12:56:11,ATM,1315,Swiggy,Delhi,ATM,No,Normal Transaction
907381,500000125,2026-02-01,05:27:12,UPI,2128,IRCTC,Kolkata,Laptop,No,Normal Transaction
907382,500000164,2026-02-22,05:07:02,IMPS,46365,Amazon,Bengaluru,Mobile,No,Normal Transaction
907383,500000029,2026-04-08,03:14:42,NEFT,95907,Paytm,Mumbai,Mobile,Yes,Midnight Transaction
907384,500000141,2026-10-23,04:03:09,ATM,50520,Amazon,Delhi,Mobile,No,Normal Transaction
907385,500000068,2026-11-03,12:56:45,NEFT,23559,IRCTC,Pune,Mobile,No,Normal Transaction
907386,500000160,2026-10-06,06:13:21,UPI,23786,PhonePe,Lucknow,ATM,No,Normal Transaction
907387,500000091,2026-02-24,01:39:27,NEFT,10747,Amazon,Mumbai,POS,No,Normal Transaction
907388,500000100,2026-03-06,01:29:17,ATM,97953,IRCTC,Delhi,ATM,No,Normal Transaction
907389,500000071,2026-01-26,08:27:46,NEFT,78280,IRCTC,Pune,POS,No,Normal Transaction
907390,500000123,2026-05-14,22:25:47,IMPS,80860,IRCTC,Bengaluru,ATM,No,Normal Transaction
907391,500000175,2026-12-01,15:39:39,IMPS,4194,Zomato,Mumbai,ATM,No,Normal Transaction
907392,500000045,2026-07-17,04:27:29,ATM,14566,Paytm,Hyderabad,Mobile,No,Normal Transaction
907393,500000014,2026-03-20,15:46:51,ATM,61380,IRCTC,Hyderabad,POS,No,Normal Transaction
907394,500000065,2026-06-08,20:29:59,ATM,4509,DMart,Pune,ATM,No,Normal Transaction
907395,500000105,2026-09-05,10:04:53,NEFT,62266,Paytm,Bengaluru,Laptop,No,Normal Transaction
907396,500000144,2026-01-15,03:02:37,UPI,55425,Reliance,Mumbai,POS,No,Normal Transaction
907397,500000164,2026-06-07,05:48:39,UPI,92474,Uber,Hyderabad,ATM,No,Normal Transaction
907398,500000049,2026-03-22,20:18:37,UPI,74753,Amazon,Pune,POS,No,Normal Transaction
907399,500000097,2026-11-16,17:38:32,UPI,13740,Uber,Pune,Mobile,No,Normal Transaction
907400,500000063,2026-03-04,16:58:48,Debit Card,41761,IRCTC,Hyderabad,ATM,No,Normal Transaction
907401,500000160,2026-11-24,01:35:14,NEFT,49970,Amazon,Delhi,POS,No,Normal Transaction
907402,500000168,2026-12-21,23:05:15,ATM,57122,Zomato,Delhi,ATM,No,Normal Transaction
907403,500000100,2026-11-24,19:16:21,RTGS,15418,PhonePe,Hyderabad,POS,No,Normal Transaction
907404,500000172,2026-12-13,19:53:49,Credit Card,34096,PhonePe,Delhi,ATM,No,Normal Transaction
907405,500000112,2026-09-25,03:44:39,Credit Card,97406,IRCTC,Bengaluru,POS,No,Normal Transaction
907406,500000146,2026-10-20,07:35:39,Credit Card,11923,Uber,Hyderabad,Mobile,No,Normal Transaction
907407,500000070,2026-03-11,02:07:11,Debit Card,90224,Uber,Mumbai,ATM,No,Normal Transaction
907408,500000133,2026-05-06,06:20:46,ATM,61419,Swiggy,Lucknow,POS,No,Normal Transaction
907409,500000143,2026-04-25,02:27:58,Credit Card,49944,Paytm,Bengaluru,POS,No,Normal Transaction
907410,500000004,2026-07-27,01:35:55,Debit Card,11588,Flipkart,Hyderabad,Mobile,No,Normal Transaction
907411,500000004,2026-01-18,07:12:57,Debit Card,96309,Reliance,Bengaluru,Laptop,No,Normal Transaction
907412,500000040,2026-09-01,15:49:18,NEFT,53074,Swiggy,Mumbai,ATM,No,Normal Transaction
907413,500000018,2026-08-29,07:28:12,IMPS,47658,PhonePe,Bengaluru,ATM,Yes,Different City
907414,500000031,2026-04-12,22:43:13,Credit Card,60493,IRCTC,Hyderabad,ATM,No,Normal Transaction
907415,500000155,2026-08-30,13:47:26,Credit Card,73194,PhonePe,Pune,Mobile,No,Normal Transaction
907416,500000085,2026-12-01,23:45:22,IMPS,61486,DMart,Bengaluru,ATM,No,Normal Transaction
907417,500000130,2026-12-09,12:15:24,UPI,91215,PhonePe,Pune,Laptop,No,Normal Transaction
907418,500000132,2026-03-02,06:18:57,IMPS,56504,IRCTC,Mumbai,Mobile,No,Normal Transaction
907419,500000052,2026-10-12,01:39:33,NEFT,79762,Flipkart,Bengaluru,POS,No,Normal Transaction
907420,500000106,2026-01-24,05:18:17,Debit Card,90019,Swiggy,Pune,ATM,No,Normal Transaction
907421,500000008,2026-11-06,23:12:48,ATM,77133,Amazon,Mumbai,Mobile,No,Normal Transaction
907422,500000053,2026-10-04,17:48:03,Debit Card,35329,PhonePe,Lucknow,POS,No,Normal Transaction
907423,500000093,2026-08-14,12:05:10,RTGS,24605,Swiggy,Mumbai,Laptop,No,Normal Transaction
907424,500000101,2026-04-26,09:52:05,ATM,44776,Amazon,Lucknow,Mobile,No,Normal Transaction
907425,500000096,2026-09-02,07:25:20,Debit Card,11903,Amazon,Delhi,Laptop,No,Normal Transaction
907426,500000105,2026-09-06,13:31:30,NEFT,45624,Zomato,Mumbai,ATM,No,Normal Transaction
907427,500000023,2026-06-21,09:15:30,UPI,15535,IRCTC,Hyderabad,ATM,No,Normal Transaction
907428,500000103,2026-10-25,22:20:13,RTGS,97088,IRCTC,Kolkata,Laptop,No,Normal Transaction
907429,500000142,2026-05-09,13:40:07,Credit Card,42806,PhonePe,Bengaluru,Laptop,No,Normal Transaction
907430,500000031,2026-12-24,16:16:02,ATM,43496,Swiggy,Bengaluru,Mobile,No,Normal Transaction
907431,500000136,2026-11-01,06:20:41,ATM,42182,Uber,Hyderabad,ATM,No,Normal Transaction
907432,500000027,2026-05-28,20:53:48,UPI,2532,Flipkart,Mumbai,ATM,No,Normal Transaction
907433,500000094,2026-01-03,23:33:00,UPI,80783,Flipkart,Kolkata,Laptop,No,Normal Transaction
907434,500000111,2026-12-11,09:57:08,NEFT,3914,Uber,Lucknow,Laptop,No,Normal Transaction
907435,500000101,2026-09-27,20:27:14,ATM,97955,Zomato,Pune,Laptop,No,Normal Transaction
907436,500000147,2026-08-09,15:31:20,NEFT,34209,Reliance,Delhi,ATM,No,Normal Transaction
907437,500000169,2026-12-20,15:16:45,ATM,17666,PhonePe,Kolkata,Mobile,No,Normal Transaction
907438,500000056,2026-03-28,19:48:07,UPI,26556,Paytm,Kolkata,POS,No,Normal Transaction
907439,500000035,2026-09-24,18:21:52,IMPS,50333,Zomato,Kolkata,POS,No,Normal Transaction
907440,500000013,2026-06-19,04:05:42,Debit Card,66799,Flipkart,Delhi,POS,No,Normal Transaction
907441,500000164,2026-05-31,23:26:54,Credit Card,61157,IRCTC,Hyderabad,POS,No,Normal Transaction
907442,500000108,2026-05-14,07:44:19,Credit Card,8825,Reliance,Mumbai,Laptop,No,Normal Transaction
907443,500000091,2026-05-16,21:01:31,Credit Card,89761,Reliance,Delhi,POS,No,Normal Transaction
907444,500000176,2026-02-12,12:26:14,IMPS,62550,Zomato,Kolkata,ATM,No,Normal Transaction
907445,500000078,2026-11-07,21:17:48,NEFT,96797,Zomato,Hyderabad,ATM,No,Normal Transaction
907446,500000026,2026-03-21,04:29:55,Debit Card,33146,Reliance,Bengaluru,Mobile,No,Normal Transaction
907447,500000172,2026-08-02,10:41:38,Debit Card,71256,DMart,Kolkata,Laptop,No,Normal Transaction
907448,500000105,2026-02-04,02:02:05,ATM,65832,Amazon,Pune,ATM,No,Normal Transaction
907449,500000079,2026-06-02,17:13:28,Credit Card,79324,Uber,Lucknow,Laptop,No,Normal Transaction
907450,500000070,2026-11-04,16:43:01,NEFT,81944,Swiggy,Pune,Laptop,No,Normal Transaction
907451,500000061,2026-05-24,03:49:50,ATM,15158,Flipkart,Pune,POS,No,Normal Transaction
907452,500000107,2026-12-13,01:04:06,Debit Card,54829,Zomato,Lucknow,POS,No,Normal Transaction
907453,500000087,2026-09-01,23:19:48,Debit Card,57056,DMart,Hyderabad,Mobile,No,Normal Transaction
907454,500000087,2026-03-15,04:07:15,IMPS,92135,PhonePe,Bengaluru,Laptop,No,Normal Transaction
907455,500000162,2027-01-01,12:13:31,Debit Card,34924,Reliance,Lucknow,Mobile,No,Normal Transaction
907456,500000150,2026-12-16,23:51:13,Credit Card,67438,Flipkart,Bengaluru,ATM,No,Normal Transaction
907457,500000047,2026-05-15,02:55:35,Debit Card,43060,Flipkart,Mumbai,Laptop,No,Normal Transaction
907458,500000024,2026-03-15,14:18:14,UPI,93903,Zomato,Pune,POS,No,Normal Transaction
907459,500000070,2026-10-03,03:26:05,UPI,50064,Amazon,Kolkata,Laptop,No,Normal Transaction
907460,500000094,2026-05-27,16:27:19,IMPS,39304,Flipkart,Mumbai,Laptop,No,Normal Transaction
907461,500000107,2026-12-09,15:15:43,IMPS,70712,Swiggy,Hyderabad,ATM,No,Normal Transaction
907462,500000070,2026-05-20,10:17:53,RTGS,91743,Uber,Mumbai,ATM,No,Normal Transaction
907463,500000161,2026-10-14,05:52:11,NEFT,90857,Uber,Pune,ATM,No,Normal Transaction
907464,500000049,2026-07-31,11:25:35,Credit Card,73935,Flipkart,Delhi,Laptop,No,Normal Transaction
907465,500000038,2026-02-12,09:44:10,Credit Card,61219,Flipkart,Lucknow,Mobile,No,Normal Transaction
907466,500000160,2026-12-12,14:44:09,IMPS,67234,Zomato,Delhi,ATM,No,Normal Transaction
907467,500000076,2026-12-26,16:28:12,NEFT,24516,Paytm,Mumbai,ATM,No,Normal Transaction
907468,500000044,2026-09-21,09:14:56,Debit Card,29321,Swiggy,Lucknow,POS,No,Normal Transaction
907469,500000003,2026-12-31,12:41:21,RTGS,23146,Flipkart,Kolkata,Mobile,No,Normal Transaction
907470,500000146,2026-10-02,20:23:55,RTGS,63265,Amazon,Bengaluru,ATM,No,Normal Transaction
907471,500000156,2026-02-22,04:45:42,Credit Card,75540,Amazon,Bengaluru,Laptop,No,Normal Transaction
907472,500000007,2026-09-04,13:24:20,ATM,22364,Flipkart,Kolkata,ATM,No,Normal Transaction
907473,500000059,2026-12-12,02:30:46,RTGS,87057,Zomato,Hyderabad,Mobile,No,Normal Transaction
907474,500000088,2026-09-24,10:47:59,IMPS,56499,PhonePe,Lucknow,Laptop,No,Normal Transaction
907475,500000023,2026-08-16,11:41:31,NEFT,68391,Paytm,Pune,Laptop,No,Normal Transaction
907476,500000165,2026-08-24,23:11:59,Debit Card,71151,Flipkart,Pune,POS,No,Normal Transaction
907477,500000039,2026-12-16,05:52:49,Debit Card,53778,Reliance,Bengaluru,POS,No,Normal Transaction
907478,500000119,2026-09-16,11:42:58,IMPS,82152,Zomato,Delhi,ATM,No,Normal Transaction
907479,500000132,2026-07-13,03:34:04,NEFT,43272,DMart,Mumbai,ATM,No,Normal Transaction
907480,500000070,2026-09-12,22:50:02,RTGS,60479,Paytm,Lucknow,Laptop,No,Normal Transaction
907481,500000153,2026-12-07,11:11:29,Debit Card,46912,Reliance,Hyderabad,ATM,No,Normal Transaction
907482,500000152,2026-02-13,19:38:05,NEFT,32739,PhonePe,Mumbai,Mobile,No,Normal Transaction
907483,500000153,2026-10-29,13:09:16,Debit Card,83931,Zomato,Hyderabad,ATM,No,Normal Transaction
907484,500000146,2026-02-22,19:27:32,ATM,21774,PhonePe,Mumbai,Laptop,No,Normal Transaction
907485,500000072,2026-03-10,23:55:25,IMPS,91566,Reliance,Mumbai,Mobile,No,Normal Transaction
907486,500000020,2026-06-22,04:51:57,IMPS,69142,Flipkart,Mumbai,POS,No,Normal Transaction
907487,500000022,2026-11-27,15:08:55,Credit Card,35349,Amazon,Hyderabad,POS,No,Normal Transaction
907488,500000178,2026-09-21,18:00:09,Debit Card,38494,Swiggy,Hyderabad,Laptop,No,Normal Transaction
907489,500000075,2026-04-28,12:54:23,ATM,24006,Uber,Hyderabad,ATM,No,Normal Transaction
907490,500000157,2026-03-21,23:16:38,Debit Card,79383,Swiggy,Delhi,POS,No,Normal Transaction
907491,500000159,2026-03-24,06:27:18,ATM,4826,Reliance,Kolkata,Laptop,No,Normal Transaction
907492,500000051,2026-01-07,16:38:25,RTGS,31568,DMart,Pune,Mobile,No,Normal Transaction
907493,500000171,2026-12-05,19:33:31,NEFT,84238,Flipkart,Mumbai,ATM,No,Normal Transaction
907494,500000168,2026-11-05,02:36:49,Debit Card,54915,PhonePe,Mumbai,POS,No,Normal Transaction
907495,500000009,2026-03-24,03:07:39,IMPS,30000,DMart,Delhi,ATM,No,Normal Transaction
907496,500000034,2026-03-31,23:34:39,Credit Card,44467,Uber,Delhi,Mobile,No,Normal Transaction
907497,500000037,2026-12-13,09:15:18,UPI,44096,Reliance,Mumbai,ATM,No,Normal Transaction
907498,500000052,2026-08-08,14:50:42,UPI,29622,IRCTC,Delhi,Laptop,No,Normal Transaction
907499,500000082,2026-12-31,16:56:59,UPI,30375,Reliance,Pune,Mobile,No,Normal Transaction
907500,500000019,2026-08-01,04:57:59,UPI,44631,Swiggy,Delhi,Mobile,No,Normal Transaction
907501,500000120,2026-08-20,17:27:17,Debit Card,880,Flipkart,Delhi,Laptop,No,Normal Transaction
907502,500000155,2026-01-16,11:25:43,NEFT,53093,Flipkart,Hyderabad,Mobile,No,Normal Transaction
907503,500000092,2026-09-11,12:02:56,IMPS,32610,Zomato,Hyderabad,ATM,No,Normal Transaction
907504,500000081,2026-01-20,06:20:58,ATM,42460,Paytm,Hyderabad,Mobile,No,Normal Transaction
907505,500000104,2026-04-09,17:20:45,IMPS,61387,Flipkart,Mumbai,POS,No,Normal Transaction
907506,500000151,2026-11-05,10:56:34,NEFT,32656,DMart,Delhi,Mobile,No,Normal Transaction
907507,500000081,2026-02-18,13:09:39,Debit Card,83562,Paytm,Lucknow,Laptop,No,Normal Transaction
907508,500000162,2026-09-01,12:10:58,RTGS,63863,IRCTC,Mumbai,ATM,No,Normal Transaction
907509,500000073,2026-03-07,09:04:08,UPI,65880,PhonePe,Pune,ATM,No,Normal Transaction
907510,500000053,2026-10-03,16:26:18,Debit Card,91322,Zomato,Bengaluru,ATM,No,Normal Transaction
907511,500000095,2026-09-02,15:46:44,Credit Card,64499,Uber,Mumbai,Laptop,No,Normal Transaction
907512,500000010,2026-02-21,08:31:18,Credit Card,75678,Uber,Delhi,Laptop,No,Normal Transaction
907513,500000070,2026-12-06,10:52:58,ATM,12328,PhonePe,Bengaluru,ATM,No,Normal Transaction
907514,500000008,2026-01-05,07:42:47,Credit Card,87110,Zomato,Bengaluru,Mobile,No,Normal Transaction
907515,500000103,2026-11-01,03:41:08,NEFT,9329,DMart,Lucknow,ATM,No,Normal Transaction
907516,500000111,2026-09-22,20:26:09,Debit Card,59276,IRCTC,Hyderabad,ATM,No,Normal Transaction
907517,500000159,2026-02-14,00:18:23,Debit Card,33257,Reliance,Lucknow,Mobile,No,Normal Transaction
907518,500000063,2026-04-10,14:15:19,Debit Card,24425,Swiggy,Bengaluru,Laptop,No,Normal Transaction
907519,500000032,2026-12-04,12:07:56,ATM,62249,Zomato,Kolkata,Laptop,No,Normal Transaction
907520,500000036,2026-08-12,08:02:09,NEFT,73372,Flipkart,Mumbai,POS,No,Normal Transaction
907521,500000067,2026-06-12,22:54:36,ATM,23504,Amazon,Lucknow,ATM,No,Normal Transaction
907522,500000072,2026-12-20,13:41:35,RTGS,37469,Paytm,Hyderabad,POS,No,Normal Transaction
907523,500000158,2026-11-22,13:41:36,Debit Card,90209,Uber,Delhi,Laptop,No,Normal Transaction
907524,500000103,2026-07-27,01:34:56,Credit Card,54341,Zomato,Hyderabad,Laptop,No,Normal Transaction
907525,500000175,2026-09-16,21:36:28,Credit Card,67896,Zomato,Bengaluru,POS,No,Normal Transaction
907526,500000062,2026-10-10,09:38:25,Credit Card,34638,Swiggy,Pune,POS,No,Normal Transaction
907527,500000073,2026-10-26,20:44:48,Credit Card,45346,Swiggy,Bengaluru,ATM,No,Normal Transaction
907528,500000058,2026-02-15,06:35:45,NEFT,19533,Reliance,Bengaluru,ATM,No,Normal Transaction
907529,500000055,2026-01-27,08:55:58,Debit Card,55614,Reliance,Hyderabad,POS,No,Normal Transaction
907530,500000107,2026-01-02,13:39:29,IMPS,21792,Zomato,Kolkata,Mobile,No,Normal Transaction
907531,500000066,2026-04-16,07:42:36,ATM,77746,Zomato,Hyderabad,Mobile,No,Normal Transaction
907532,500000132,2026-10-15,21:52:18,Credit Card,30336,PhonePe,Mumbai,Laptop,Yes,High Amount
907533,500000142,2026-11-09,15:38:59,IMPS,88466,Paytm,Delhi,Laptop,No,Normal Transaction
907534,500000127,2026-07-25,10:43:37,UPI,49369,Uber,Mumbai,POS,No,Normal Transaction
907535,500000179,2026-01-26,14:44:11,UPI,16440,Flipkart,Hyderabad,Mobile,No,Normal Transaction
907536,500000128,2026-03-08,20:38:08,Debit Card,9071,DMart,Mumbai,ATM,No,Normal Transaction
907537,500000087,2026-06-07,17:53:14,UPI,12636,Reliance,Mumbai,ATM,No,Normal Transaction
907538,500000107,2026-03-09,11:31:25,ATM,40436,IRCTC,Pune,ATM,No,Normal Transaction
907539,500000025,2026-03-08,14:10:49,IMPS,81824,Amazon,Kolkata,Mobile,No,Normal Transaction
907540,500000169,2026-12-06,22:57:45,IMPS,1340,Paytm,Hyderabad,POS,No,Normal Transaction
907541,500000114,2026-05-31,15:38:18,NEFT,49097,Amazon,Delhi,Laptop,No,Normal Transaction
907542,500000143,2026-07-19,10:05:35,RTGS,59495,Reliance,Delhi,Mobile,No,Normal Transaction
907543,500000031,2026-08-25,12:54:28,UPI,7292,Amazon,Hyderabad,ATM,No,Normal Transaction
907544,500000122,2026-03-02,18:32:18,Credit Card,12320,Swiggy,Mumbai,POS,No,Normal Transaction
907545,500000052,2026-07-22,00:35:12,NEFT,12790,Reliance,Delhi,Laptop,No,Normal Transaction
907546,500000164,2026-05-26,08:47:22,RTGS,4049,Amazon,Bengaluru,ATM,No,Normal Transaction
907547,500000120,2026-12-16,23:25:34,ATM,57497,Swiggy,Kolkata,POS,No,Normal Transaction
907548,500000114,2026-10-28,03:54:55,Debit Card,37245,Swiggy,Bengaluru,ATM,No,Normal Transaction
907549,500000174,2026-04-07,18:58:44,ATM,11226,Uber,Mumbai,ATM,No,Normal Transaction
907550,500000154,2026-07-29,16:50:53,UPI,12500,Swiggy,Mumbai,Laptop,No,Normal Transaction
907551,500000007,2026-01-29,05:19:00,UPI,48799,PhonePe,Mumbai,Laptop,No,Normal Transaction
907552,500000175,2026-09-02,22:48:37,RTGS,90301,Paytm,Kolkata,POS,No,Normal Transaction
907553,500000160,2026-07-13,02:44:48,RTGS,96782,Reliance,Delhi,Mobile,No,Normal Transaction
907554,500000119,2026-05-20,20:38:39,Debit Card,29576,Reliance,Lucknow,POS,No,Normal Transaction
907555,500000164,2026-07-20,02:12:00,ATM,47824,Uber,Lucknow,ATM,No,Normal Transaction
907556,500000020,2026-07-18,15:11:30,Credit Card,7054,Uber,Mumbai,ATM,No,Normal Transaction
907557,500000134,2026-10-19,10:17:22,IMPS,76589,PhonePe,Hyderabad,ATM,No,Normal Transaction
907558,500000106,2026-10-16,19:55:56,IMPS,50680,DMart,Bengaluru,Mobile,No,Normal Transaction
907559,500000082,2026-08-31,23:48:41,IMPS,60596,Swiggy,Lucknow,ATM,No,Normal Transaction
907560,500000081,2026-10-24,12:44:10,RTGS,73334,IRCTC,Pune,Mobile,No,Normal Transaction
907561,500000106,2026-11-27,01:45:15,IMPS,94013,Zomato,Mumbai,Mobile,No,Normal Transaction
907562,500000131,2026-10-21,11:50:31,IMPS,71838,Flipkart,Pune,ATM,No,Normal Transaction
907563,500000137,2026-05-30,05:53:12,Credit Card,15158,DMart,Bengaluru,Mobile,No,Normal Transaction
907564,500000076,2026-10-08,01:54:35,NEFT,62857,Reliance,Pune,POS,No,Normal Transaction
907565,500000111,2026-06-04,13:12:11,NEFT,36447,Reliance,Delhi,Laptop,No,Normal Transaction
907566,500000008,2026-11-30,15:50:19,NEFT,53525,DMart,Delhi,ATM,No,Normal Transaction
907567,500000166,2026-06-15,03:08:07,IMPS,7705,Flipkart,Kolkata,Mobile,No,Normal Transaction
907568,500000055,2026-08-29,02:00:46,Debit Card,58354,Paytm,Delhi,POS,No,Normal Transaction
907569,500000022,2026-04-10,00:46:49,IMPS,10333,Swiggy,Pune,POS,No,Normal Transaction
907570,500000061,2026-04-12,00:07:40,Credit Card,20732,PhonePe,Kolkata,Laptop,No,Normal Transaction
907571,500000134,2026-06-02,22:04:48,Debit Card,91792,Amazon,Hyderabad,ATM,No,Normal Transaction
907572,500000032,2026-05-10,12:59:28,ATM,33625,Uber,Kolkata,POS,No,Normal Transaction
907573,500000017,2026-12-01,09:55:40,UPI,39349,Flipkart,Mumbai,ATM,No,Normal Transaction
907574,500000128,2026-12-05,02:25:33,RTGS,45634,PhonePe,Lucknow,Laptop,No,Normal Transaction
907575,500000041,2026-03-20,11:13:02,ATM,90336,Uber,Delhi,Laptop,No,Normal Transaction
907576,500000095,2026-04-23,14:13:52,NEFT,1787,Uber,Delhi,POS,No,Normal Transaction
907577,500000130,2026-01-26,18:06:13,UPI,10443,Swiggy,Mumbai,Mobile,No,Normal Transaction
907578,500000006,2026-12-28,07:39:13,IMPS,92018,DMart,Mumbai,Laptop,No,Normal Transaction
907579,500000115,2026-03-01,16:17:46,RTGS,93924,PhonePe,Kolkata,Mobile,No,Normal Transaction
907580,500000164,2026-07-31,17:35:15,RTGS,5819,Paytm,Mumbai,POS,No,Normal Transaction
907581,500000008,2026-07-23,03:29:13,Debit Card,7782,Reliance,Kolkata,Mobile,No,Normal Transaction
907582,500000021,2026-12-06,21:34:39,ATM,90328,Swiggy,Pune,POS,No,Normal Transaction
907583,500000071,2026-09-18,10:01:59,NEFT,82099,DMart,Delhi,Laptop,No,Normal Transaction
907584,500000030,2026-08-23,23:52:39,Debit Card,66838,Zomato,Mumbai,Laptop,No,Normal Transaction
907585,500000036,2026-03-15,16:11:28,NEFT,30790,IRCTC,Hyderabad,ATM,No,Normal Transaction
907586,500000044,2026-05-25,16:06:39,UPI,81777,Paytm,Mumbai,Mobile,No,Normal Transaction
907587,500000115,2026-05-18,05:39:56,NEFT,63855,Uber,Pune,Laptop,No,Normal Transaction
907588,500000050,2026-08-09,17:12:58,IMPS,61311,Amazon,Pune,Mobile,No,Normal Transaction
907589,500000038,2026-07-26,19:38:24,Credit Card,79307,DMart,Bengaluru,Laptop,No,Normal Transaction
907590,500000063,2026-01-17,12:24:03,Credit Card,8149,DMart,Pune,ATM,No,Normal Transaction
907591,500000045,2026-06-13,16:48:18,NEFT,54935,Amazon,Bengaluru,ATM,No,Normal Transaction
907592,500000057,2026-09-04,17:08:25,NEFT,7041,Reliance,Hyderabad,ATM,No,Normal Transaction
907593,500000141,2026-04-12,19:55:29,IMPS,90616,Reliance,Hyderabad,POS,No,Normal Transaction
907594,500000045,2026-10-29,07:48:49,Credit Card,78493,IRCTC,Hyderabad,POS,No,Normal Transaction
907595,500000158,2026-03-11,17:24:27,IMPS,99480,DMart,Hyderabad,ATM,No,Normal Transaction
907596,500000177,2026-06-23,02:10:19,Credit Card,96957,PhonePe,Hyderabad,Laptop,No,Normal Transaction
907597,500000165,2026-08-19,16:23:55,Credit Card,18097,Swiggy,Kolkata,Laptop,Yes,High Amount
907598,500000147,2026-01-08,20:24:15,UPI,87172,DMart,Lucknow,Laptop,No,Normal Transaction
907599,500000155,2026-03-02,15:11:53,Credit Card,69767,IRCTC,Bengaluru,POS,No,Normal Transaction
907600,500000138,2026-11-03,21:59:59,NEFT,82430,Swiggy,Lucknow,Laptop,No,Normal Transaction
907601,500000179,2026-02-01,06:09:02,IMPS,55186,Amazon,Kolkata,Mobile,No,Normal Transaction
907602,500000150,2026-10-09,05:14:37,ATM,55718,Paytm,Lucknow,Laptop,No,Normal Transaction
907603,500000146,2026-01-06,01:19:51,UPI,7343,Swiggy,Bengaluru,POS,No,Normal Transaction
907604,500000171,2026-11-27,08:31:44,ATM,64653,DMart,Hyderabad,Mobile,Yes,High Amount
907605,500000112,2026-11-02,08:10:12,Credit Card,61194,Zomato,Bengaluru,ATM,No,Normal Transaction
907606,500000137,2026-03-02,01:57:39,IMPS,91139,Swiggy,Delhi,POS,No,Normal Transaction
907607,500000150,2026-08-29,20:03:51,Credit Card,39293,Amazon,Kolkata,Laptop,No,Normal Transaction
907608,500000075,2026-06-10,21:40:03,Credit Card,52780,Paytm,Kolkata,Laptop,No,Normal Transaction
907609,500000097,2026-03-24,14:15:06,RTGS,10691,Zomato,Kolkata,POS,No,Normal Transaction
907610,500000022,2026-11-19,09:56:13,Credit Card,53284,Amazon,Bengaluru,ATM,No,Normal Transaction
907611,500000069,2026-12-23,07:07:32,IMPS,30835,Zomato,Delhi,Laptop,No,Normal Transaction
907612,500000072,2026-01-23,19:52:34,UPI,7868,Zomato,Lucknow,Laptop,No,Normal Transaction
907613,500000053,2026-08-10,00:37:44,IMPS,34203,Swiggy,Pune,Mobile,No,Normal Transaction
907614,500000180,2026-12-17,21:32:08,RTGS,94529,Amazon,Pune,Mobile,No,Normal Transaction
907615,500000161,2026-07-12,11:24:41,ATM,44337,DMart,Bengaluru,Laptop,No,Normal Transaction
907616,500000180,2026-09-12,22:19:15,UPI,13046,PhonePe,Bengaluru,POS,No,Normal Transaction
907617,500000087,2026-11-30,20:49:41,UPI,8377,Paytm,Mumbai,Laptop,No,Normal Transaction
907618,500000008,2026-01-26,22:12:10,IMPS,95900,IRCTC,Kolkata,Laptop,No,Normal Transaction
907619,500000137,2026-04-25,00:11:12,ATM,46476,Reliance,Mumbai,ATM,No,Normal Transaction
907620,500000176,2026-08-18,23:26:25,IMPS,63865,Zomato,Delhi,Laptop,No,Normal Transaction
907621,500000002,2026-05-04,11:35:24,IMPS,85492,Amazon,Hyderabad,Mobile,No,Normal Transaction
907622,500000082,2026-12-26,07:40:23,Debit Card,23335,Flipkart,Bengaluru,ATM,No,Normal Transaction
907623,500000049,2026-05-02,05:42:28,IMPS,80630,IRCTC,Bengaluru,Laptop,No,Normal Transaction
907624,500000161,2026-07-19,02:33:29,Debit Card,94794,IRCTC,Mumbai,POS,No,Normal Transaction
907625,500000038,2026-09-20,02:17:40,IMPS,89550,Zomato,Pune,POS,No,Normal Transaction
907626,500000108,2026-12-15,11:50:06,ATM,474,DMart,Kolkata,POS,No,Normal Transaction
907627,500000170,2026-08-23,02:23:45,NEFT,75783,DMart,Mumbai,Laptop,No,Normal Transaction
907628,500000012,2026-05-22,23:08:10,RTGS,93186,Uber,Mumbai,Laptop,No,Normal Transaction
907629,500000172,2026-04-14,04:36:50,NEFT,52223,IRCTC,Bengaluru,Laptop,No,Normal Transaction
907630,500000164,2026-12-02,00:06:29,UPI,49121,Flipkart,Pune,Laptop,No,Normal Transaction
907631,500000042,2026-08-11,20:11:41,NEFT,93427,Amazon,Kolkata,ATM,No,Normal Transaction
907632,500000077,2026-05-25,01:24:59,UPI,43393,DMart,Lucknow,Laptop,No,Normal Transaction
907633,500000108,2026-03-29,22:54:04,ATM,83065,Uber,Lucknow,POS,No,Normal Transaction
907634,500000097,2026-01-19,03:16:45,IMPS,94311,Reliance,Pune,POS,No,Normal Transaction
907635,500000042,2026-10-09,03:30:44,Debit Card,338,Reliance,Mumbai,ATM,No,Normal Transaction
907636,500000023,2026-03-26,05:54:10,ATM,23615,Uber,Hyderabad,Laptop,No,Normal Transaction
907637,500000167,2026-07-01,02:47:52,Debit Card,13614,Amazon,Bengaluru,POS,No,Normal Transaction
907638,500000011,2026-05-30,12:38:40,Credit Card,53815,Amazon,Lucknow,Laptop,No,Normal Transaction
907639,500000020,2026-01-22,06:44:31,RTGS,61346,Uber,Delhi,ATM,No,Normal Transaction
907640,500000037,2026-12-16,22:32:48,NEFT,8350,IRCTC,Kolkata,Mobile,No,Normal Transaction
907641,500000036,2026-09-28,03:34:56,NEFT,57082,DMart,Bengaluru,Mobile,No,Normal Transaction
907642,500000049,2026-03-31,12:26:44,Debit Card,18138,DMart,Delhi,Laptop,No,Normal Transaction
907643,500000080,2026-10-10,09:38:11,RTGS,57037,Flipkart,Lucknow,ATM,No,Normal Transaction
907644,500000157,2026-04-07,18:26:11,UPI,4240,Uber,Hyderabad,POS,No,Normal Transaction
907645,500000056,2026-06-10,06:08:08,RTGS,20628,Amazon,Bengaluru,Mobile,No,Normal Transaction
907646,500000171,2026-02-25,22:01:01,UPI,55903,Flipkart,Bengaluru,Mobile,No,Normal Transaction
907647,500000016,2026-04-12,07:07:52,Credit Card,55602,Amazon,Kolkata,POS,No,Normal Transaction
907648,500000004,2026-12-21,00:22:01,IMPS,15728,Flipkart,Delhi,ATM,No,Normal Transaction
907649,500000031,2026-02-11,11:27:31,NEFT,74196,DMart,Pune,Laptop,No,Normal Transaction
907650,500000009,2026-09-24,09:33:44,Debit Card,86600,Uber,Hyderabad,Mobile,No,Normal Transaction
907651,500000012,2026-04-25,06:18:36,NEFT,97854,IRCTC,Mumbai,Laptop,No,Normal Transaction
907652,500000083,2026-02-15,01:36:58,UPI,18381,Swiggy,Bengaluru,ATM,No,Normal Transaction
907653,500000096,2026-01-28,07:22:20,NEFT,20233,PhonePe,Pune,Laptop,No,Normal Transaction
907654,500000057,2026-09-10,03:55:30,IMPS,54207,Amazon,Mumbai,ATM,No,Normal Transaction
907655,500000160,2026-11-08,05:39:00,Debit Card,50107,Reliance,Mumbai,POS,No,Normal Transaction
907656,500000152,2026-02-03,14:06:50,NEFT,95434,Zomato,Bengaluru,Mobile,Yes,High Amount
907657,500000130,2026-02-24,00:17:38,Credit Card,90787,Flipkart,Kolkata,POS,No,Normal Transaction
907658,500000154,2026-07-06,21:14:41,IMPS,59597,DMart,Delhi,ATM,No,Normal Transaction
907659,500000179,2026-03-28,18:23:18,NEFT,42388,Paytm,Mumbai,ATM,No,Normal Transaction
907660,500000092,2026-04-10,12:52:48,Debit Card,18255,Swiggy,Kolkata,ATM,No,Normal Transaction
907661,500000167,2026-02-22,21:36:21,UPI,99134,Reliance,Delhi,Laptop,No,Normal Transaction
907662,500000031,2026-01-12,14:16:27,Credit Card,7042,Amazon,Kolkata,Mobile,Yes,Different City
907663,500000023,2026-05-21,14:16:41,ATM,45371,Reliance,Lucknow,POS,No,Normal Transaction
907664,500000132,2026-03-04,05:17:41,NEFT,73314,Zomato,Lucknow,POS,No,Normal Transaction
907665,500000031,2026-10-14,23:24:04,ATM,49896,PhonePe,Bengaluru,POS,No,Normal Transaction
907666,500000061,2026-07-18,16:41:55,ATM,39988,Flipkart,Kolkata,Mobile,No,Normal Transaction
907667,500000084,2026-05-10,07:30:54,Credit Card,63768,IRCTC,Delhi,ATM,No,Normal Transaction
907668,500000028,2026-01-08,06:18:03,UPI,8866,Zomato,Lucknow,Mobile,No,Normal Transaction
907669,500000147,2026-03-03,04:03:07,ATM,40651,Zomato,Bengaluru,Laptop,No,Normal Transaction
907670,500000097,2026-08-10,23:36:22,Credit Card,47816,Flipkart,Kolkata,Mobile,No,Normal Transaction
907671,500000111,2026-09-05,03:54:05,UPI,47355,Paytm,Mumbai,Laptop,No,Normal Transaction
907672,500000118,2026-04-13,10:02:59,Credit Card,50059,Flipkart,Delhi,POS,Yes,Multiple Transactions
907673,500000116,2026-12-25,00:57:57,ATM,85519,Paytm,Mumbai,ATM,No,Normal Transaction
907674,500000008,2026-05-26,13:13:16,IMPS,29836,Zomato,Delhi,POS,No,Normal Transaction
907675,500000128,2026-02-13,07:39:49,Debit Card,93549,Reliance,Kolkata,Laptop,No,Normal Transaction
907676,500000114,2026-10-27,07:21:20,Debit Card,8013,Zomato,Kolkata,POS,No,Normal Transaction
907677,500000027,2026-05-17,10:48:20,Debit Card,33110,Uber,Bengaluru,ATM,No,Normal Transaction
907678,500000120,2026-02-13,10:35:50,UPI,99457,Amazon,Hyderabad,ATM,No,Normal Transaction
907679,500000134,2026-03-19,23:38:54,UPI,23513,Swiggy,Delhi,Laptop,No,Normal Transaction
907680,500000133,2026-07-26,09:15:15,UPI,91396,IRCTC,Delhi,ATM,No,Normal Transaction
907681,500000167,2026-09-29,03:33:59,ATM,50861,Reliance,Bengaluru,ATM,Yes,High Amount
907682,500000102,2026-03-14,16:49:03,Credit Card,46820,Uber,Bengaluru,ATM,Yes,Different City
907683,500000179,2026-03-06,17:07:01,Credit Card,50818,Flipkart,Hyderabad,Mobile,No,Normal Transaction
907684,500000159,2026-03-22,20:39:21,Credit Card,11806,Flipkart,Mumbai,ATM,No,Normal Transaction
907685,500000158,2026-06-22,14:06:01,RTGS,41357,PhonePe,Bengaluru,Mobile,No,Normal Transaction
907686,500000051,2026-07-14,23:50:40,NEFT,64311,Uber,Hyderabad,Laptop,No,Normal Transaction
907687,500000175,2026-11-05,16:02:52,Credit Card,95526,IRCTC,Mumbai,Laptop,No,Normal Transaction
907688,500000108,2026-05-29,19:49:20,Credit Card,59573,Paytm,Lucknow,Mobile,No,Normal Transaction
907689,500000029,2026-04-01,10:07:06,UPI,92254,Zomato,Hyderabad,ATM,No,Normal Transaction
907690,500000056,2026-02-04,00:50:14,UPI,68993,Reliance,Lucknow,ATM,No,Normal Transaction
907691,500000014,2026-03-27,17:40:50,NEFT,63899,Uber,Delhi,POS,No,Normal Transaction
907692,500000176,2026-09-30,19:04:04,Credit Card,21332,Swiggy,Delhi,Laptop,No,Normal Transaction
907693,500000023,2026-08-25,10:18:59,IMPS,21942,IRCTC,Bengaluru,POS,Yes,Different City
907694,500000180,2026-10-15,11:16:59,UPI,40549,Flipkart,Mumbai,ATM,No,Normal Transaction
907695,500000013,2026-08-02,21:07:13,UPI,95377,Paytm,Delhi,Mobile,Yes,Multiple Transactions
907696,500000023,2026-03-20,16:04:01,Debit Card,37811,Zomato,Delhi,POS,No,Normal Transaction
907697,500000150,2026-07-29,01:25:09,Debit Card,62989,Reliance,Lucknow,ATM,No,Normal Transaction
907698,500000172,2026-10-16,20:16:38,ATM,36743,Zomato,Hyderabad,ATM,No,Normal Transaction
907699,500000080,2026-05-30,22:48:48,Credit Card,70727,Paytm,Bengaluru,Laptop,No,Normal Transaction
907700,500000168,2026-03-29,04:09:12,UPI,69867,PhonePe,Hyderabad,Laptop,No,Normal Transaction
907701,500000053,2026-05-29,15:48:44,Credit Card,16948,Reliance,Delhi,POS,No,Normal Transaction
907702,500000099,2026-03-23,05:54:33,IMPS,19147,Flipkart,Delhi,POS,No,Normal Transaction
907703,500000050,2026-06-14,20:56:09,ATM,43273,PhonePe,Bengaluru,Mobile,No,Normal Transaction
907704,500000073,2026-01-09,11:20:56,ATM,34168,Zomato,Bengaluru,Mobile,No,Normal Transaction
907705,500000073,2026-02-08,01:16:20,UPI,26814,PhonePe,Kolkata,POS,No,Normal Transaction
907706,500000083,2026-04-27,16:26:18,ATM,63246,Uber,Lucknow,Mobile,No,Normal Transaction
907707,500000076,2026-02-08,02:50:27,Credit Card,62069,Amazon,Delhi,Laptop,No,Normal Transaction
907708,500000036,2026-10-22,11:45:56,NEFT,60864,Paytm,Pune,Laptop,No,Normal Transaction
907709,500000069,2026-06-18,23:35:48,RTGS,49538,Swiggy,Kolkata,ATM,No,Normal Transaction
907710,500000130,2026-07-18,19:01:50,RTGS,32233,Paytm,Hyderabad,POS,No,Normal Transaction
907711,500000001,2026-10-02,04:46:12,UPI,98705,Paytm,Kolkata,Mobile,No,Normal Transaction
907712,500000035,2026-01-21,16:41:24,IMPS,98054,Amazon,Kolkata,ATM,No,Normal Transaction
907713,500000081,2026-12-16,09:29:05,Debit Card,31746,DMart,Mumbai,POS,No,Normal Transaction
907714,500000005,2026-07-11,14:17:17,UPI,88380,Paytm,Lucknow,Laptop,No,Normal Transaction
907715,500000058,2026-09-16,16:39:26,IMPS,60580,DMart,Kolkata,ATM,No,Normal Transaction
907716,500000088,2026-05-28,10:48:32,UPI,33927,Uber,Bengaluru,ATM,No,Normal Transaction
907717,500000043,2026-04-01,06:12:51,Credit Card,30558,PhonePe,Bengaluru,POS,No,Normal Transaction
907718,500000018,2026-06-14,05:02:59,ATM,37623,Zomato,Hyderabad,Laptop,No,Normal Transaction
907719,500000101,2026-03-26,09:34:25,Debit Card,52306,IRCTC,Bengaluru,Mobile,No,Normal Transaction
907720,500000064,2026-12-08,14:14:52,Debit Card,91460,Flipkart,Mumbai,Laptop,No,Normal Transaction
907721,500000096,2026-02-02,08:40:20,Debit Card,44077,PhonePe,Pune,POS,No,Normal Transaction
907722,500000020,2026-10-12,11:34:43,UPI,46943,PhonePe,Pune,Laptop,No,Normal Transaction
907723,500000104,2026-09-03,12:55:21,IMPS,5138,IRCTC,Pune,ATM,No,Normal Transaction
907724,500000051,2026-12-18,13:56:21,Debit Card,35927,Amazon,Hyderabad,ATM,No,Normal Transaction
907725,500000180,2026-06-05,12:29:57,IMPS,33581,Zomato,Bengaluru,Mobile,No,Normal Transaction
907726,500000074,2026-06-06,10:29:56,NEFT,25351,Reliance,Mumbai,Laptop,No,Normal Transaction
907727,500000055,2026-01-23,02:03:13,UPI,62298,Zomato,Mumbai,Laptop,No,Normal Transaction
907728,500000045,2026-05-15,10:32:12,Debit Card,82506,Zomato,Kolkata,POS,No,Normal Transaction
907729,500000163,2026-01-27,08:01:59,UPI,38975,Reliance,Kolkata,ATM,No,Normal Transaction
907730,500000080,2026-12-10,23:58:50,IMPS,15760,Amazon,Mumbai,Mobile,No,Normal Transaction
907731,500000034,2026-12-11,06:21:08,ATM,16690,IRCTC,Bengaluru,Mobile,No,Normal Transaction
907732,500000016,2026-08-18,23:07:28,IMPS,86788,PhonePe,Delhi,POS,No,Normal Transaction
907733,500000178,2026-06-02,05:06:12,RTGS,71169,Paytm,Lucknow,POS,Yes,High Amount
907734,500000134,2026-06-03,13:44:35,RTGS,11266,IRCTC,Bengaluru,POS,No,Normal Transaction
907735,500000119,2026-04-30,13:26:05,Credit Card,37928,IRCTC,Bengaluru,ATM,No,Normal Transaction
907736,500000077,2026-05-05,14:20:13,UPI,4293,Amazon,Bengaluru,POS,No,Normal Transaction
907737,500000134,2026-10-20,12:36:52,UPI,982,Uber,Kolkata,POS,No,Normal Transaction
907738,500000078,2026-11-22,01:38:33,Debit Card,57295,Flipkart,Hyderabad,ATM,No,Normal Transaction
907739,500000001,2026-09-11,07:00:06,NEFT,98010,DMart,Pune,Laptop,No,Normal Transaction
907740,500000163,2026-07-19,04:09:10,UPI,54495,DMart,Lucknow,Mobile,No,Normal Transaction
907741,500000163,2026-07-12,08:46:21,UPI,20073,DMart,Bengaluru,Laptop,Yes,High Amount
907742,500000046,2026-08-26,18:01:28,Debit Card,76928,PhonePe,Pune,POS,No,Normal Transaction
907743,500000072,2026-05-17,08:26:39,UPI,84656,Amazon,Mumbai,ATM,No,Normal Transaction
907744,500000112,2026-06-11,08:35:38,RTGS,30079,Zomato,Hyderabad,ATM,No,Normal Transaction
907745,500000004,2026-06-02,12:19:11,NEFT,2684,Amazon,Kolkata,Mobile,No,Normal Transaction
907746,500000045,2026-05-10,22:13:03,NEFT,64449,Paytm,Bengaluru,Laptop,No,Normal Transaction
907747,500000109,2026-07-06,09:33:10,ATM,8548,PhonePe,Mumbai,Laptop,No,Normal Transaction
907748,500000113,2026-12-08,11:50:13,ATM,89663,Swiggy,Bengaluru,ATM,No,Normal Transaction
907749,500000010,2026-04-22,04:50:21,UPI,11723,DMart,Mumbai,Laptop,No,Normal Transaction
907750,500000031,2026-12-25,13:47:04,Credit Card,5852,IRCTC,Kolkata,Laptop,No,Normal Transaction
907751,500000083,2026-06-14,06:06:46,ATM,79386,Uber,Bengaluru,Laptop,No,Normal Transaction
907752,500000025,2026-08-17,22:13:01,RTGS,64066,Swiggy,Delhi,ATM,No,Normal Transaction
907753,500000016,2026-03-20,05:51:44,UPI,4965,Paytm,Hyderabad,POS,Yes,Midnight Transaction
907754,500000004,2026-01-09,13:03:28,RTGS,73964,IRCTC,Delhi,Mobile,No,Normal Transaction
907755,500000103,2026-03-11,07:26:02,ATM,87728,DMart,Pune,POS,No,Normal Transaction
907756,500000080,2026-08-22,10:58:31,ATM,26533,Uber,Delhi,Mobile,No,Normal Transaction
907757,500000067,2026-03-31,04:44:43,NEFT,98032,DMart,Bengaluru,ATM,No,Normal Transaction
907758,500000122,2026-08-10,13:08:50,UPI,30019,Reliance,Lucknow,Laptop,No,Normal Transaction
907759,500000113,2026-11-16,00:49:23,ATM,62061,Uber,Mumbai,Laptop,No,Normal Transaction
907760,500000085,2026-04-17,11:01:38,Debit Card,37663,PhonePe,Delhi,Laptop,No,Normal Transaction
907761,500000152,2026-03-30,15:14:11,Credit Card,71673,Reliance,Pune,POS,No,Normal Transaction
907762,500000015,2026-02-12,16:11:37,Credit Card,15324,Swiggy,Hyderabad,POS,No,Normal Transaction
907763,500000081,2026-11-05,22:48:22,Credit Card,25625,Paytm,Bengaluru,ATM,No,Normal Transaction
907764,500000163,2026-09-01,09:16:20,IMPS,74571,Swiggy,Bengaluru,Mobile,No,Normal Transaction
907765,500000169,2026-03-06,06:27:53,UPI,36897,Zomato,Bengaluru,POS,No,Normal Transaction
907766,500000167,2026-04-20,16:19:01,Debit Card,21331,Uber,Mumbai,Mobile,No,Normal Transaction
907767,500000093,2026-01-05,20:50:22,NEFT,90425,DMart,Lucknow,Mobile,No,Normal Transaction
907768,500000121,2026-06-08,02:21:45,Debit Card,54710,Uber,Pune,POS,No,Normal Transaction
907769,500000172,2026-09-30,09:58:24,NEFT,51993,Uber,Bengaluru,Mobile,No,Normal Transaction
907770,500000091,2026-10-01,23:53:16,UPI,26483,IRCTC,Bengaluru,Mobile,No,Normal Transaction
907771,500000180,2026-02-23,11:47:53,NEFT,10824,Flipkart,Bengaluru,POS,No,Normal Transaction
907772,500000032,2026-05-07,04:00:28,Credit Card,42635,Reliance,Pune,POS,No,Normal Transaction
907773,500000043,2026-09-13,05:03:17,NEFT,16900,Flipkart,Hyderabad,ATM,No,Normal Transaction
907774,500000037,2026-12-07,20:00:14,ATM,46009,Amazon,Pune,Mobile,No,Normal Transaction
907775,500000061,2026-08-15,10:38:48,IMPS,90122,Uber,Pune,Mobile,No,Normal Transaction
907776,500000145,2026-12-07,05:32:16,IMPS,77551,IRCTC,Kolkata,POS,No,Normal Transaction
907777,500000157,2026-09-28,01:55:14,NEFT,57384,Swiggy,Delhi,POS,No,Normal Transaction
907778,500000086,2026-11-21,19:34:06,NEFT,90043,Zomato,Delhi,Mobile,No,Normal Transaction
907779,500000164,2026-07-20,16:43:38,RTGS,98736,Swiggy,Mumbai,Mobile,No,Normal Transaction
907780,500000167,2026-06-19,00:39:31,ATM,8841,Zomato,Delhi,Laptop,No,Normal Transaction
907781,500000092,2026-03-19,10:34:25,Debit Card,96197,DMart,Bengaluru,Laptop,No,Normal Transaction
907782,500000057,2026-07-30,13:32:06,Credit Card,41910,Flipkart,Bengaluru,POS,No,Normal Transaction
907783,500000021,2026-01-14,20:02:24,NEFT,74807,Flipkart,Hyderabad,ATM,No,Normal Transaction
907784,500000094,2026-12-19,10:14:17,NEFT,29072,IRCTC,Lucknow,ATM,Yes,Multiple Transactions
907785,500000098,2026-10-03,14:24:11,UPI,73529,Amazon,Delhi,Mobile,No,Normal Transaction
907786,500000042,2026-12-19,07:01:32,ATM,206,IRCTC,Kolkata,Mobile,No,Normal Transaction
907787,500000160,2026-06-04,14:26:55,NEFT,46381,Uber,Mumbai,Laptop,No,Normal Transaction
907788,500000163,2026-09-20,16:13:55,IMPS,19476,Uber,Hyderabad,POS,No,Normal Transaction
907789,500000073,2026-11-14,17:09:18,ATM,9251,Swiggy,Delhi,POS,No,Normal Transaction
907790,500000030,2026-09-14,21:17:12,ATM,17100,Paytm,Bengaluru,Laptop,No,Normal Transaction
907791,500000171,2026-03-16,03:15:21,ATM,3568,Flipkart,Bengaluru,POS,No,Normal Transaction
907792,500000001,2026-05-21,00:46:44,ATM,38363,Uber,Hyderabad,POS,No,Normal Transaction
907793,500000151,2026-09-25,21:24:28,Credit Card,22628,IRCTC,Bengaluru,ATM,No,Normal Transaction
907794,500000119,2026-03-30,07:47:26,IMPS,3582,Reliance,Mumbai,Mobile,No,Normal Transaction
907795,500000071,2026-10-24,15:14:13,UPI,50142,PhonePe,Hyderabad,Laptop,No,Normal Transaction
907796,500000179,2026-01-09,20:51:35,Debit Card,99628,Amazon,Delhi,POS,No,Normal Transaction
907797,500000008,2026-04-22,18:15:50,IMPS,50488,Amazon,Delhi,POS,No,Normal Transaction
907798,500000108,2026-09-30,00:22:29,RTGS,50743,IRCTC,Bengaluru,POS,No,Normal Transaction
907799,500000056,2026-10-26,03:24:22,RTGS,19566,Flipkart,Pune,ATM,No,Normal Transaction
907800,500000109,2026-08-27,19:02:32,Credit Card,2147,IRCTC,Hyderabad,POS,No,Normal Transaction
907801,500000010,2026-01-13,16:19:44,ATM,41528,Swiggy,Lucknow,ATM,No,Normal Transaction
907802,500000022,2026-05-16,05:15:52,Debit Card,16535,IRCTC,Mumbai,ATM,No,Normal Transaction
907803,500000152,2026-11-18,21:47:31,ATM,63541,Flipkart,Hyderabad,POS,No,Normal Transaction
907804,500000101,2026-06-27,00:53:56,Credit Card,49541,Paytm,Pune,ATM,No,Normal Transaction
907805,500000014,2026-04-30,17:59:40,IMPS,52334,Amazon,Mumbai,ATM,No,Normal Transaction
907806,500000172,2026-06-19,16:11:39,NEFT,35311,IRCTC,Hyderabad,POS,No,Normal Transaction
907807,500000022,2026-10-05,13:20:41,ATM,80433,Paytm,Hyderabad,Mobile,No,Normal Transaction
907808,500000123,2026-03-05,05:35:51,ATM,62580,Flipkart,Pune,Mobile,No,Normal Transaction
907809,500000086,2026-01-27,10:45:18,NEFT,47048,IRCTC,Hyderabad,Mobile,No,Normal Transaction
907810,500000024,2026-12-20,20:56:22,Credit Card,69846,DMart,Kolkata,Laptop,No,Normal Transaction
907811,500000152,2026-07-18,09:21:26,RTGS,3434,Swiggy,Mumbai,POS,No,Normal Transaction
907812,500000022,2026-01-17,22:39:40,Debit Card,81512,PhonePe,Lucknow,ATM,No,Normal Transaction
907813,500000021,2026-12-21,12:51:57,UPI,57122,IRCTC,Bengaluru,POS,No,Normal Transaction
907814,500000135,2026-03-01,10:31:47,NEFT,40906,Flipkart,Lucknow,ATM,No,Normal Transaction
907815,500000014,2026-07-25,06:19:59,NEFT,71710,Swiggy,Mumbai,POS,No,Normal Transaction
907816,500000163,2026-02-22,01:23:25,NEFT,16657,Swiggy,Mumbai,Mobile,Yes,High Amount
907817,500000006,2026-02-07,05:27:05,RTGS,83364,PhonePe,Kolkata,ATM,No,Normal Transaction
907818,500000002,2026-09-13,22:51:32,NEFT,52901,Uber,Bengaluru,POS,No,Normal Transaction
907819,500000043,2026-04-14,17:17:31,ATM,47347,Swiggy,Hyderabad,POS,No,Normal Transaction
907820,500000129,2026-07-20,19:05:45,IMPS,7014,PhonePe,Kolkata,Mobile,No,Normal Transaction
907821,500000157,2026-07-01,22:07:39,NEFT,49854,Zomato,Mumbai,ATM,No,Normal Transaction
907822,500000162,2026-02-19,07:06:39,NEFT,44179,Reliance,Mumbai,Mobile,No,Normal Transaction
907823,500000023,2026-04-20,07:17:58,NEFT,5166,DMart,Delhi,Mobile,No,Normal Transaction
907824,500000016,2026-04-24,03:06:49,UPI,89396,Swiggy,Lucknow,POS,No,Normal Transaction
907825,500000141,2026-10-26,02:32:47,NEFT,85090,Swiggy,Hyderabad,Laptop,No,Normal Transaction
907826,500000021,2026-02-21,03:24:52,Debit Card,35185,Amazon,Bengaluru,Mobile,No,Normal Transaction
907827,500000011,2026-10-29,11:23:40,Debit Card,80701,Zomato,Delhi,POS,No,Normal Transaction
907828,500000116,2026-07-16,02:40:02,NEFT,27092,Flipkart,Pune,Mobile,No,Normal Transaction
907829,500000007,2026-07-20,00:07:42,ATM,21459,Reliance,Mumbai,POS,No,Normal Transaction
907830,500000070,2026-12-21,05:50:03,UPI,87535,Zomato,Hyderabad,POS,No,Normal Transaction
907831,500000005,2026-12-11,03:42:50,NEFT,16903,Paytm,Kolkata,Mobile,No,Normal Transaction
907832,500000074,2026-06-20,10:50:41,Debit Card,7815,Reliance,Delhi,Mobile,No,Normal Transaction
907833,500000095,2026-11-14,02:50:16,NEFT,7570,DMart,Mumbai,Mobile,No,Normal Transaction
907834,500000060,2026-09-20,02:11:04,ATM,3323,Swiggy,Lucknow,Mobile,No,Normal Transaction
907835,500000163,2026-10-25,08:13:57,NEFT,25182,Flipkart,Pune,Mobile,No,Normal Transaction
907836,500000002,2026-12-21,01:36:08,NEFT,61369,Uber,Bengaluru,POS,No,Normal Transaction
907837,500000166,2026-10-24,06:30:59,NEFT,36923,Amazon,Mumbai,Mobile,No,Normal Transaction
907838,500000159,2026-02-04,16:19:35,Debit Card,31255,Zomato,Mumbai,Laptop,No,Normal Transaction
907839,500000127,2026-01-25,02:22:59,IMPS,1784,Uber,Mumbai,POS,No,Normal Transaction
907840,500000050,2026-09-08,00:56:25,IMPS,51593,Amazon,Kolkata,Laptop,No,Normal Transaction
907841,500000103,2026-11-04,22:46:16,Debit Card,66404,Swiggy,Delhi,POS,No,Normal Transaction
907842,500000116,2026-07-26,21:11:26,IMPS,99542,Zomato,Kolkata,POS,No,Normal Transaction
907843,500000120,2026-05-07,10:52:31,UPI,80528,Zomato,Kolkata,Laptop,No,Normal Transaction
907844,500000142,2026-11-09,20:45:18,Credit Card,36345,Flipkart,Bengaluru,Mobile,No,Normal Transaction
907845,500000061,2026-05-02,10:21:53,UPI,55061,Reliance,Lucknow,ATM,Yes,Different City
907846,500000119,2026-06-24,14:34:02,IMPS,67852,IRCTC,Pune,POS,No,Normal Transaction
907847,500000065,2026-06-13,03:43:58,Credit Card,45542,DMart,Bengaluru,Mobile,No,Normal Transaction
907848,500000177,2026-04-18,15:04:29,ATM,62138,DMart,Kolkata,Laptop,No,Normal Transaction
907849,500000059,2026-02-12,16:38:28,Credit Card,64326,DMart,Lucknow,ATM,No,Normal Transaction
907850,500000124,2026-10-26,23:00:16,IMPS,50530,IRCTC,Hyderabad,Mobile,No,Normal Transaction
907851,500000178,2026-07-09,12:49:48,Credit Card,51653,Swiggy,Lucknow,Mobile,No,Normal Transaction
907852,500000112,2026-08-09,00:02:05,RTGS,10762,Reliance,Hyderabad,ATM,No,Normal Transaction
907853,500000074,2026-01-04,16:13:13,IMPS,63845,Uber,Delhi,Laptop,No,Normal Transaction
907854,500000140,2026-05-09,14:18:56,NEFT,76820,Zomato,Hyderabad,Mobile,No,Normal Transaction
907855,500000059,2026-10-04,07:29:05,UPI,28211,Zomato,Pune,Mobile,No,Normal Transaction
907856,500000123,2026-03-10,04:04:33,ATM,12172,Zomato,Pune,Mobile,No,Normal Transaction
907857,500000109,2026-03-25,20:13:35,IMPS,4287,Reliance,Lucknow,POS,No,Normal Transaction
907858,500000096,2026-12-07,17:22:31,ATM,99504,DMart,Kolkata,POS,No,Normal Transaction
907859,500000072,2026-10-20,09:16:56,ATM,77819,DMart,Kolkata,ATM,No,Normal Transaction
907860,500000140,2026-08-04,01:13:17,ATM,59310,PhonePe,Pune,POS,No,Normal Transaction
907861,500000130,2026-05-24,05:39:10,Credit Card,35464,IRCTC,Lucknow,Mobile,No,Normal Transaction
907862,500000061,2026-11-19,04:48:38,UPI,25538,Amazon,Mumbai,Laptop,No,Normal Transaction
907863,500000179,2026-06-08,02:09:54,NEFT,42433,Flipkart,Kolkata,POS,No,Normal Transaction
907864,500000157,2026-12-21,19:26:18,Credit Card,83150,PhonePe,Delhi,ATM,No,Normal Transaction
907865,500000044,2026-01-02,08:55:28,ATM,91197,DMart,Bengaluru,Mobile,No,Normal Transaction
907866,500000179,2026-04-24,20:10:37,NEFT,85818,Uber,Hyderabad,ATM,No,Normal Transaction
907867,500000057,2026-08-08,12:55:30,UPI,10608,Amazon,Pune,ATM,No,Normal Transaction
907868,500000098,2026-07-04,21:48:23,ATM,54645,Swiggy,Hyderabad,POS,No,Normal Transaction
907869,500000138,2026-11-22,14:53:08,Credit Card,87515,DMart,Mumbai,POS,No,Normal Transaction
907870,500000057,2026-12-08,19:10:15,Debit Card,54690,Reliance,Mumbai,ATM,No,Normal Transaction
907871,500000077,2026-04-06,16:12:11,Debit Card,73353,Swiggy,Hyderabad,POS,No,Normal Transaction
907872,500000059,2026-07-17,05:06:35,RTGS,79841,PhonePe,Lucknow,Mobile,No,Normal Transaction
907873,500000105,2026-09-06,21:47:10,UPI,39132,Reliance,Lucknow,Laptop,No,Normal Transaction
907874,500000075,2026-09-12,00:16:24,RTGS,38946,Uber,Pune,ATM,No,Normal Transaction
907875,500000126,2026-05-30,21:02:03,NEFT,45776,DMart,Kolkata,ATM,No,Normal Transaction
907876,500000004,2026-12-26,06:34:54,UPI,21409,IRCTC,Mumbai,Laptop,No,Normal Transaction
907877,500000170,2026-05-10,12:45:04,IMPS,10376,DMart,Lucknow,POS,No,Normal Transaction
907878,500000106,2026-01-01,21:05:41,Debit Card,96725,Amazon,Kolkata,Laptop,Yes,Different City
907879,500000004,2026-03-25,21:36:51,NEFT,31862,Uber,Bengaluru,POS,No,Normal Transaction
907880,500000120,2026-08-26,09:30:21,ATM,18724,Flipkart,Delhi,ATM,No,Normal Transaction
907881,500000122,2026-01-25,17:50:43,Credit Card,31400,IRCTC,Hyderabad,POS,No,Normal Transaction
907882,500000116,2027-01-01,05:14:37,Credit Card,41431,Reliance,Mumbai,Laptop,No,Normal Transaction
907883,500000154,2026-09-07,06:07:21,UPI,62685,DMart,Pune,Mobile,No,Normal Transaction
907884,500000109,2026-12-07,19:57:44,Debit Card,99158,Reliance,Lucknow,ATM,No,Normal Transaction
907885,500000104,2026-11-24,03:04:47,UPI,58161,Flipkart,Delhi,Mobile,No,Normal Transaction
907886,500000168,2026-08-29,11:16:53,ATM,42760,PhonePe,Kolkata,POS,No,Normal Transaction
907887,500000145,2026-07-06,04:29:29,ATM,70806,Zomato,Kolkata,Mobile,No,Normal Transaction
907888,500000036,2026-11-04,20:56:32,UPI,94396,Flipkart,Bengaluru,ATM,No,Normal Transaction
907889,500000146,2026-07-07,12:09:41,RTGS,89236,Zomato,Hyderabad,POS,No,Normal Transaction
907890,500000147,2026-07-17,13:31:07,RTGS,41682,Reliance,Kolkata,Mobile,No,Normal Transaction
907891,500000027,2026-12-10,05:03:23,Debit Card,45335,Zomato,Kolkata,ATM,No,Normal Transaction
907892,500000094,2026-12-29,21:56:20,Credit Card,23694,Flipkart,Hyderabad,Mobile,No,Normal Transaction
907893,500000058,2026-11-24,19:04:21,Debit Card,3866,Amazon,Kolkata,POS,No,Normal Transaction
907894,500000160,2026-08-18,08:06:12,IMPS,33100,Paytm,Pune,Laptop,No,Normal Transaction
907895,500000041,2026-06-16,20:21:33,Credit Card,86282,Zomato,Pune,Mobile,No,Normal Transaction
907896,500000061,2026-12-27,20:55:19,UPI,38951,Swiggy,Kolkata,Laptop,No,Normal Transaction
907897,500000019,2026-07-25,18:34:34,Debit Card,82355,Amazon,Pune,Laptop,Yes,Midnight Transaction
907898,500000029,2026-11-02,10:24:19,ATM,12684,Zomato,Kolkata,Laptop,No,Normal Transaction
907899,500000105,2026-04-07,04:22:31,IMPS,52499,DMart,Mumbai,Mobile,No,Normal Transaction
907900,500000101,2026-10-14,12:01:23,UPI,305,Reliance,Bengaluru,Mobile,No,Normal Transaction
907901,500000144,2026-05-15,11:58:36,ATM,54711,IRCTC,Mumbai,POS,No,Normal Transaction
907902,500000056,2026-09-27,21:52:48,Credit Card,65257,Reliance,Mumbai,Laptop,No,Normal Transaction
907903,500000097,2026-01-27,06:45:48,UPI,25165,Reliance,Kolkata,ATM,No,Normal Transaction
907904,500000033,2026-11-26,02:41:11,Debit Card,66212,DMart,Pune,ATM,No,Normal Transaction
907905,500000165,2026-06-07,08:05:14,Credit Card,23128,IRCTC,Lucknow,ATM,No,Normal Transaction
907906,500000166,2026-12-16,05:26:33,ATM,38063,PhonePe,Lucknow,ATM,No,Normal Transaction
907907,500000057,2026-10-02,01:01:24,NEFT,65561,PhonePe,Hyderabad,ATM,No,Normal Transaction
907908,500000028,2026-01-03,11:34:35,IMPS,16740,Zomato,Delhi,Laptop,No,Normal Transaction
907909,500000137,2026-01-28,19:14:58,RTGS,2089,Amazon,Mumbai,Mobile,No,Normal Transaction
907910,500000170,2026-05-19,08:43:03,NEFT,74733,IRCTC,Lucknow,Mobile,No,Normal Transaction
907911,500000005,2026-02-08,13:56:54,NEFT,71390,Reliance,Lucknow,Mobile,No,Normal Transaction
907912,500000134,2026-10-22,21:17:53,UPI,46084,PhonePe,Bengaluru,Laptop,No,Normal Transaction
907913,500000028,2026-07-01,18:02:29,ATM,94179,Reliance,Lucknow,Mobile,No,Normal Transaction
907914,500000149,2026-11-17,04:33:41,Debit Card,27431,Paytm,Mumbai,Mobile,No,Normal Transaction
907915,500000143,2026-05-13,11:53:47,NEFT,38355,Swiggy,Mumbai,Mobile,No,Normal Transaction
907916,500000143,2026-04-04,07:02:09,UPI,68123,Zomato,Pune,Laptop,No,Normal Transaction
907917,500000161,2026-12-14,20:54:35,IMPS,65550,Flipkart,Lucknow,Mobile,No,Normal Transaction
907918,500000161,2026-04-07,02:37:02,RTGS,17752,Reliance,Bengaluru,Mobile,No,Normal Transaction
907919,500000152,2026-03-05,06:51:30,ATM,78257,DMart,Hyderabad,ATM,No,Normal Transaction
907920,500000076,2026-11-01,08:32:46,UPI,21079,DMart,Pune,Laptop,No,Normal Transaction
907921,500000109,2026-07-26,01:25:28,Debit Card,98531,Swiggy,Bengaluru,ATM,No,Normal Transaction
907922,500000001,2026-06-09,00:48:51,UPI,88555,DMart,Delhi,Mobile,No,Normal Transaction
907923,500000003,2026-05-17,07:27:29,ATM,34827,Uber,Hyderabad,Mobile,No,Normal Transaction
907924,500000160,2026-10-08,06:09:37,UPI,9389,Reliance,Lucknow,ATM,No,Normal Transaction
907925,500000016,2026-02-11,20:39:54,Credit Card,28549,IRCTC,Pune,Laptop,No,Normal Transaction
907926,500000180,2026-09-22,11:27:59,RTGS,77159,Flipkart,Kolkata,Laptop,No,Normal Transaction
907927,500000045,2026-05-07,19:08:16,IMPS,21034,Amazon,Lucknow,ATM,No,Normal Transaction
907928,500000163,2026-07-16,12:47:09,IMPS,62159,DMart,Hyderabad,Laptop,No,Normal Transaction
907929,500000001,2026-12-07,14:43:42,UPI,15349,Zomato,Hyderabad,POS,No,Normal Transaction
907930,500000059,2026-04-26,12:46:49,RTGS,4509,Flipkart,Mumbai,POS,No,Normal Transaction
907931,500000055,2026-10-16,12:42:03,RTGS,12899,Flipkart,Mumbai,Laptop,No,Normal Transaction
907932,500000055,2026-08-03,05:03:39,IMPS,6619,Paytm,Hyderabad,Laptop,No,Normal Transaction
907933,500000002,2026-06-05,11:21:34,RTGS,7873,Uber,Hyderabad,Mobile,No,Normal Transaction
907934,500000148,2026-01-28,23:24:46,NEFT,44260,Zomato,Kolkata,Laptop,No,Normal Transaction
907935,500000028,2026-12-18,09:44:53,NEFT,92260,Swiggy,Kolkata,ATM,No,Normal Transaction
907936,500000163,2026-12-01,15:02:18,UPI,36003,Paytm,Kolkata,Laptop,Yes,Multiple Transactions
907937,500000144,2026-01-11,14:51:30,NEFT,90317,Amazon,Delhi,Mobile,No,Normal Transaction
907938,500000101,2026-06-29,02:37:39,IMPS,77761,DMart,Bengaluru,Laptop,No,Normal Transaction
907939,500000130,2026-11-05,00:57:31,RTGS,73262,Uber,Hyderabad,Laptop,No,Normal Transaction
907940,500000127,2026-10-21,05:16:09,Credit Card,2672,Uber,Mumbai,ATM,No,Normal Transaction
907941,500000040,2026-12-23,11:01:22,Debit Card,34873,Flipkart,Kolkata,POS,No,Normal Transaction
907942,500000148,2026-04-16,23:02:02,ATM,33211,Paytm,Bengaluru,Laptop,No,Normal Transaction
907943,500000009,2026-12-02,01:43:24,Credit Card,55665,IRCTC,Bengaluru,POS,No,Normal Transaction
907944,500000107,2026-07-31,12:38:44,Credit Card,41899,Reliance,Pune,Laptop,No,Normal Transaction
907945,500000143,2026-03-26,02:33:59,UPI,59295,Amazon,Kolkata,Mobile,No,Normal Transaction
907946,500000122,2026-05-22,17:14:38,Credit Card,22002,DMart,Kolkata,Laptop,No,Normal Transaction
907947,500000056,2026-07-29,20:02:03,Credit Card,4347,Zomato,Mumbai,Mobile,No,Normal Transaction
907948,500000131,2026-10-01,06:09:07,Credit Card,81521,Flipkart,Lucknow,Laptop,No,Normal Transaction
907949,500000140,2026-09-12,13:17:45,NEFT,59119,PhonePe,Pune,POS,No,Normal Transaction
907950,500000126,2026-06-29,13:52:05,IMPS,30805,DMart,Delhi,ATM,No,Normal Transaction
907951,500000019,2026-03-22,21:39:59,Credit Card,60353,Uber,Delhi,ATM,No,Normal Transaction
907952,500000110,2026-05-03,19:11:52,Credit Card,74550,Swiggy,Kolkata,Laptop,No,Normal Transaction
907953,500000105,2026-12-13,00:45:11,Debit Card,3809,PhonePe,Kolkata,POS,No,Normal Transaction
907954,500000065,2026-09-08,11:45:35,IMPS,3868,Flipkart,Mumbai,POS,No,Normal Transaction
907955,500000042,2026-09-22,16:54:37,UPI,69499,Paytm,Bengaluru,ATM,No,Normal Transaction
907956,500000057,2026-11-11,06:09:56,RTGS,87824,Uber,Delhi,Mobile,No,Normal Transaction
907957,500000038,2026-03-11,17:20:10,UPI,48905,DMart,Pune,ATM,No,Normal Transaction
907958,500000046,2026-04-25,12:16:17,NEFT,29159,Swiggy,Bengaluru,ATM,No,Normal Transaction
907959,500000137,2026-06-10,13:03:53,IMPS,10136,Flipkart,Bengaluru,ATM,No,Normal Transaction
907960,500000129,2026-05-29,14:39:38,ATM,31027,Amazon,Mumbai,Laptop,No,Normal Transaction
907961,500000099,2026-02-12,16:48:19,Debit Card,5564,Paytm,Delhi,ATM,No,Normal Transaction
907962,500000042,2026-01-12,20:09:15,NEFT,38105,Zomato,Kolkata,POS,No,Normal Transaction
907963,500000162,2026-12-14,21:43:31,Debit Card,55658,Flipkart,Kolkata,Laptop,No,Normal Transaction
907964,500000129,2026-02-26,05:52:37,NEFT,44145,Paytm,Bengaluru,POS,No,Normal Transaction
907965,500000049,2026-09-12,09:26:43,Credit Card,11630,Reliance,Bengaluru,Laptop,No,Normal Transaction
907966,500000048,2026-06-05,10:13:20,RTGS,94628,Swiggy,Kolkata,Laptop,No,Normal Transaction
907967,500000016,2026-05-26,05:30:52,Debit Card,25123,Reliance,Pune,ATM,No,Normal Transaction
907968,500000079,2026-09-06,17:49:35,UPI,91239,Flipkart,Kolkata,Mobile,No,Normal Transaction
907969,500000139,2026-06-26,08:05:40,ATM,16659,Amazon,Bengaluru,Laptop,Yes,Different City
907970,500000111,2026-03-19,20:27:16,ATM,7176,Uber,Mumbai,Laptop,No,Normal Transaction
907971,500000108,2026-05-10,19:16:41,RTGS,77897,DMart,Pune,POS,No,Normal Transaction
907972,500000106,2026-12-03,10:05:55,NEFT,82562,Uber,Bengaluru,Mobile,No,Normal Transaction
907973,500000083,2026-03-16,02:21:17,RTGS,27308,DMart,Lucknow,POS,No,Normal Transaction
907974,500000081,2026-09-29,06:43:20,ATM,34970,Paytm,Hyderabad,POS,No,Normal Transaction
907975,500000049,2026-06-01,20:51:18,UPI,34452,IRCTC,Pune,POS,No,Normal Transaction
907976,500000060,2026-03-24,10:19:57,IMPS,377,IRCTC,Kolkata,Laptop,No,Normal Transaction
907977,500000132,2026-09-19,09:21:11,RTGS,46018,Uber,Lucknow,Laptop,No,Normal Transaction
907978,500000163,2026-09-22,13:00:24,RTGS,71648,Reliance,Bengaluru,Laptop,No,Normal Transaction
907979,500000033,2026-11-17,03:33:20,NEFT,49638,IRCTC,Lucknow,Mobile,No,Normal Transaction
907980,500000113,2026-01-30,18:22:37,IMPS,76268,PhonePe,Lucknow,POS,No,Normal Transaction
907981,500000055,2026-12-10,21:14:32,IMPS,57254,Flipkart,Kolkata,POS,No,Normal Transaction
907982,500000146,2026-03-03,13:15:06,RTGS,3459,Paytm,Pune,POS,No,Normal Transaction
907983,500000159,2026-02-09,09:47:29,Credit Card,16397,Flipkart,Hyderabad,ATM,Yes,High Amount
907984,500000039,2026-07-16,17:07:53,NEFT,59902,Swiggy,Hyderabad,POS,No,Normal Transaction
907985,500000151,2026-03-27,03:38:59,ATM,97290,Paytm,Lucknow,ATM,No,Normal Transaction
907986,500000090,2026-02-25,19:56:18,RTGS,10314,Amazon,Bengaluru,ATM,No,Normal Transaction
907987,500000172,2026-12-20,05:41:39,Credit Card,27775,Amazon,Hyderabad,Mobile,No,Normal Transaction
907988,500000129,2026-10-10,11:59:22,RTGS,50586,PhonePe,Pune,POS,No,Normal Transaction
907989,500000079,2026-06-25,13:16:28,UPI,67354,IRCTC,Delhi,POS,No,Normal Transaction
907990,500000140,2026-06-15,12:03:37,IMPS,22045,Swiggy,Pune,Laptop,No,Normal Transaction
907991,500000097,2026-04-08,14:52:50,RTGS,13821,Flipkart,Pune,ATM,Yes,High Amount
907992,500000049,2026-09-22,22:26:26,ATM,84191,Swiggy,Lucknow,Mobile,No,Normal Transaction
907993,500000048,2026-08-28,00:00:47,RTGS,25464,Flipkart,Mumbai,Mobile,No,Normal Transaction
907994,500000092,2026-12-31,10:09:09,Debit Card,11851,Zomato,Hyderabad,ATM,No,Normal Transaction
907995,500000019,2026-02-06,00:28:11,RTGS,69889,Reliance,Bengaluru,POS,No,Normal Transaction
907996,500000100,2026-06-11,22:19:59,RTGS,62871,Zomato,Delhi,POS,No,Normal Transaction
907997,500000002,2026-06-06,17:24:58,IMPS,37381,Uber,Bengaluru,Laptop,No,Normal Transaction
907998,500000092,2026-05-19,06:10:54,ATM,1005,IRCTC,Lucknow,ATM,No,Normal Transaction
907999,500000095,2026-04-02,21:15:56,IMPS,54146,Amazon,Hyderabad,POS,No,Normal Transaction
908000,500000132,2026-06-19,05:22:02,RTGS,33741,PhonePe,Bengaluru,ATM,No,Normal Transaction
908001,500000112,2026-06-10,10:19:49,NEFT,53529,IRCTC,Bengaluru,Laptop,No,Normal Transaction
908002,500000082,2026-01-13,15:41:35,ATM,44277,Amazon,Lucknow,ATM,No,Normal Transaction
908003,500000130,2026-09-26,02:37:16,UPI,3168,Reliance,Hyderabad,POS,No,Normal Transaction
908004,500000043,2026-02-12,13:50:40,IMPS,65586,Paytm,Pune,Mobile,No,Normal Transaction
908005,500000048,2026-06-03,17:22:21,Credit Card,53437,IRCTC,Pune,POS,No,Normal Transaction
908006,500000153,2026-07-29,23:26:24,ATM,63375,Flipkart,Bengaluru,Laptop,No,Normal Transaction
908007,500000087,2026-10-13,14:17:49,ATM,52759,Amazon,Kolkata,ATM,No,Normal Transaction
908008,500000139,2026-07-31,02:57:48,IMPS,15655,Zomato,Hyderabad,POS,No,Normal Transaction
908009,500000093,2026-11-01,11:24:49,RTGS,55516,Reliance,Pune,POS,No,Normal Transaction
908010,500000049,2026-09-13,07:56:58,ATM,95798,Flipkart,Lucknow,ATM,No,Normal Transaction
908011,500000083,2026-10-29,18:46:56,IMPS,30774,DMart,Mumbai,ATM,No,Normal Transaction
908012,500000152,2026-07-27,22:10:36,NEFT,83498,IRCTC,Mumbai,POS,No,Normal Transaction
908013,500000166,2026-07-08,21:49:07,Debit Card,92617,PhonePe,Bengaluru,POS,No,Normal Transaction
908014,500000095,2026-07-30,02:22:23,UPI,84163,Reliance,Hyderabad,Mobile,No,Normal Transaction
908015,500000078,2026-10-21,19:53:38,UPI,56644,Uber,Hyderabad,POS,No,Normal Transaction
908016,500000060,2026-07-14,13:21:44,Credit Card,51139,Paytm,Hyderabad,Laptop,No,Normal Transaction
908017,500000121,2026-09-02,13:04:29,RTGS,84017,Swiggy,Bengaluru,ATM,No,Normal Transaction
908018,500000152,2026-05-05,08:26:07,ATM,83265,Uber,Pune,POS,No,Normal Transaction
908019,500000112,2026-11-28,02:22:53,Debit Card,83277,IRCTC,Delhi,ATM,No,Normal Transaction
908020,500000172,2026-07-28,03:52:42,Credit Card,96578,PhonePe,Kolkata,ATM,No,Normal Transaction
908021,500000142,2026-09-20,05:14:51,ATM,99304,PhonePe,Delhi,ATM,No,Normal Transaction
908022,500000112,2026-05-23,23:04:35,IMPS,75968,DMart,Kolkata,POS,No,Normal Transaction
908023,500000175,2026-12-13,15:32:42,ATM,45439,Reliance,Hyderabad,POS,No,Normal Transaction
908024,500000026,2026-06-16,15:19:45,Credit Card,36362,Reliance,Mumbai,POS,No,Normal Transaction
908025,500000155,2026-03-31,18:52:03,Credit Card,92682,Flipkart,Mumbai,Mobile,No,Normal Transaction
908026,500000067,2026-07-13,08:47:34,Debit Card,42754,Paytm,Delhi,Laptop,No,Normal Transaction
908027,500000135,2026-10-21,13:04:24,IMPS,63498,Zomato,Lucknow,Laptop,No,Normal Transaction
908028,500000070,2026-12-18,11:30:06,UPI,16724,IRCTC,Bengaluru,POS,No,Normal Transaction
908029,500000174,2026-09-30,22:11:21,ATM,45675,Reliance,Delhi,POS,No,Normal Transaction
908030,500000003,2026-11-03,11:57:49,Credit Card,59366,Paytm,Mumbai,Mobile,No,Normal Transaction
908031,500000070,2026-11-05,09:47:13,Credit Card,95052,Paytm,Delhi,Laptop,No,Normal Transaction
908032,500000145,2026-02-27,02:18:07,IMPS,43033,IRCTC,Delhi,Laptop,No,Normal Transaction
908033,500000017,2026-03-06,04:07:47,Debit Card,55652,Amazon,Kolkata,ATM,No,Normal Transaction
908034,500000080,2026-06-19,08:06:24,UPI,96583,Paytm,Mumbai,Mobile,No,Normal Transaction
908035,500000023,2026-04-23,14:13:55,ATM,90935,DMart,Bengaluru,ATM,No,Normal Transaction
908036,500000051,2026-05-28,06:47:29,NEFT,68872,Zomato,Hyderabad,Mobile,No,Normal Transaction
908037,500000141,2026-03-23,06:44:04,UPI,23982,IRCTC,Bengaluru,POS,No,Normal Transaction
908038,500000029,2026-08-13,22:29:11,UPI,77326,Zomato,Lucknow,Laptop,No,Normal Transaction
908039,500000090,2026-03-25,09:35:43,NEFT,99789,Amazon,Hyderabad,Mobile,No,Normal Transaction
908040,500000128,2026-05-22,20:29:22,NEFT,72437,Zomato,Kolkata,Mobile,No,Normal Transaction
908041,500000178,2026-08-29,17:11:28,Credit Card,87441,IRCTC,Delhi,Laptop,No,Normal Transaction
908042,500000059,2026-06-08,06:57:36,Debit Card,88675,PhonePe,Kolkata,ATM,No,Normal Transaction
908043,500000143,2026-04-29,22:26:20,ATM,73380,Reliance,Bengaluru,ATM,No,Normal Transaction
908044,500000136,2026-08-05,23:46:56,Credit Card,64895,Zomato,Lucknow,POS,No,Normal Transaction
908045,500000166,2026-07-07,01:22:23,NEFT,34494,Amazon,Mumbai,POS,No,Normal Transaction
908046,500000044,2026-12-15,20:38:23,IMPS,25986,Uber,Lucknow,Mobile,No,Normal Transaction
908047,500000150,2026-05-06,19:14:20,Credit Card,68263,PhonePe,Kolkata,Laptop,No,Normal Transaction
908048,500000044,2026-06-26,01:41:09,UPI,86991,Uber,Pune,ATM,Yes,High Amount
908049,500000120,2026-06-11,08:50:22,NEFT,45939,Paytm,Mumbai,Laptop,No,Normal Transaction
908050,500000080,2026-03-25,03:46:54,UPI,91068,DMart,Delhi,Laptop,No,Normal Transaction
908051,500000028,2026-10-15,05:33:51,UPI,14980,Zomato,Lucknow,Mobile,No,Normal Transaction
908052,500000089,2026-02-24,03:51:09,Debit Card,8506,IRCTC,Lucknow,ATM,No,Normal Transaction
908053,500000139,2026-08-22,16:50:52,NEFT,64479,IRCTC,Lucknow,Laptop,No,Normal Transaction
908054,500000137,2026-05-08,13:43:31,Debit Card,54675,Reliance,Lucknow,POS,No,Normal Transaction
908055,500000058,2026-05-21,18:37:34,Debit Card,14433,Uber,Mumbai,Mobile,No,Normal Transaction
908056,500000030,2026-04-22,18:16:54,ATM,94945,Paytm,Hyderabad,ATM,No,Normal Transaction
908057,500000171,2026-08-04,19:55:19,UPI,90407,Paytm,Mumbai,ATM,No,Normal Transaction
908058,500000061,2026-06-17,11:28:42,Debit Card,81595,Uber,Delhi,Laptop,No,Normal Transaction
908059,500000115,2026-03-07,07:06:10,Credit Card,84002,Swiggy,Lucknow,ATM,No,Normal Transaction
908060,500000039,2026-06-04,11:10:10,IMPS,86678,Swiggy,Lucknow,POS,No,Normal Transaction
908061,500000014,2026-02-11,10:26:10,NEFT,45749,IRCTC,Pune,Laptop,No,Normal Transaction
908062,500000110,2026-03-18,17:57:54,Debit Card,83587,Reliance,Kolkata,POS,No,Normal Transaction
908063,500000090,2026-11-03,20:54:17,IMPS,96217,PhonePe,Kolkata,Laptop,No,Normal Transaction
908064,500000091,2026-04-22,15:23:36,RTGS,31830,IRCTC,Bengaluru,ATM,No,Normal Transaction
908065,500000037,2026-11-19,04:10:23,NEFT,29715,Paytm,Mumbai,ATM,No,Normal Transaction
908066,500000151,2026-10-26,03:31:10,IMPS,94322,DMart,Pune,POS,No,Normal Transaction
908067,500000105,2026-07-27,22:29:42,RTGS,37234,PhonePe,Lucknow,Mobile,No,Normal Transaction
908068,500000062,2026-03-16,22:25:57,RTGS,78484,Zomato,Hyderabad,POS,No,Normal Transaction
908069,500000048,2026-10-14,23:04:38,Debit Card,14900,Flipkart,Mumbai,Mobile,No,Normal Transaction
908070,500000138,2026-02-15,23:07:03,RTGS,88294,PhonePe,Kolkata,ATM,No,Normal Transaction
908071,500000099,2026-09-24,01:50:23,NEFT,29743,PhonePe,Hyderabad,ATM,No,Normal Transaction
908072,500000101,2026-06-11,12:31:00,ATM,88338,PhonePe,Delhi,POS,No,Normal Transaction
908073,500000071,2026-09-24,17:41:22,NEFT,19891,IRCTC,Bengaluru,Mobile,No,Normal Transaction
908074,500000158,2026-12-09,12:18:04,Credit Card,88542,PhonePe,Kolkata,POS,No,Normal Transaction
908075,500000142,2026-03-26,13:59:52,Credit Card,4902,Amazon,Hyderabad,Laptop,No,Normal Transaction
908076,500000115,2026-02-14,06:20:38,Debit Card,9386,Uber,Lucknow,POS,No,Normal Transaction
908077,500000057,2026-04-01,21:35:05,RTGS,5091,Flipkart,Mumbai,POS,No,Normal Transaction
908078,500000081,2026-03-01,20:13:23,ATM,96724,IRCTC,Bengaluru,Mobile,No,Normal Transaction
908079,500000035,2026-10-13,10:26:58,UPI,68691,IRCTC,Lucknow,Mobile,No,Normal Transaction
908080,500000004,2026-08-12,03:54:45,Credit Card,85485,DMart,Hyderabad,POS,No,Normal Transaction
908081,500000032,2026-06-19,05:01:00,NEFT,80761,Paytm,Mumbai,Mobile,No,Normal Transaction
908082,500000059,2026-11-18,03:36:03,Debit Card,38185,Swiggy,Bengaluru,Mobile,No,Normal Transaction
908083,500000168,2026-09-25,21:34:42,NEFT,50324,Amazon,Pune,Mobile,No,Normal Transaction
908084,500000175,2026-12-26,21:54:50,RTGS,9570,Reliance,Hyderabad,ATM,No,Normal Transaction
908085,500000091,2026-07-23,06:38:20,Credit Card,21113,DMart,Mumbai,POS,No,Normal Transaction
908086,500000135,2026-10-02,08:07:51,IMPS,40442,Zomato,Hyderabad,POS,No,Normal Transaction
908087,500000146,2026-09-23,07:13:53,NEFT,34096,Reliance,Delhi,Laptop,No,Normal Transaction
908088,500000038,2026-05-28,12:22:57,Debit Card,67015,Uber,Bengaluru,ATM,No,Normal Transaction
908089,500000099,2026-05-25,23:36:04,NEFT,66280,PhonePe,Mumbai,Mobile,No,Normal Transaction
908090,500000173,2026-10-23,02:39:04,UPI,92805,IRCTC,Lucknow,POS,No,Normal Transaction
908091,500000122,2026-06-14,17:27:59,IMPS,22894,Reliance,Delhi,Laptop,No,Normal Transaction
908092,500000133,2026-05-03,08:04:22,UPI,45485,Uber,Delhi,ATM,No,Normal Transaction
908093,500000166,2026-09-26,23:12:30,NEFT,48660,Zomato,Mumbai,POS,No,Normal Transaction
908094,500000117,2026-08-13,13:32:19,Debit Card,63701,Amazon,Lucknow,ATM,No,Normal Transaction
908095,500000170,2026-04-23,13:48:48,ATM,81518,Paytm,Kolkata,ATM,No,Normal Transaction
908096,500000071,2026-10-29,12:06:56,ATM,92239,Zomato,Hyderabad,Laptop,No,Normal Transaction
908097,500000115,2026-11-06,04:10:13,Debit Card,31216,Reliance,Bengaluru,Laptop,No,Normal Transaction
908098,500000065,2026-05-08,20:37:59,NEFT,31796,Uber,Lucknow,Laptop,No,Normal Transaction
908099,500000013,2026-09-13,13:32:25,Credit Card,38398,Zomato,Delhi,Laptop,No,Normal Transaction
908100,500000100,2026-05-15,07:46:38,Debit Card,2780,Flipkart,Kolkata,POS,No,Normal Transaction
908101,500000036,2026-08-21,04:19:01,ATM,8011,Paytm,Bengaluru,Mobile,No,Normal Transaction
908102,500000168,2026-04-30,18:30:07,Credit Card,26237,Amazon,Pune,Laptop,No,Normal Transaction
908103,500000154,2026-03-16,05:11:12,RTGS,53495,DMart,Kolkata,ATM,No,Normal Transaction
908104,500000058,2026-12-17,08:42:19,UPI,55684,Paytm,Kolkata,Laptop,No,Normal Transaction
908105,500000059,2026-12-19,15:45:21,UPI,26471,IRCTC,Delhi,POS,No,Normal Transaction
908106,500000164,2026-08-24,16:31:17,UPI,26660,DMart,Mumbai,Laptop,No,Normal Transaction
908107,500000024,2026-01-20,00:22:54,Debit Card,19505,Zomato,Mumbai,POS,Yes,Multiple Transactions
908108,500000133,2026-03-14,12:15:13,IMPS,8273,Flipkart,Hyderabad,POS,No,Normal Transaction
908109,500000075,2026-05-19,15:02:50,IMPS,49546,IRCTC,Bengaluru,Mobile,No,Normal Transaction
908110,500000026,2026-02-23,20:10:42,UPI,81102,Swiggy,Bengaluru,Mobile,Yes,Midnight Transaction
908111,500000028,2026-07-15,04:50:09,IMPS,5702,Amazon,Mumbai,ATM,No,Normal Transaction
908112,500000046,2026-07-26,13:17:13,Credit Card,99980,Swiggy,Hyderabad,ATM,No,Normal Transaction
908113,500000026,2026-09-14,08:10:39,UPI,34720,Zomato,Mumbai,ATM,No,Normal Transaction
908114,500000114,2026-11-30,20:09:23,ATM,93313,Paytm,Bengaluru,Mobile,No,Normal Transaction
908115,500000103,2026-05-30,12:43:34,RTGS,55494,Paytm,Lucknow,POS,No,Normal Transaction
908116,500000115,2026-08-13,21:06:26,Debit Card,11538,Amazon,Pune,Mobile,No,Normal Transaction
908117,500000038,2026-06-05,16:17:31,RTGS,52442,Paytm,Lucknow,Laptop,No,Normal Transaction
908118,500000066,2026-05-04,13:41:01,UPI,16487,DMart,Pune,POS,No,Normal Transaction
908119,500000033,2026-10-09,12:15:59,NEFT,10239,Amazon,Lucknow,ATM,No,Normal Transaction
908120,500000056,2026-06-06,00:18:37,NEFT,292,Uber,Kolkata,POS,No,Normal Transaction
908121,500000068,2026-04-15,00:45:57,UPI,6899,Paytm,Lucknow,POS,No,Normal Transaction
908122,500000082,2026-12-28,16:04:39,UPI,81064,Uber,Delhi,Laptop,No,Normal Transaction
908123,500000128,2026-11-11,01:04:31,NEFT,52897,Reliance,Kolkata,Laptop,No,Normal Transaction
908124,500000151,2026-07-31,08:16:37,ATM,13810,DMart,Pune,POS,No,Normal Transaction
908125,500000088,2026-09-29,06:47:22,Credit Card,63604,Flipkart,Kolkata,Mobile,No,Normal Transaction
908126,500000046,2026-12-20,05:42:35,NEFT,25161,DMart,Mumbai,ATM,No,Normal Transaction
908127,500000159,2026-08-30,11:29:50,RTGS,36043,DMart,Lucknow,Mobile,No,Normal Transaction
908128,500000040,2026-04-18,16:31:24,ATM,94201,Uber,Delhi,Mobile,No,Normal Transaction
908129,500000156,2026-05-13,23:31:43,Debit Card,60465,Reliance,Hyderabad,Mobile,No,Normal Transaction
908130,500000098,2026-12-23,03:09:27,UPI,87069,Flipkart,Pune,ATM,No,Normal Transaction
908131,500000180,2026-08-27,14:30:36,NEFT,18230,Zomato,Pune,Laptop,No,Normal Transaction
908132,500000101,2026-04-22,22:33:36,IMPS,93166,Flipkart,Delhi,Laptop,No,Normal Transaction
908133,500000013,2026-04-09,04:51:29,Credit Card,88023,Reliance,Mumbai,Mobile,No,Normal Transaction
908134,500000147,2026-06-25,05:51:48,Debit Card,69666,PhonePe,Lucknow,Mobile,No,Normal Transaction
908135,500000007,2026-07-22,12:02:11,UPI,48444,IRCTC,Pune,ATM,No,Normal Transaction
908136,500000113,2026-07-17,17:25:44,UPI,67642,PhonePe,Bengaluru,ATM,Yes,High Amount
908137,500000162,2026-09-14,06:35:27,ATM,46280,IRCTC,Hyderabad,Mobile,No,Normal Transaction
908138,500000057,2026-06-03,13:33:03,Credit Card,51579,Paytm,Delhi,Laptop,No,Normal Transaction
908139,500000023,2026-10-14,17:44:17,Debit Card,81405,Swiggy,Bengaluru,Mobile,No,Normal Transaction
908140,500000089,2026-10-05,07:06:18,UPI,29653,Flipkart,Delhi,ATM,No,Normal Transaction
908141,500000180,2026-04-16,08:06:04,Credit Card,16246,Amazon,Pune,Laptop,No,Normal Transaction
908142,500000018,2026-07-16,14:44:02,UPI,62899,IRCTC,Delhi,Laptop,No,Normal Transaction
908143,500000176,2026-07-23,18:42:39,IMPS,55024,Swiggy,Bengaluru,Mobile,No,Normal Transaction
908144,500000101,2026-01-30,03:46:03,Debit Card,56703,Zomato,Hyderabad,POS,No,Normal Transaction
908145,500000020,2026-03-29,10:53:14,UPI,35134,Amazon,Kolkata,POS,No,Normal Transaction
908146,500000123,2026-03-22,16:47:01,UPI,89784,Reliance,Kolkata,POS,No,Normal Transaction
908147,500000033,2026-07-31,19:24:24,NEFT,78033,Zomato,Hyderabad,ATM,No,Normal Transaction
908148,500000113,2026-03-29,05:38:16,UPI,80377,Swiggy,Kolkata,ATM,No,Normal Transaction
908149,500000132,2026-03-19,03:55:59,NEFT,95871,Reliance,Hyderabad,Laptop,No,Normal Transaction
908150,500000105,2026-02-08,19:11:38,UPI,65757,Paytm,Lucknow,Laptop,No,Normal Transaction
908151,500000124,2026-07-08,08:37:26,Debit Card,68109,Flipkart,Mumbai,POS,No,Normal Transaction
908152,500000177,2026-05-11,03:53:31,ATM,2713,Swiggy,Pune,POS,No,Normal Transaction
908153,500000180,2026-11-18,13:01:35,RTGS,7578,DMart,Lucknow,ATM,No,Normal Transaction
908154,500000097,2026-10-09,12:07:05,ATM,45319,Uber,Mumbai,Mobile,No,Normal Transaction
908155,500000168,2026-01-06,23:42:40,NEFT,48771,DMart,Bengaluru,POS,No,Normal Transaction
908156,500000001,2026-08-15,08:50:02,ATM,25811,Reliance,Pune,POS,No,Normal Transaction
908157,500000006,2026-05-05,17:22:50,IMPS,50452,Paytm,Bengaluru,ATM,No,Normal Transaction
908158,500000040,2026-06-07,09:48:21,ATM,66093,Paytm,Pune,Laptop,No,Normal Transaction
908159,500000046,2026-09-21,02:52:09,IMPS,16770,Zomato,Bengaluru,Mobile,No,Normal Transaction
908160,500000140,2026-08-08,22:40:20,IMPS,36196,Amazon,Kolkata,POS,No,Normal Transaction
908161,500000133,2026-03-02,20:06:53,UPI,38540,Uber,Mumbai,ATM,No,Normal Transaction
908162,500000126,2026-04-13,03:57:52,ATM,46666,Zomato,Pune,Laptop,No,Normal Transaction
908163,500000074,2026-12-10,03:02:03,Credit Card,10062,IRCTC,Kolkata,Laptop,No,Normal Transaction
908164,500000019,2026-10-11,07:21:12,NEFT,66548,Uber,Bengaluru,Laptop,No,Normal Transaction
908165,500000097,2026-06-14,07:23:38,IMPS,41893,Flipkart,Pune,ATM,No,Normal Transaction
908166,500000103,2026-02-08,10:24:19,NEFT,17287,Reliance,Pune,ATM,No,Normal Transaction
908167,500000170,2026-03-01,09:00:20,IMPS,20077,Uber,Bengaluru,POS,No,Normal Transaction
908168,500000015,2026-03-26,07:15:32,Debit Card,66996,Zomato,Lucknow,POS,No,Normal Transaction
908169,500000180,2026-10-14,22:25:00,RTGS,3235,Swiggy,Kolkata,Laptop,No,Normal Transaction
908170,500000102,2026-06-30,21:54:47,RTGS,16163,PhonePe,Pune,POS,No,Normal Transaction
908171,500000165,2026-10-11,11:07:28,Debit Card,24289,Reliance,Delhi,POS,No,Normal Transaction
908172,500000111,2026-03-10,12:44:29,NEFT,33164,Amazon,Kolkata,POS,No,Normal Transaction
908173,500000173,2026-12-13,03:05:55,IMPS,47721,Flipkart,Delhi,Laptop,No,Normal Transaction
908174,500000105,2026-01-22,06:42:55,UPI,55914,Uber,Bengaluru,POS,No,Normal Transaction
908175,500000081,2026-05-07,20:37:40,ATM,81439,IRCTC,Lucknow,POS,No,Normal Transaction
908176,500000058,2026-02-25,14:07:10,IMPS,56902,Uber,Bengaluru,ATM,No,Normal Transaction
908177,500000036,2026-06-24,12:44:48,UPI,59946,Paytm,Kolkata,Laptop,No,Normal Transaction
908178,500000003,2026-01-17,18:12:43,IMPS,76073,Paytm,Delhi,ATM,No,Normal Transaction
908179,500000012,2026-08-20,05:29:46,RTGS,26437,Swiggy,Kolkata,POS,No,Normal Transaction
908180,500000151,2026-08-03,14:52:51,NEFT,82641,Paytm,Mumbai,Laptop,No,Normal Transaction
908181,500000172,2026-09-13,02:55:51,Debit Card,15310,DMart,Kolkata,Mobile,No,Normal Transaction
908182,500000075,2026-12-28,12:08:06,Debit Card,58627,Reliance,Pune,ATM,No,Normal Transaction
908183,500000047,2026-09-23,13:59:01,RTGS,60339,Amazon,Hyderabad,POS,No,Normal Transaction
908184,500000155,2026-04-18,00:03:12,Debit Card,91204,Swiggy,Kolkata,POS,No,Normal Transaction
908185,500000056,2026-05-11,14:46:19,IMPS,61965,IRCTC,Kolkata,POS,No,Normal Transaction
908186,500000168,2026-08-29,04:27:09,Credit Card,42339,Amazon,Pune,Mobile,No,Normal Transaction
908187,500000063,2026-11-25,12:03:35,Credit Card,38700,Flipkart,Mumbai,Laptop,No,Normal Transaction
908188,500000094,2026-03-20,18:27:22,Debit Card,46818,Amazon,Delhi,Laptop,No,Normal Transaction
908189,500000052,2026-04-05,15:59:12,Debit Card,96277,Paytm,Pune,POS,No,Normal Transaction
908190,500000157,2026-03-20,12:16:21,UPI,66699,Uber,Delhi,Mobile,No,Normal Transaction
908191,500000008,2026-11-06,10:49:50,RTGS,3465,Swiggy,Bengaluru,Mobile,No,Normal Transaction
908192,500000089,2026-08-08,17:14:55,UPI,36462,DMart,Kolkata,Mobile,No,Normal Transaction
908193,500000150,2026-10-15,23:51:29,Credit Card,22514,IRCTC,Delhi,Laptop,No,Normal Transaction
908194,500000132,2026-08-22,05:51:31,IMPS,63251,Reliance,Bengaluru,POS,No,Normal Transaction
908195,500000132,2026-03-29,16:18:00,ATM,31199,Reliance,Delhi,POS,No,Normal Transaction
908196,500000154,2026-11-13,00:03:04,NEFT,69411,Zomato,Pune,Mobile,No,Normal Transaction
908197,500000056,2026-05-12,07:26:06,UPI,29160,PhonePe,Mumbai,ATM,No,Normal Transaction
908198,500000104,2026-06-21,18:36:20,ATM,54331,Uber,Hyderabad,POS,No,Normal Transaction
908199,500000168,2026-11-26,18:06:20,Debit Card,11848,Flipkart,Delhi,Laptop,No,Normal Transaction
908200,500000150,2026-07-17,14:42:30,UPI,71822,Reliance,Kolkata,Mobile,No,Normal Transaction
908201,500000028,2026-07-22,15:00:39,RTGS,8186,Paytm,Lucknow,POS,No,Normal Transaction
908202,500000129,2026-04-22,04:36:56,Credit Card,48940,Swiggy,Pune,ATM,No,Normal Transaction
908203,500000119,2026-08-11,18:52:49,Credit Card,51842,PhonePe,Kolkata,ATM,No,Normal Transaction
908204,500000129,2026-01-05,05:25:25,UPI,9854,Flipkart,Mumbai,Mobile,No,Normal Transaction
908205,500000136,2026-01-05,06:15:31,Credit Card,91132,Reliance,Kolkata,POS,No,Normal Transaction
908206,500000076,2026-04-17,11:04:22,ATM,38539,PhonePe,Bengaluru,POS,No,Normal Transaction
908207,500000001,2026-06-19,16:58:39,NEFT,95147,PhonePe,Kolkata,Mobile,No,Normal Transaction
908208,500000107,2026-06-28,02:36:29,Debit Card,39766,Swiggy,Lucknow,Laptop,No,Normal Transaction
908209,500000042,2026-05-05,13:06:00,RTGS,50086,DMart,Hyderabad,Mobile,No,Normal Transaction
908210,500000123,2026-02-26,02:44:39,Debit Card,79409,Amazon,Hyderabad,Mobile,No,Normal Transaction
908211,500000102,2026-09-09,03:23:31,UPI,74054,Swiggy,Bengaluru,Laptop,No,Normal Transaction
908212,500000052,2026-08-03,10:41:43,RTGS,38124,Amazon,Delhi,Mobile,No,Normal Transaction
908213,500000170,2026-12-02,10:39:47,Debit Card,11270,Swiggy,Delhi,POS,No,Normal Transaction
908214,500000130,2026-09-14,21:37:44,Debit Card,63752,IRCTC,Lucknow,Mobile,No,Normal Transaction
908215,500000042,2026-02-16,20:11:09,NEFT,39977,Reliance,Mumbai,POS,No,Normal Transaction
908216,500000170,2026-03-24,05:12:32,ATM,48610,Uber,Lucknow,Laptop,No,Normal Transaction
908217,500000036,2026-09-28,21:04:23,Credit Card,56467,Flipkart,Lucknow,Laptop,No,Normal Transaction
908218,500000143,2026-05-06,17:23:09,UPI,47284,Swiggy,Bengaluru,Mobile,No,Normal Transaction
908219,500000111,2026-10-01,21:07:06,Credit Card,14748,Flipkart,Mumbai,POS,No,Normal Transaction
908220,500000074,2026-03-25,06:33:05,IMPS,72958,DMart,Lucknow,ATM,No,Normal Transaction
908221,500000049,2026-07-21,11:09:05,Debit Card,58857,Swiggy,Kolkata,ATM,No,Normal Transaction
908222,500000174,2026-04-16,04:18:06,ATM,52144,Swiggy,Kolkata,Mobile,No,Normal Transaction
908223,500000110,2026-10-22,01:18:42,NEFT,32584,Paytm,Delhi,Laptop,No,Normal Transaction
908224,500000061,2026-08-20,08:07:54,Credit Card,48281,Swiggy,Bengaluru,ATM,No,Normal Transaction
908225,500000096,2026-02-16,07:06:31,ATM,14327,IRCTC,Lucknow,Laptop,No,Normal Transaction
908226,500000035,2026-05-05,21:47:36,RTGS,50637,PhonePe,Delhi,Mobile,No,Normal Transaction
908227,500000137,2026-01-22,10:04:11,UPI,85717,PhonePe,Kolkata,POS,No,Normal Transaction
908228,500000045,2026-09-25,06:26:48,NEFT,28626,Reliance,Lucknow,Mobile,No,Normal Transaction
908229,500000107,2026-05-05,22:26:41,UPI,66792,PhonePe,Bengaluru,Mobile,No,Normal Transaction
908230,500000044,2026-09-06,02:10:04,IMPS,11289,Swiggy,Lucknow,POS,Yes,Multiple Transactions
908231,500000061,2026-12-08,03:24:40,Credit Card,70729,Flipkart,Lucknow,POS,No,Normal Transaction
908232,500000128,2026-03-13,05:30:04,IMPS,95626,Swiggy,Bengaluru,Mobile,No,Normal Transaction
908233,500000043,2026-08-31,09:35:12,ATM,5983,Uber,Bengaluru,ATM,No,Normal Transaction
908234,500000088,2026-08-30,09:19:18,RTGS,36319,PhonePe,Bengaluru,Mobile,No,Normal Transaction
908235,500000080,2026-05-31,11:44:22,IMPS,70034,Swiggy,Hyderabad,ATM,No,Normal Transaction
908236,500000151,2026-07-28,07:48:38,Credit Card,90248,Uber,Hyderabad,POS,No,Normal Transaction
908237,500000049,2026-02-14,17:46:13,Debit Card,7503,Paytm,Pune,Laptop,No,Normal Transaction
908238,500000157,2026-05-02,23:01:13,Credit Card,96099,Amazon,Lucknow,Mobile,No,Normal Transaction
908239,500000136,2026-04-21,10:44:14,IMPS,65443,PhonePe,Pune,Mobile,No,Normal Transaction
908240,500000072,2026-08-29,23:05:26,Credit Card,2995,DMart,Lucknow,POS,No,Normal Transaction
908241,500000179,2026-11-20,01:15:41,RTGS,57595,PhonePe,Lucknow,Mobile,No,Normal Transaction
908242,500000163,2026-10-17,21:32:51,ATM,63303,IRCTC,Lucknow,Mobile,No,Normal Transaction
908243,500000120,2026-04-29,01:45:11,Debit Card,53710,Uber,Hyderabad,ATM,No,Normal Transaction
908244,500000101,2026-03-21,11:17:18,Credit Card,2799,Amazon,Bengaluru,ATM,Yes,Different City
908245,500000045,2026-03-09,22:01:48,ATM,22579,Amazon,Kolkata,Laptop,No,Normal Transaction
908246,500000062,2026-01-31,02:01:27,UPI,68738,Amazon,Pune,POS,No,Normal Transaction
908247,500000070,2026-04-01,23:19:40,Debit Card,29596,Zomato,Lucknow,ATM,No,Normal Transaction
908248,500000179,2026-08-20,17:55:56,NEFT,46486,IRCTC,Lucknow,Mobile,No,Normal Transaction
908249,500000103,2026-02-26,19:21:14,ATM,81246,IRCTC,Lucknow,Mobile,No,Normal Transaction
908250,500000058,2026-06-25,18:22:17,Debit Card,26488,Paytm,Kolkata,ATM,No,Normal Transaction
908251,500000048,2026-10-31,08:30:02,UPI,90476,Flipkart,Bengaluru,ATM,No,Normal Transaction
908252,500000039,2026-03-16,09:42:15,UPI,11120,IRCTC,Lucknow,Mobile,No,Normal Transaction
908253,500000142,2026-07-14,15:39:00,Credit Card,47340,Paytm,Delhi,Laptop,No,Normal Transaction
908254,500000109,2026-01-18,10:57:37,NEFT,60551,IRCTC,Bengaluru,ATM,No,Normal Transaction
908255,500000106,2026-06-05,18:32:40,Debit Card,32930,DMart,Bengaluru,POS,No,Normal Transaction
908256,500000155,2026-06-29,19:55:26,NEFT,7565,Flipkart,Bengaluru,Laptop,No,Normal Transaction
908257,500000011,2026-11-04,09:08:59,ATM,73816,Reliance,Kolkata,Mobile,No,Normal Transaction
908258,500000098,2026-11-01,19:34:44,Debit Card,59564,IRCTC,Mumbai,Mobile,No,Normal Transaction
908259,500000118,2026-02-07,00:36:28,IMPS,21274,DMart,Bengaluru,POS,No,Normal Transaction
908260,500000154,2026-07-04,01:12:11,Credit Card,12782,Uber,Hyderabad,Mobile,No,Normal Transaction
908261,500000087,2026-06-03,07:47:34,NEFT,23290,Uber,Delhi,Mobile,No,Normal Transaction
908262,500000035,2026-04-29,22:20:46,IMPS,6552,IRCTC,Bengaluru,Laptop,No,Normal Transaction
908263,500000106,2026-11-29,06:53:01,IMPS,23536,Flipkart,Lucknow,POS,No,Normal Transaction
908264,500000090,2026-02-08,06:14:34,Credit Card,39745,Amazon,Bengaluru,Mobile,No,Normal Transaction
908265,500000076,2026-08-21,04:57:48,RTGS,35397,PhonePe,Delhi,ATM,No,Normal Transaction
908266,500000175,2026-12-26,22:55:06,IMPS,65140,Uber,Delhi,Mobile,No,Normal Transaction
908267,500000100,2026-09-07,22:52:54,RTGS,77177,PhonePe,Delhi,Mobile,No,Normal Transaction
908268,500000061,2026-08-17,06:20:24,NEFT,93796,Zomato,Delhi,Laptop,No,Normal Transaction
908269,500000151,2026-05-21,21:48:08,UPI,17423,IRCTC,Hyderabad,POS,No,Normal Transaction
908270,500000159,2026-06-11,12:06:03,RTGS,47475,Reliance,Hyderabad,Laptop,No,Normal Transaction
908271,500000008,2026-11-28,11:28:34,Credit Card,86865,Zomato,Lucknow,Mobile,No,Normal Transaction
908272,500000079,2026-12-20,21:59:02,NEFT,76530,Paytm,Hyderabad,POS,No,Normal Transaction
908273,500000148,2026-02-23,19:22:40,NEFT,20629,IRCTC,Delhi,ATM,No,Normal Transaction
908274,500000020,2026-09-16,02:15:19,Credit Card,82792,Paytm,Bengaluru,Laptop,No,Normal Transaction
908275,500000049,2026-10-30,09:09:44,UPI,30722,Flipkart,Pune,ATM,No,Normal Transaction
908276,500000034,2026-01-03,22:41:20,IMPS,66779,PhonePe,Pune,Mobile,No,Normal Transaction
908277,500000015,2026-03-02,13:17:55,Credit Card,34448,Swiggy,Hyderabad,POS,No,Normal Transaction
908278,500000138,2026-06-20,14:48:08,NEFT,86249,Zomato,Kolkata,Laptop,No,Normal Transaction
908279,500000164,2026-12-18,03:11:21,ATM,72116,Swiggy,Mumbai,ATM,No,Normal Transaction
908280,500000119,2026-11-11,16:57:04,Credit Card,99595,PhonePe,Kolkata,ATM,No,Normal Transaction
908281,500000061,2026-03-16,18:57:13,ATM,68370,Paytm,Mumbai,POS,No,Normal Transaction
908282,500000057,2026-07-14,13:13:03,Debit Card,14832,Zomato,Lucknow,Mobile,No,Normal Transaction
908283,500000027,2026-02-03,01:35:44,NEFT,80128,Reliance,Lucknow,ATM,Yes,Multiple Transactions
908284,500000062,2026-12-06,07:25:11,IMPS,76272,Amazon,Bengaluru,ATM,No,Normal Transaction
908285,500000095,2026-10-01,22:12:48,Debit Card,69803,IRCTC,Mumbai,ATM,No,Normal Transaction
908286,500000083,2026-08-18,23:28:06,ATM,6373,Zomato,Hyderabad,ATM,No,Normal Transaction
908287,500000039,2026-07-04,11:04:59,UPI,51916,IRCTC,Delhi,POS,No,Normal Transaction
908288,500000056,2026-06-27,13:58:10,UPI,67841,Reliance,Pune,Laptop,No,Normal Transaction
908289,500000006,2026-05-19,12:13:26,Credit Card,30684,Flipkart,Delhi,POS,No,Normal Transaction
908290,500000176,2026-05-29,20:24:51,RTGS,46055,Zomato,Kolkata,Laptop,No,Normal Transaction
908291,500000094,2026-06-04,18:49:41,UPI,99515,Flipkart,Lucknow,ATM,No,Normal Transaction
908292,500000090,2026-12-27,15:28:03,NEFT,75550,Flipkart,Kolkata,Laptop,No,Normal Transaction
908293,500000155,2026-07-16,01:32:51,Credit Card,95704,Zomato,Bengaluru,Mobile,No,Normal Transaction
908294,500000174,2026-04-09,20:13:09,UPI,40173,Uber,Bengaluru,Mobile,No,Normal Transaction
908295,500000056,2026-07-31,03:18:09,RTGS,57018,Paytm,Bengaluru,Laptop,No,Normal Transaction
908296,500000080,2026-07-12,19:50:53,NEFT,66558,Reliance,Pune,Mobile,No,Normal Transaction
908297,500000062,2026-03-26,12:49:17,IMPS,51957,Amazon,Pune,POS,No,Normal Transaction
908298,500000084,2026-06-30,01:00:09,Credit Card,46023,IRCTC,Kolkata,Mobile,No,Normal Transaction
908299,500000098,2026-11-20,18:54:53,ATM,36819,Uber,Lucknow,Laptop,No,Normal Transaction
908300,500000031,2026-10-10,21:26:05,NEFT,79241,Zomato,Bengaluru,Laptop,No,Normal Transaction
908301,500000117,2026-09-27,03:27:47,NEFT,51861,IRCTC,Pune,Mobile,No,Normal Transaction
908302,500000078,2026-08-11,16:26:37,IMPS,31594,Reliance,Mumbai,POS,No,Normal Transaction
908303,500000179,2026-09-01,14:16:13,IMPS,86789,Reliance,Delhi,ATM,No,Normal Transaction
908304,500000076,2026-10-18,16:58:11,NEFT,67405,Flipkart,Lucknow,POS,No,Normal Transaction
908305,500000141,2026-07-20,00:06:45,UPI,56860,Flipkart,Mumbai,ATM,No,Normal Transaction
908306,500000178,2026-05-16,10:35:51,Debit Card,38333,Uber,Kolkata,ATM,No,Normal Transaction
908307,500000079,2026-04-28,01:41:11,IMPS,84820,PhonePe,Bengaluru,POS,No,Normal Transaction
908308,500000152,2026-11-29,07:47:08,Credit Card,70151,Reliance,Lucknow,Mobile,No,Normal Transaction
908309,500000117,2026-11-28,10:16:29,Credit Card,60441,PhonePe,Hyderabad,Mobile,No,Normal Transaction
908310,500000154,2026-06-14,05:59:50,UPI,72942,Paytm,Mumbai,Laptop,No,Normal Transaction
908311,500000067,2026-11-11,05:38:50,UPI,86000,IRCTC,Hyderabad,ATM,No,Normal Transaction
908312,500000087,2026-01-28,22:15:28,RTGS,12495,Flipkart,Hyderabad,Laptop,No,Normal Transaction
908313,500000010,2026-09-05,23:17:44,Credit Card,96791,Uber,Kolkata,Laptop,No,Normal Transaction
908314,500000172,2026-09-01,11:41:31,IMPS,34639,Amazon,Hyderabad,POS,No,Normal Transaction
908315,500000090,2026-12-16,18:40:05,RTGS,56601,Paytm,Pune,POS,No,Normal Transaction
908316,500000138,2026-07-29,21:40:07,RTGS,33142,Uber,Lucknow,Laptop,No,Normal Transaction
908317,500000091,2026-03-15,19:55:16,NEFT,6501,Reliance,Kolkata,Laptop,No,Normal Transaction
908318,500000177,2026-03-30,22:07:06,IMPS,30866,DMart,Bengaluru,POS,No,Normal Transaction
908319,500000094,2026-08-17,22:27:22,IMPS,22100,IRCTC,Bengaluru,Laptop,No,Normal Transaction
908320,500000174,2026-12-02,10:42:00,UPI,58677,Swiggy,Kolkata,ATM,No,Normal Transaction
908321,500000070,2026-09-24,06:43:17,RTGS,4947,Uber,Bengaluru,Mobile,No,Normal Transaction
908322,500000171,2026-08-18,09:37:05,ATM,24795,PhonePe,Bengaluru,POS,No,Normal Transaction
908323,500000172,2026-08-17,04:32:42,Debit Card,32140,IRCTC,Pune,ATM,No,Normal Transaction
908324,500000168,2026-10-27,12:45:03,NEFT,57393,PhonePe,Bengaluru,ATM,No,Normal Transaction
908325,500000035,2026-07-05,10:33:12,Debit Card,25711,Zomato,Pune,POS,No,Normal Transaction
908326,500000049,2026-12-27,22:28:19,Credit Card,16549,Paytm,Bengaluru,ATM,No,Normal Transaction
908327,500000047,2026-09-11,15:47:47,Debit Card,33366,DMart,Hyderabad,POS,No,Normal Transaction
908328,500000075,2026-10-02,13:42:20,NEFT,75022,Zomato,Delhi,ATM,No,Normal Transaction
908329,500000060,2026-11-06,01:01:47,NEFT,94248,Uber,Hyderabad,Mobile,No,Normal Transaction
908330,500000137,2026-06-03,02:34:11,RTGS,51120,DMart,Lucknow,POS,No,Normal Transaction
908331,500000097,2026-07-09,01:00:42,IMPS,24268,Zomato,Mumbai,POS,No,Normal Transaction
908332,500000019,2026-04-01,07:12:55,NEFT,47247,Zomato,Mumbai,POS,No,Normal Transaction
908333,500000007,2026-01-05,00:50:53,RTGS,73097,Swiggy,Hyderabad,Mobile,No,Normal Transaction
908334,500000174,2026-06-26,03:52:29,UPI,15604,Reliance,Hyderabad,POS,No,Normal Transaction
908335,500000008,2026-11-24,15:48:40,NEFT,79285,Reliance,Pune,Mobile,No,Normal Transaction
908336,500000025,2026-03-09,01:33:32,Credit Card,51687,Swiggy,Mumbai,Laptop,No,Normal Transaction
908337,500000016,2026-05-30,09:59:07,NEFT,45510,Swiggy,Mumbai,Laptop,No,Normal Transaction
908338,500000163,2026-09-16,18:20:18,Debit Card,58880,Paytm,Mumbai,ATM,No,Normal Transaction
908339,500000144,2026-10-05,02:42:37,ATM,75427,Swiggy,Lucknow,POS,No,Normal Transaction
908340,500000103,2026-03-17,17:02:28,ATM,60130,DMart,Kolkata,Laptop,No,Normal Transaction
908341,500000177,2026-09-21,12:53:44,Debit Card,92528,Swiggy,Mumbai,ATM,No,Normal Transaction
908342,500000054,2026-03-30,13:39:33,ATM,50741,IRCTC,Mumbai,ATM,No,Normal Transaction
908343,500000103,2026-11-04,02:20:10,UPI,28821,Paytm,Bengaluru,Mobile,No,Normal Transaction
908344,500000011,2026-10-24,22:09:00,IMPS,64638,DMart,Delhi,POS,No,Normal Transaction
908345,500000083,2026-11-05,23:22:21,UPI,12460,IRCTC,Bengaluru,Laptop,No,Normal Transaction
908346,500000057,2026-01-26,07:59:17,RTGS,81386,Uber,Delhi,Mobile,No,Normal Transaction
908347,500000046,2026-04-23,13:26:27,UPI,93891,Uber,Mumbai,POS,No,Normal Transaction
908348,500000147,2026-05-01,11:40:52,IMPS,83489,IRCTC,Delhi,POS,No,Normal Transaction
908349,500000013,2026-03-04,06:16:50,Debit Card,77111,DMart,Delhi,ATM,No,Normal Transaction
908350,500000115,2026-04-28,11:28:45,Credit Card,95441,Flipkart,Pune,Laptop,No,Normal Transaction
908351,500000088,2026-07-08,05:16:41,Debit Card,88658,Uber,Bengaluru,Mobile,No,Normal Transaction
908352,500000112,2026-07-21,00:54:13,ATM,16660,Uber,Lucknow,POS,No,Normal Transaction
908353,500000064,2026-08-22,21:15:42,Credit Card,98066,Zomato,Lucknow,Mobile,No,Normal Transaction
908354,500000138,2026-03-27,03:51:20,RTGS,57055,Flipkart,Kolkata,ATM,No,Normal Transaction
908355,500000038,2026-04-01,15:14:20,RTGS,86301,Uber,Kolkata,POS,No,Normal Transaction
908356,500000099,2026-03-16,11:44:17,UPI,91331,Swiggy,Delhi,ATM,No,Normal Transaction
908357,500000032,2026-08-11,06:57:39,ATM,4474,PhonePe,Mumbai,POS,No,Normal Transaction
908358,500000116,2026-05-20,02:59:21,NEFT,23831,DMart,Kolkata,ATM,No,Normal Transaction
908359,500000038,2026-09-15,07:03:03,RTGS,35821,Amazon,Pune,POS,No,Normal Transaction
908360,500000050,2026-12-24,14:33:54,IMPS,3066,DMart,Pune,POS,No,Normal Transaction
908361,500000055,2026-08-03,08:59:39,Debit Card,60179,Amazon,Delhi,Laptop,Yes,Different City
908362,500000090,2026-02-09,20:44:36,RTGS,96312,Amazon,Hyderabad,Mobile,No,Normal Transaction
908363,500000095,2026-07-09,17:40:41,RTGS,47792,Zomato,Mumbai,Laptop,No,Normal Transaction
908364,500000012,2026-08-06,13:04:16,RTGS,12957,Amazon,Hyderabad,POS,No,Normal Transaction
908365,500000041,2026-05-06,04:24:32,Debit Card,22206,PhonePe,Mumbai,Mobile,No,Normal Transaction
908366,500000026,2026-06-03,09:58:59,RTGS,41870,Amazon,Hyderabad,ATM,No,Normal Transaction
908367,500000033,2026-02-25,10:57:51,NEFT,20393,IRCTC,Pune,POS,No,Normal Transaction
908368,500000041,2026-01-12,11:24:35,Debit Card,94023,Paytm,Lucknow,Laptop,No,Normal Transaction
908369,500000110,2026-08-06,16:01:36,ATM,85390,Uber,Delhi,POS,No,Normal Transaction
908370,500000011,2026-02-16,03:55:00,Debit Card,62550,Swiggy,Bengaluru,ATM,No,Normal Transaction
908371,500000027,2026-11-14,22:34:52,Credit Card,17010,Flipkart,Lucknow,Mobile,No,Normal Transaction
908372,500000165,2026-06-07,15:38:04,UPI,16010,Amazon,Pune,POS,No,Normal Transaction
908373,500000041,2026-05-13,01:19:44,Debit Card,68960,PhonePe,Lucknow,Laptop,No,Normal Transaction
908374,500000128,2026-11-06,16:31:11,NEFT,42319,PhonePe,Pune,ATM,No,Normal Transaction
908375,500000091,2026-10-15,15:43:55,Debit Card,84092,Swiggy,Mumbai,Mobile,No,Normal Transaction
908376,500000133,2026-08-19,22:37:15,Credit Card,37598,PhonePe,Mumbai,POS,No,Normal Transaction
908377,500000063,2026-06-15,20:40:59,Debit Card,78197,Uber,Bengaluru,POS,No,Normal Transaction
908378,500000064,2026-11-20,03:37:03,Debit Card,35807,Swiggy,Pune,Mobile,No,Normal Transaction
908379,500000051,2026-06-24,16:15:19,UPI,47276,DMart,Delhi,ATM,No,Normal Transaction
908380,500000066,2026-05-09,08:07:22,Credit Card,53688,DMart,Pune,Mobile,No,Normal Transaction
908381,500000084,2026-11-02,14:15:22,Debit Card,87499,Zomato,Delhi,Laptop,No,Normal Transaction
908382,500000163,2026-10-22,01:14:46,ATM,52194,PhonePe,Hyderabad,Mobile,No,Normal Transaction
908383,500000035,2026-11-10,14:24:58,UPI,24412,IRCTC,Hyderabad,Mobile,No,Normal Transaction
908384,500000101,2026-03-28,11:18:49,Credit Card,98834,IRCTC,Lucknow,Mobile,No,Normal Transaction
908385,500000088,2026-01-23,01:38:31,RTGS,11865,IRCTC,Bengaluru,Mobile,No,Normal Transaction
908386,500000107,2026-07-19,15:28:26,NEFT,88040,Uber,Bengaluru,Mobile,No,Normal Transaction
908387,500000044,2026-07-16,12:04:37,ATM,96572,Flipkart,Delhi,Mobile,No,Normal Transaction
908388,500000052,2026-08-15,04:51:01,UPI,63513,Amazon,Delhi,Mobile,No,Normal Transaction
908389,500000041,2026-03-24,21:44:21,Credit Card,25817,Zomato,Delhi,ATM,No,Normal Transaction
908390,500000082,2026-09-09,01:25:29,IMPS,98417,Reliance,Kolkata,Laptop,No,Normal Transaction
908391,500000103,2026-10-21,02:40:37,RTGS,96554,Uber,Lucknow,Mobile,No,Normal Transaction
908392,500000075,2026-01-06,07:40:51,Debit Card,88058,Uber,Delhi,Mobile,No,Normal Transaction
908393,500000006,2027-01-01,04:41:02,RTGS,19978,DMart,Kolkata,POS,No,Normal Transaction
908394,500000112,2026-11-19,08:24:57,Debit Card,33960,Amazon,Hyderabad,Laptop,No,Normal Transaction
908395,500000042,2026-07-19,22:55:34,NEFT,24291,Zomato,Pune,Mobile,No,Normal Transaction
908396,500000137,2026-07-11,09:34:33,RTGS,78088,IRCTC,Mumbai,POS,No,Normal Transaction
908397,500000124,2027-01-01,18:31:28,Debit Card,48016,Zomato,Delhi,Mobile,No,Normal Transaction
908398,500000006,2026-09-09,14:36:10,NEFT,79020,Reliance,Pune,POS,No,Normal Transaction
908399,500000076,2026-04-01,17:13:33,Credit Card,69097,Reliance,Pune,POS,No,Normal Transaction
908400,500000085,2026-11-20,14:10:52,RTGS,6925,PhonePe,Mumbai,POS,No,Normal Transaction
908401,500000065,2026-02-27,18:51:31,ATM,38349,Amazon,Pune,ATM,No,Normal Transaction
908402,500000136,2026-11-17,05:47:56,RTGS,60645,Zomato,Bengaluru,ATM,No,Normal Transaction
908403,500000052,2026-03-22,18:22:16,Debit Card,39433,Uber,Hyderabad,Laptop,No,Normal Transaction
908404,500000107,2026-11-23,03:53:30,ATM,8087,Swiggy,Kolkata,Mobile,No,Normal Transaction
908405,500000160,2026-01-02,23:49:18,RTGS,33455,Uber,Hyderabad,ATM,No,Normal Transaction
908406,500000032,2026-12-26,06:12:03,Credit Card,87781,Flipkart,Delhi,ATM,No,Normal Transaction
908407,500000045,2026-03-31,20:52:15,RTGS,67269,Paytm,Lucknow,Mobile,No,Normal Transaction
908408,500000047,2026-08-03,18:31:38,UPI,3865,Amazon,Pune,Mobile,No,Normal Transaction
908409,500000162,2026-07-03,11:12:10,UPI,28320,Zomato,Kolkata,ATM,No,Normal Transaction
908410,500000077,2026-04-07,21:44:52,IMPS,98731,DMart,Kolkata,Mobile,No,Normal Transaction
908411,500000091,2026-07-07,16:19:43,Debit Card,20436,Zomato,Bengaluru,Laptop,No,Normal Transaction
908412,500000045,2026-04-12,12:35:52,Debit Card,13670,Uber,Pune,Laptop,No,Normal Transaction
908413,500000049,2026-01-30,09:09:36,NEFT,12348,Paytm,Pune,Mobile,No,Normal Transaction
908414,500000061,2026-03-18,09:35:54,UPI,70795,Swiggy,Mumbai,Mobile,No,Normal Transaction
908415,500000136,2026-04-20,22:54:24,IMPS,55544,PhonePe,Pune,Mobile,Yes,Different City
908416,500000138,2026-02-06,15:45:41,Debit Card,65498,Reliance,Bengaluru,Laptop,No,Normal Transaction
908417,500000055,2026-09-17,03:15:12,UPI,13291,IRCTC,Kolkata,POS,No,Normal Transaction
908418,500000074,2026-07-12,19:49:45,UPI,94570,Uber,Mumbai,Mobile,No,Normal Transaction
908419,500000116,2026-09-14,03:37:34,IMPS,63101,Paytm,Mumbai,POS,No,Normal Transaction
908420,500000135,2026-04-23,01:58:43,IMPS,3115,IRCTC,Lucknow,ATM,No,Normal Transaction
908421,500000027,2026-02-28,09:31:43,ATM,94054,DMart,Pune,Laptop,No,Normal Transaction
908422,500000015,2026-03-15,16:07:53,RTGS,33447,Amazon,Hyderabad,Mobile,No,Normal Transaction
908423,500000171,2026-04-14,18:57:23,RTGS,75996,Flipkart,Delhi,POS,No,Normal Transaction
908424,500000042,2026-07-12,22:14:46,UPI,65490,PhonePe,Lucknow,ATM,No,Normal Transaction
908425,500000071,2026-11-14,22:26:59,Credit Card,37445,IRCTC,Delhi,Laptop,No,Normal Transaction
908426,500000072,2026-09-06,19:24:51,Credit Card,64021,Uber,Bengaluru,Mobile,No,Normal Transaction
908427,500000031,2026-06-09,12:55:48,UPI,38611,PhonePe,Kolkata,Mobile,No,Normal Transaction
908428,500000071,2026-12-06,18:40:14,Credit Card,45640,Amazon,Pune,POS,No,Normal Transaction
908429,500000059,2026-02-24,09:00:29,IMPS,78613,Flipkart,Bengaluru,ATM,No,Normal Transaction
908430,500000004,2026-06-29,19:04:22,UPI,17079,Reliance,Pune,POS,No,Normal Transaction
908431,500000064,2026-09-10,08:12:14,Credit Card,53103,Zomato,Lucknow,Mobile,No,Normal Transaction
908432,500000020,2026-05-22,14:55:48,ATM,8273,DMart,Hyderabad,ATM,No,Normal Transaction
908433,500000121,2026-05-20,04:56:46,RTGS,76754,Reliance,Lucknow,Laptop,No,Normal Transaction
908434,500000068,2026-01-12,04:24:20,RTGS,9063,Flipkart,Delhi,Mobile,No,Normal Transaction
908435,500000043,2026-03-07,13:14:54,RTGS,65074,Paytm,Lucknow,Mobile,No,Normal Transaction
908436,500000147,2026-03-18,18:26:33,Debit Card,9453,Paytm,Delhi,Laptop,No,Normal Transaction
908437,500000011,2026-03-06,21:31:12,NEFT,96647,Amazon,Lucknow,Laptop,No,Normal Transaction
908438,500000180,2026-12-13,03:40:37,IMPS,81065,Flipkart,Kolkata,POS,No,Normal Transaction
908439,500000085,2026-02-12,10:39:52,UPI,9753,PhonePe,Lucknow,Mobile,No,Normal Transaction
908440,500000075,2026-07-06,19:46:57,Debit Card,87339,Amazon,Mumbai,ATM,No,Normal Transaction
908441,500000007,2026-11-08,13:37:54,UPI,12854,Flipkart,Mumbai,POS,No,Normal Transaction
908442,500000030,2026-01-29,03:06:29,NEFT,79394,Swiggy,Kolkata,POS,No,Normal Transaction
908443,500000098,2026-11-25,06:29:13,Debit Card,86998,Paytm,Delhi,Mobile,No,Normal Transaction
908444,500000014,2026-01-02,10:06:00,UPI,61951,Swiggy,Lucknow,ATM,No,Normal Transaction
908445,500000053,2026-05-16,19:40:45,Credit Card,47379,PhonePe,Kolkata,POS,No,Normal Transaction
908446,500000010,2026-11-21,19:19:32,RTGS,14508,DMart,Lucknow,POS,No,Normal Transaction
908447,500000062,2026-04-20,15:11:51,RTGS,12337,Paytm,Hyderabad,POS,No,Normal Transaction
908448,500000088,2026-11-21,23:43:30,RTGS,51470,DMart,Kolkata,ATM,No,Normal Transaction
908449,500000034,2026-09-18,05:21:59,UPI,22274,Paytm,Lucknow,ATM,No,Normal Transaction
908450,500000090,2026-07-12,08:39:28,UPI,5318,PhonePe,Lucknow,Mobile,No,Normal Transaction
908451,500000047,2026-05-18,06:57:03,Debit Card,75250,Paytm,Hyderabad,Mobile,No,Normal Transaction
908452,500000008,2026-06-20,20:33:10,Credit Card,6165,Amazon,Bengaluru,Mobile,No,Normal Transaction
908453,500000134,2026-02-06,23:46:21,UPI,53468,IRCTC,Pune,Laptop,No,Normal Transaction
908454,500000157,2026-01-09,09:18:59,RTGS,53831,Swiggy,Bengaluru,Mobile,No,Normal Transaction
908455,500000034,2026-09-01,04:18:26,ATM,47767,Uber,Bengaluru,ATM,No,Normal Transaction
908456,500000095,2026-06-04,02:08:56,NEFT,55326,Paytm,Hyderabad,Laptop,No,Normal Transaction
908457,500000086,2026-10-23,11:11:03,ATM,14444,DMart,Pune,Laptop,No,Normal Transaction
908458,500000058,2026-01-16,15:06:37,ATM,91692,Swiggy,Pune,Laptop,No,Normal Transaction
908459,500000090,2026-01-14,23:47:10,ATM,98968,Amazon,Pune,POS,Yes,Midnight Transaction
908460,500000049,2026-10-05,18:17:39,Debit Card,46359,PhonePe,Mumbai,ATM,No,Normal Transaction
908461,500000128,2026-05-17,06:33:51,IMPS,4523,Swiggy,Kolkata,Laptop,No,Normal Transaction
908462,500000162,2026-09-06,15:33:22,NEFT,73915,Amazon,Bengaluru,POS,No,Normal Transaction
908463,500000149,2026-11-09,21:12:58,IMPS,54400,Reliance,Kolkata,ATM,No,Normal Transaction
908464,500000053,2026-07-05,13:06:39,IMPS,1840,DMart,Pune,Laptop,No,Normal Transaction
908465,500000095,2026-04-05,23:58:05,Debit Card,4775,Reliance,Mumbai,Mobile,No,Normal Transaction
908466,500000034,2026-03-30,22:44:46,RTGS,95020,DMart,Lucknow,ATM,No,Normal Transaction
908467,500000058,2026-05-12,00:19:36,ATM,70394,Zomato,Bengaluru,Mobile,No,Normal Transaction
908468,500000027,2026-12-03,04:48:41,NEFT,9470,Swiggy,Kolkata,Laptop,No,Normal Transaction
908469,500000056,2026-12-06,14:34:26,UPI,84891,DMart,Mumbai,Mobile,No,Normal Transaction
908470,500000140,2026-05-13,17:25:31,Debit Card,24980,DMart,Bengaluru,POS,No,Normal Transaction
908471,500000051,2026-01-16,14:17:34,NEFT,41732,Zomato,Bengaluru,POS,No,Normal Transaction
908472,500000025,2026-06-05,11:23:22,Debit Card,69712,Uber,Bengaluru,ATM,No,Normal Transaction
908473,500000066,2026-11-19,06:13:35,ATM,13584,IRCTC,Bengaluru,POS,Yes,Multiple Transactions
908474,500000157,2026-04-10,00:20:54,NEFT,61994,Flipkart,Kolkata,POS,No,Normal Transaction
908475,500000127,2026-06-17,16:55:41,UPI,91561,Paytm,Hyderabad,Laptop,No,Normal Transaction
908476,500000180,2026-10-08,21:24:38,RTGS,66285,IRCTC,Pune,Laptop,No,Normal Transaction
908477,500000085,2026-01-06,12:29:31,ATM,84269,PhonePe,Lucknow,Mobile,No,Normal Transaction
908478,500000145,2026-07-02,00:57:14,UPI,20267,Paytm,Mumbai,POS,No,Normal Transaction
908479,500000013,2026-01-12,10:39:10,IMPS,38547,Swiggy,Mumbai,Laptop,Yes,Midnight Transaction
908480,500000112,2026-03-23,12:08:05,NEFT,62645,Zomato,Bengaluru,Mobile,No,Normal Transaction
908481,500000170,2026-09-19,07:10:22,RTGS,5539,DMart,Kolkata,ATM,No,Normal Transaction
908482,500000173,2026-10-05,20:55:27,RTGS,14744,Reliance,Delhi,Laptop,No,Normal Transaction
908483,500000168,2026-12-03,23:46:23,NEFT,526,PhonePe,Hyderabad,POS,No,Normal Transaction
908484,500000098,2026-11-01,18:38:44,ATM,89374,IRCTC,Hyderabad,ATM,No,Normal Transaction
908485,500000135,2026-09-22,20:50:46,Debit Card,1273,DMart,Kolkata,Mobile,No,Normal Transaction
908486,500000094,2026-03-31,19:03:00,UPI,69935,Paytm,Hyderabad,POS,No,Normal Transaction
908487,500000164,2026-12-16,05:16:25,ATM,37521,Amazon,Delhi,Laptop,No,Normal Transaction
908488,500000159,2026-10-14,07:14:45,UPI,40432,DMart,Hyderabad,Mobile,No,Normal Transaction
908489,500000024,2026-06-21,15:39:08,UPI,97924,Swiggy,Lucknow,Mobile,No,Normal Transaction
908490,500000149,2026-11-04,10:23:03,RTGS,75290,IRCTC,Bengaluru,Mobile,No,Normal Transaction
908491,500000049,2026-11-04,01:30:04,ATM,1194,DMart,Lucknow,Laptop,No,Normal Transaction
908492,500000078,2026-08-09,07:17:36,ATM,41907,Uber,Bengaluru,Mobile,No,Normal Transaction
908493,500000097,2026-09-04,10:52:51,NEFT,92953,Swiggy,Pune,POS,No,Normal Transaction
908494,500000036,2026-07-20,03:14:14,Credit Card,83155,Amazon,Bengaluru,Laptop,No,Normal Transaction
908495,500000113,2026-04-24,10:47:41,IMPS,69181,Zomato,Mumbai,Laptop,No,Normal Transaction
908496,500000044,2026-12-16,03:55:04,ATM,16857,Swiggy,Lucknow,Mobile,No,Normal Transaction
908497,500000064,2026-09-23,09:05:18,NEFT,58228,Swiggy,Delhi,Laptop,No,Normal Transaction
908498,500000167,2026-07-05,17:04:34,Debit Card,22915,PhonePe,Kolkata,ATM,No,Normal Transaction
908499,500000077,2026-12-23,09:31:21,ATM,68687,DMart,Pune,Laptop,No,Normal Transaction
908500,500000056,2026-05-24,19:45:45,UPI,55517,Swiggy,Mumbai,ATM,No,Normal Transaction
908501,500000008,2026-09-04,04:33:40,Credit Card,39350,IRCTC,Delhi,POS,No,Normal Transaction
908502,500000067,2026-08-23,20:12:35,IMPS,69539,Uber,Kolkata,ATM,No,Normal Transaction
908503,500000061,2026-12-25,18:44:43,RTGS,68383,PhonePe,Mumbai,Mobile,No,Normal Transaction
908504,500000103,2026-02-28,14:39:36,Credit Card,84893,Flipkart,Mumbai,ATM,No,Normal Transaction
908505,500000096,2026-11-06,23:33:12,Credit Card,27661,Amazon,Lucknow,POS,No,Normal Transaction
908506,500000100,2026-09-07,00:25:08,ATM,33086,Paytm,Pune,Mobile,No,Normal Transaction
908507,500000074,2026-10-26,16:54:27,ATM,46566,DMart,Bengaluru,ATM,No,Normal Transaction
908508,500000083,2026-04-15,16:01:40,ATM,32539,Paytm,Lucknow,ATM,No,Normal Transaction
908509,500000180,2026-01-17,22:42:47,Credit Card,64464,DMart,Delhi,Mobile,No,Normal Transaction
908510,500000092,2026-03-10,18:41:03,UPI,27843,Uber,Kolkata,Laptop,No,Normal Transaction
908511,500000039,2026-01-08,10:12:12,UPI,11667,IRCTC,Delhi,ATM,No,Normal Transaction
908512,500000088,2026-01-18,14:54:55,UPI,25942,DMart,Bengaluru,Laptop,No,Normal Transaction
908513,500000100,2026-03-19,19:20:23,NEFT,61190,DMart,Delhi,Mobile,No,Normal Transaction
908514,500000054,2026-12-01,19:33:07,UPI,87541,Swiggy,Bengaluru,Mobile,No,Normal Transaction
908515,500000075,2026-03-03,01:05:20,IMPS,78144,Uber,Bengaluru,Laptop,No,Normal Transaction
908516,500000038,2026-02-11,21:44:24,UPI,98843,Paytm,Kolkata,Mobile,No,Normal Transaction
908517,500000098,2026-01-12,15:32:01,Credit Card,71050,PhonePe,Delhi,ATM,No,Normal Transaction
908518,500000107,2026-10-04,02:03:08,Credit Card,77221,Uber,Mumbai,Mobile,No,Normal Transaction
908519,500000120,2026-08-28,00:09:30,NEFT,56016,Swiggy,Hyderabad,Laptop,No,Normal Transaction
908520,500000050,2026-05-03,08:43:42,ATM,53276,Reliance,Mumbai,Laptop,No,Normal Transaction
908521,500000115,2026-03-25,02:20:36,RTGS,96289,Flipkart,Pune,POS,No,Normal Transaction
908522,500000002,2026-03-28,08:05:12,IMPS,36833,Paytm,Lucknow,Mobile,No,Normal Transaction
908523,500000038,2026-11-19,12:21:27,Debit Card,66294,Uber,Delhi,POS,No,Normal Transaction
908524,500000144,2026-09-03,22:29:47,Credit Card,55798,Flipkart,Kolkata,POS,No,Normal Transaction
908525,500000034,2026-01-26,13:04:33,ATM,3903,PhonePe,Lucknow,ATM,No,Normal Transaction
908526,500000157,2026-10-25,13:15:32,ATM,39270,PhonePe,Bengaluru,ATM,No,Normal Transaction
908527,500000116,2026-10-18,11:06:20,Debit Card,88652,DMart,Lucknow,Mobile,No,Normal Transaction
908528,500000021,2026-06-10,01:05:20,NEFT,23964,IRCTC,Mumbai,ATM,No,Normal Transaction
908529,500000163,2026-07-16,02:42:28,NEFT,21720,IRCTC,Mumbai,POS,No,Normal Transaction
908530,500000056,2026-01-27,05:51:44,Debit Card,6631,IRCTC,Kolkata,Laptop,No,Normal Transaction
908531,500000046,2026-03-17,03:19:46,RTGS,627,Paytm,Lucknow,POS,No,Normal Transaction
908532,500000114,2026-11-16,09:57:02,Debit Card,12309,DMart,Lucknow,POS,No,Normal Transaction
908533,500000148,2026-04-23,05:47:16,NEFT,68664,IRCTC,Mumbai,Mobile,No,Normal Transaction
908534,500000154,2026-07-09,02:03:14,Credit Card,42195,Amazon,Kolkata,Laptop,No,Normal Transaction
908535,500000074,2026-07-11,17:52:50,RTGS,5363,Paytm,Hyderabad,POS,No,Normal Transaction
908536,500000075,2026-06-15,03:36:36,ATM,58232,Amazon,Bengaluru,POS,No,Normal Transaction
908537,500000057,2026-12-23,19:25:54,Debit Card,61834,PhonePe,Delhi,Mobile,Yes,Different City
908538,500000001,2026-12-28,15:00:28,UPI,14085,Swiggy,Delhi,Mobile,No,Normal Transaction
908539,500000166,2026-04-25,09:17:28,ATM,75716,DMart,Hyderabad,ATM,No,Normal Transaction
908540,500000143,2026-05-22,16:59:12,ATM,77255,Amazon,Delhi,Mobile,No,Normal Transaction
908541,500000173,2026-09-12,03:30:22,IMPS,24554,Reliance,Bengaluru,Laptop,No,Normal Transaction
908542,500000084,2026-12-13,18:39:17,Debit Card,30930,Swiggy,Mumbai,Mobile,No,Normal Transaction
908543,500000005,2026-08-26,00:04:54,ATM,6708,Reliance,Lucknow,ATM,No,Normal Transaction
908544,500000161,2026-01-26,10:53:12,NEFT,1479,Swiggy,Hyderabad,ATM,No,Normal Transaction
908545,500000180,2026-01-04,03:26:26,RTGS,57139,Reliance,Delhi,Laptop,No,Normal Transaction
908546,500000056,2026-07-28,19:03:30,RTGS,81216,Zomato,Lucknow,Mobile,No,Normal Transaction
908547,500000025,2026-11-23,07:25:08,ATM,82339,Amazon,Kolkata,POS,No,Normal Transaction
908548,500000071,2026-02-06,04:36:20,NEFT,61266,PhonePe,Delhi,ATM,No,Normal Transaction
908549,500000126,2026-07-21,07:38:28,IMPS,19306,Swiggy,Mumbai,ATM,No,Normal Transaction
908550,500000149,2026-11-05,13:16:15,UPI,64717,Uber,Lucknow,Laptop,No,Normal Transaction
908551,500000046,2026-05-16,06:26:49,ATM,61806,Uber,Delhi,Laptop,No,Normal Transaction
908552,500000036,2026-02-06,16:06:49,Debit Card,50484,Amazon,Lucknow,Mobile,No,Normal Transaction
908553,500000096,2026-04-20,12:24:47,UPI,57357,DMart,Hyderabad,POS,No,Normal Transaction
908554,500000032,2026-03-08,17:44:57,Debit Card,51485,Uber,Kolkata,Laptop,No,Normal Transaction
908555,500000108,2026-09-30,17:43:04,UPI,41454,IRCTC,Delhi,ATM,No,Normal Transaction
908556,500000077,2026-07-01,13:38:12,Debit Card,27563,Swiggy,Delhi,Mobile,No,Normal Transaction
908557,500000123,2026-02-24,00:58:49,Debit Card,77987,Paytm,Mumbai,POS,No,Normal Transaction
908558,500000133,2026-07-12,23:13:50,Debit Card,60607,Paytm,Delhi,Mobile,No,Normal Transaction
908559,500000177,2026-11-16,23:57:02,IMPS,69507,Paytm,Bengaluru,Laptop,No,Normal Transaction
908560,500000115,2026-01-03,07:17:44,ATM,32474,Swiggy,Delhi,Laptop,No,Normal Transaction
908561,500000006,2026-06-12,17:05:46,Debit Card,73192,Amazon,Delhi,POS,No,Normal Transaction
908562,500000176,2026-12-25,10:20:09,ATM,38684,Paytm,Bengaluru,POS,No,Normal Transaction
908563,500000135,2026-05-30,19:43:15,Credit Card,81798,IRCTC,Delhi,ATM,No,Normal Transaction
908564,500000174,2026-09-05,23:19:50,UPI,33605,PhonePe,Delhi,Mobile,No,Normal Transaction
908565,500000087,2026-12-12,12:59:04,Credit Card,54574,Flipkart,Lucknow,Mobile,No,Normal Transaction
908566,500000134,2026-12-25,11:29:28,ATM,83647,Reliance,Hyderabad,POS,No,Normal Transaction
908567,500000086,2026-06-02,01:08:17,Credit Card,35302,Swiggy,Pune,Mobile,No,Normal Transaction
908568,500000141,2026-07-17,11:39:51,NEFT,73589,IRCTC,Delhi,POS,No,Normal Transaction
908569,500000102,2026-10-25,03:28:47,UPI,10838,Swiggy,Lucknow,Mobile,No,Normal Transaction
908570,500000083,2026-03-30,17:32:32,UPI,91374,Swiggy,Mumbai,ATM,No,Normal Transaction
908571,500000054,2026-05-18,20:41:44,Debit Card,58802,DMart,Bengaluru,ATM,No,Normal Transaction
908572,500000157,2026-01-08,03:32:35,Credit Card,6709,Zomato,Delhi,POS,No,Normal Transaction
908573,500000074,2026-10-30,11:53:01,ATM,30636,Reliance,Kolkata,ATM,No,Normal Transaction
908574,500000019,2026-10-21,13:45:26,NEFT,40250,Zomato,Kolkata,ATM,No,Normal Transaction
908575,500000022,2026-01-28,23:42:42,Credit Card,40096,Paytm,Mumbai,Mobile,No,Normal Transaction
908576,500000013,2026-03-12,23:22:59,UPI,16707,PhonePe,Hyderabad,Mobile,No,Normal Transaction
908577,500000083,2026-11-05,21:14:10,ATM,41156,Reliance,Pune,Mobile,No,Normal Transaction
908578,500000033,2026-06-25,02:09:11,Credit Card,8317,Swiggy,Bengaluru,Laptop,No,Normal Transaction
908579,500000004,2026-02-06,07:27:59,Credit Card,90013,Flipkart,Hyderabad,ATM,No,Normal Transaction
908580,500000096,2026-08-18,17:49:59,Debit Card,59026,Amazon,Delhi,Mobile,No,Normal Transaction
908581,500000135,2026-03-15,07:17:57,RTGS,4119,Flipkart,Lucknow,POS,No,Normal Transaction
908582,500000058,2026-04-01,20:25:03,Credit Card,28921,Swiggy,Lucknow,Mobile,No,Normal Transaction
908583,500000136,2026-03-30,02:17:58,IMPS,96281,IRCTC,Kolkata,ATM,No,Normal Transaction
908584,500000033,2026-06-18,18:56:02,Debit Card,32841,Zomato,Bengaluru,Laptop,No,Normal Transaction
908585,500000113,2026-05-25,20:21:37,NEFT,26913,Flipkart,Kolkata,Laptop,No,Normal Transaction
908586,500000061,2026-09-11,20:17:16,NEFT,28524,IRCTC,Delhi,Laptop,No,Normal Transaction
908587,500000015,2026-06-04,16:00:57,Debit Card,76357,DMart,Mumbai,Laptop,No,Normal Transaction
908588,500000166,2026-08-24,12:58:24,ATM,91538,Zomato,Pune,Mobile,No,Normal Transaction
908589,500000151,2026-03-01,18:53:18,Debit Card,95220,Swiggy,Bengaluru,ATM,No,Normal Transaction
908590,500000121,2026-10-19,09:25:01,NEFT,82156,Flipkart,Mumbai,Mobile,No,Normal Transaction
908591,500000011,2026-10-03,12:53:04,RTGS,64949,Flipkart,Pune,ATM,No,Normal Transaction
908592,500000154,2026-01-31,12:50:54,IMPS,34900,Flipkart,Lucknow,ATM,No,Normal Transaction
908593,500000073,2026-02-03,08:33:06,IMPS,56706,DMart,Lucknow,POS,No,Normal Transaction
908594,500000049,2026-01-24,16:32:59,ATM,23040,Reliance,Mumbai,ATM,No,Normal Transaction
908595,500000177,2026-06-30,05:16:39,UPI,99469,Uber,Delhi,Mobile,No,Normal Transaction
908596,500000161,2026-09-26,14:28:43,Debit Card,48887,DMart,Hyderabad,ATM,No,Normal Transaction
908597,500000051,2026-04-28,03:59:20,IMPS,76054,PhonePe,Hyderabad,Laptop,No,Normal Transaction
908598,500000009,2026-11-05,07:06:12,Debit Card,9127,Reliance,Lucknow,Mobile,No,Normal Transaction
908599,500000080,2026-02-13,16:06:45,ATM,50499,Flipkart,Pune,Laptop,No,Normal Transaction
908600,500000133,2026-07-27,02:47:28,Credit Card,13011,Zomato,Bengaluru,Mobile,No,Normal Transaction
908601,500000129,2026-01-16,07:17:26,ATM,39459,IRCTC,Lucknow,Mobile,No,Normal Transaction
908602,500000137,2026-02-17,20:59:37,RTGS,84240,Zomato,Kolkata,Laptop,No,Normal Transaction
908603,500000167,2026-02-26,17:30:02,IMPS,59359,PhonePe,Lucknow,POS,No,Normal Transaction
908604,500000045,2026-04-04,20:56:57,IMPS,45576,Flipkart,Delhi,Mobile,No,Normal Transaction
908605,500000024,2026-09-02,09:45:23,Debit Card,54204,Zomato,Hyderabad,Mobile,No,Normal Transaction
908606,500000091,2026-02-17,16:27:48,Credit Card,85628,DMart,Pune,Laptop,No,Normal Transaction
908607,500000160,2026-04-14,03:19:16,Debit Card,61614,Reliance,Mumbai,ATM,No,Normal Transaction
908608,500000034,2026-04-08,08:48:53,Credit Card,6349,IRCTC,Kolkata,Laptop,No,Normal Transaction
908609,500000004,2026-11-19,04:54:06,Credit Card,93955,Swiggy,Mumbai,Mobile,No,Normal Transaction
908610,500000131,2026-11-22,20:23:19,Debit Card,49805,Zomato,Lucknow,POS,No,Normal Transaction
908611,500000012,2026-10-16,21:45:28,RTGS,71279,Paytm,Lucknow,Laptop,Yes,Different City
908612,500000066,2026-08-31,11:45:27,RTGS,71925,Zomato,Hyderabad,Laptop,No,Normal Transaction
908613,500000136,2026-08-25,09:23:07,NEFT,41855,Reliance,Pune,Laptop,No,Normal Transaction
908614,500000159,2026-12-30,18:44:27,Debit Card,39990,Uber,Lucknow,Mobile,No,Normal Transaction
908615,500000155,2026-04-19,22:51:18,RTGS,38172,Flipkart,Pune,ATM,No,Normal Transaction
908616,500000059,2026-08-22,00:08:36,IMPS,3321,PhonePe,Hyderabad,POS,No,Normal Transaction
908617,500000055,2026-08-05,11:01:36,UPI,23635,Uber,Delhi,Mobile,Yes,High Amount
908618,500000103,2026-06-26,02:43:19,Credit Card,53951,PhonePe,Kolkata,Mobile,No,Normal Transaction
908619,500000074,2026-12-02,00:31:47,RTGS,31296,Uber,Delhi,POS,No,Normal Transaction
908620,500000076,2026-06-26,11:03:05,Debit Card,40597,DMart,Pune,Laptop,No,Normal Transaction
908621,500000145,2026-06-04,08:07:19,UPI,72954,IRCTC,Mumbai,Laptop,No,Normal Transaction
908622,500000133,2026-11-04,08:39:59,ATM,10556,Amazon,Lucknow,POS,No,Normal Transaction
908623,500000046,2026-12-08,19:52:58,Credit Card,25742,PhonePe,Kolkata,ATM,No,Normal Transaction
908624,500000057,2026-02-11,16:58:31,RTGS,14478,Paytm,Mumbai,Mobile,No,Normal Transaction
908625,500000064,2026-05-29,14:46:02,RTGS,37587,IRCTC,Pune,POS,No,Normal Transaction
908626,500000155,2026-04-08,14:31:33,RTGS,59533,PhonePe,Hyderabad,ATM,No,Normal Transaction
908627,500000003,2026-01-21,12:47:37,Debit Card,89574,Reliance,Mumbai,Laptop,Yes,Different City
908628,500000135,2026-10-30,11:43:20,IMPS,23319,PhonePe,Bengaluru,POS,No,Normal Transaction
908629,500000030,2026-06-29,11:53:25,Debit Card,19448,Swiggy,Kolkata,POS,No,Normal Transaction
908630,500000124,2026-11-30,13:33:46,NEFT,5816,Flipkart,Kolkata,Mobile,No,Normal Transaction
908631,500000038,2026-04-15,11:37:17,Credit Card,79259,PhonePe,Hyderabad,Mobile,No,Normal Transaction
908632,500000110,2026-01-12,18:54:55,IMPS,30642,Amazon,Hyderabad,Laptop,No,Normal Transaction
908633,500000142,2026-06-01,03:56:07,RTGS,59114,DMart,Bengaluru,POS,No,Normal Transaction
908634,500000178,2026-12-21,09:35:16,UPI,10512,Reliance,Delhi,Mobile,No,Normal Transaction
908635,500000171,2026-02-20,07:58:42,Debit Card,57836,Uber,Pune,Mobile,No,Normal Transaction
908636,500000122,2026-09-01,14:23:38,RTGS,21452,PhonePe,Hyderabad,ATM,No,Normal Transaction
908637,500000082,2026-08-06,19:29:21,Credit Card,55466,Amazon,Mumbai,Mobile,No,Normal Transaction
908638,500000138,2026-05-06,18:04:50,Credit Card,2940,Reliance,Kolkata,ATM,No,Normal Transaction
908639,500000167,2026-02-15,09:44:18,ATM,6386,Zomato,Delhi,POS,No,Normal Transaction
908640,500000124,2026-05-25,21:11:06,IMPS,41006,Flipkart,Bengaluru,POS,No,Normal Transaction
908641,500000082,2026-12-27,00:33:09,Debit Card,63348,DMart,Delhi,ATM,No,Normal Transaction
908642,500000062,2026-07-11,23:44:15,Credit Card,29520,Swiggy,Pune,ATM,No,Normal Transaction
908643,500000143,2026-01-16,15:06:32,Credit Card,46026,Reliance,Bengaluru,Laptop,No,Normal Transaction
908644,500000010,2026-07-31,08:34:12,Credit Card,60468,IRCTC,Hyderabad,POS,No,Normal Transaction
908645,500000042,2026-12-04,02:11:10,IMPS,61781,Reliance,Delhi,Mobile,No,Normal Transaction
908646,500000089,2026-12-03,15:05:30,ATM,11279,IRCTC,Bengaluru,Laptop,No,Normal Transaction
908647,500000146,2026-12-28,02:40:40,Debit Card,56646,Reliance,Mumbai,Mobile,No,Normal Transaction
908648,500000027,2026-03-27,10:34:27,Credit Card,17919,IRCTC,Hyderabad,Laptop,No,Normal Transaction
908649,500000109,2026-01-09,12:25:45,IMPS,15299,Paytm,Delhi,POS,No,Normal Transaction
908650,500000027,2026-04-26,14:25:21,Credit Card,57789,PhonePe,Lucknow,Laptop,No,Normal Transaction
908651,500000089,2026-02-13,10:06:00,RTGS,90943,Reliance,Mumbai,Laptop,No,Normal Transaction
908652,500000022,2026-08-21,08:16:26,Debit Card,63806,DMart,Hyderabad,ATM,No,Normal Transaction
908653,500000142,2026-03-08,22:16:37,UPI,50859,IRCTC,Delhi,Mobile,No,Normal Transaction
908654,500000051,2026-12-05,11:43:35,NEFT,18881,DMart,Hyderabad,Mobile,No,Normal Transaction
908655,500000113,2026-04-14,18:52:43,UPI,83556,Reliance,Lucknow,POS,No,Normal Transaction
908656,500000101,2026-12-05,14:38:23,Credit Card,20028,IRCTC,Lucknow,Laptop,No,Normal Transaction
908657,500000025,2026-03-22,19:07:36,ATM,91320,Zomato,Pune,ATM,No,Normal Transaction
908658,500000122,2026-05-09,21:22:52,ATM,89301,Uber,Hyderabad,ATM,No,Normal Transaction
908659,500000042,2026-02-10,03:26:17,Debit Card,87177,Paytm,Lucknow,Mobile,No,Normal Transaction
908660,500000078,2026-02-21,08:31:24,NEFT,21374,Paytm,Pune,Mobile,No,Normal Transaction
908661,500000026,2026-09-30,15:41:08,UPI,16290,Reliance,Bengaluru,Laptop,No,Normal Transaction
908662,500000159,2026-06-30,06:48:13,UPI,69193,Reliance,Hyderabad,Mobile,No,Normal Transaction
908663,500000144,2026-03-03,12:20:36,Debit Card,86169,DMart,Pune,POS,No,Normal Transaction
908664,500000009,2026-05-07,05:53:22,IMPS,19806,Uber,Bengaluru,ATM,No,Normal Transaction
908665,500000008,2026-05-14,19:55:25,NEFT,68740,Flipkart,Pune,POS,No,Normal Transaction
908666,500000098,2026-06-28,15:50:43,UPI,5397,DMart,Kolkata,POS,No,Normal Transaction
908667,500000134,2026-03-14,07:39:19,IMPS,23141,Zomato,Bengaluru,Mobile,No,Normal Transaction
908668,500000171,2026-06-20,20:53:32,IMPS,15122,Reliance,Delhi,Laptop,No,Normal Transaction
908669,500000015,2026-03-26,07:39:12,Debit Card,56013,DMart,Pune,Mobile,No,Normal Transaction
908670,500000055,2026-10-21,09:23:14,RTGS,1717,Reliance,Lucknow,ATM,No,Normal Transaction
908671,500000087,2026-01-08,19:17:19,RTGS,6911,DMart,Bengaluru,Laptop,No,Normal Transaction
908672,500000153,2026-10-14,14:13:29,ATM,95185,PhonePe,Mumbai,Mobile,No,Normal Transaction
908673,500000048,2026-03-22,06:29:01,Debit Card,62679,Flipkart,Mumbai,Mobile,No,Normal Transaction
908674,500000156,2026-11-20,22:52:27,Debit Card,27181,Flipkart,Lucknow,Laptop,No,Normal Transaction
908675,500000017,2026-09-12,15:21:38,NEFT,26709,Amazon,Delhi,Laptop,No,Normal Transaction
908676,500000123,2026-03-17,20:35:20,NEFT,4338,Paytm,Delhi,POS,No,Normal Transaction
908677,500000149,2026-05-05,09:20:07,Credit Card,86255,Swiggy,Pune,Laptop,No,Normal Transaction
908678,500000023,2026-06-20,22:44:19,ATM,46862,Flipkart,Bengaluru,Mobile,No,Normal Transaction
908679,500000127,2026-11-26,03:11:04,NEFT,54228,Swiggy,Bengaluru,POS,No,Normal Transaction
908680,500000078,2026-04-22,21:18:27,NEFT,6637,Swiggy,Lucknow,ATM,No,Normal Transaction
908681,500000066,2026-04-09,11:44:01,Debit Card,48763,Uber,Lucknow,ATM,No,Normal Transaction
908682,500000146,2026-03-21,17:30:59,Debit Card,55295,Paytm,Lucknow,Laptop,No,Normal Transaction
908683,500000117,2026-09-12,13:06:33,Debit Card,32868,Reliance,Delhi,POS,No,Normal Transaction
908684,500000043,2026-02-23,20:55:40,NEFT,30822,IRCTC,Pune,Laptop,No,Normal Transaction
908685,500000110,2026-01-03,03:32:27,UPI,13327,Swiggy,Hyderabad,ATM,No,Normal Transaction
908686,500000045,2026-06-22,18:30:04,Debit Card,74993,Zomato,Pune,Laptop,No,Normal Transaction
908687,500000033,2026-01-23,21:16:10,NEFT,61464,Amazon,Delhi,POS,No,Normal Transaction
908688,500000110,2026-02-18,09:38:19,RTGS,67015,Zomato,Hyderabad,Laptop,No,Normal Transaction
908689,500000051,2026-03-21,08:57:11,ATM,91078,PhonePe,Hyderabad,Laptop,No,Normal Transaction
908690,500000075,2026-12-02,15:43:38,IMPS,18196,Reliance,Kolkata,Mobile,Yes,Multiple Transactions
908691,500000168,2026-05-07,18:15:55,NEFT,15529,Flipkart,Hyderabad,POS,No,Normal Transaction
908692,500000142,2026-04-28,13:05:57,UPI,43219,IRCTC,Mumbai,POS,No,Normal Transaction
908693,500000121,2026-01-06,21:59:11,Credit Card,4574,Uber,Hyderabad,POS,No,Normal Transaction
908694,500000020,2026-09-04,16:29:17,ATM,22646,Flipkart,Mumbai,Laptop,No,Normal Transaction
908695,500000169,2026-08-28,11:40:14,RTGS,39039,Uber,Kolkata,POS,No,Normal Transaction
908696,500000016,2026-05-21,11:32:27,Debit Card,71049,Reliance,Delhi,Laptop,No,Normal Transaction
908697,500000060,2026-06-05,00:48:27,Credit Card,82587,PhonePe,Hyderabad,ATM,No,Normal Transaction
908698,500000124,2026-06-14,10:17:30,RTGS,20323,Flipkart,Kolkata,Laptop,No,Normal Transaction
908699,500000023,2026-12-08,18:54:00,UPI,25734,PhonePe,Pune,ATM,No,Normal Transaction
908700,500000024,2026-06-05,18:37:32,Credit Card,65991,Amazon,Bengaluru,Laptop,No,Normal Transaction
908701,500000154,2026-05-01,00:08:03,Debit Card,97114,DMart,Bengaluru,ATM,No,Normal Transaction
908702,500000124,2026-10-01,03:21:49,NEFT,86650,Flipkart,Hyderabad,POS,No,Normal Transaction
908703,500000150,2026-10-09,02:27:01,UPI,17695,PhonePe,Delhi,POS,No,Normal Transaction
908704,500000179,2026-08-15,19:06:55,RTGS,7845,Zomato,Lucknow,ATM,No,Normal Transaction
908705,500000180,2026-08-10,02:34:57,UPI,78040,Reliance,Pune,Mobile,No,Normal Transaction
908706,500000063,2026-06-21,19:29:28,UPI,92898,DMart,Lucknow,Mobile,No,Normal Transaction
908707,500000170,2026-03-08,09:12:23,RTGS,44803,Swiggy,Pune,Laptop,Yes,Multiple Transactions
908708,500000135,2026-01-25,19:25:29,Credit Card,78412,Zomato,Bengaluru,POS,No,Normal Transaction
908709,500000005,2026-09-08,12:17:25,Debit Card,98258,Zomato,Kolkata,Mobile,No,Normal Transaction
908710,500000040,2026-03-21,17:58:54,Debit Card,75848,IRCTC,Hyderabad,Laptop,No,Normal Transaction
908711,500000172,2026-07-15,07:46:18,ATM,31756,Reliance,Lucknow,POS,No,Normal Transaction
908712,500000125,2026-01-25,00:41:52,Debit Card,43932,Uber,Lucknow,Mobile,No,Normal Transaction
908713,500000019,2026-08-26,08:11:26,RTGS,78535,Swiggy,Pune,Mobile,No,Normal Transaction
908714,500000009,2026-05-18,04:20:04,Debit Card,79775,IRCTC,Delhi,ATM,No,Normal Transaction
908715,500000145,2026-05-23,21:22:41,NEFT,23827,Paytm,Pune,Laptop,No,Normal Transaction
908716,500000073,2026-07-29,22:50:53,UPI,60372,Amazon,Kolkata,Mobile,No,Normal Transaction
908717,500000137,2026-11-10,23:54:03,NEFT,9623,Zomato,Hyderabad,Laptop,No,Normal Transaction
908718,500000085,2026-02-02,22:05:07,Debit Card,22251,Uber,Delhi,Laptop,No,Normal Transaction
908719,500000147,2026-03-26,19:07:02,NEFT,21049,Swiggy,Delhi,POS,No,Normal Transaction
908720,500000060,2026-07-03,12:08:30,UPI,71233,Uber,Lucknow,Laptop,No,Normal Transaction
908721,500000068,2026-11-15,16:37:51,Debit Card,44786,Reliance,Delhi,POS,No,Normal Transaction
908722,500000177,2026-07-12,07:23:55,RTGS,36960,Uber,Hyderabad,Mobile,No,Normal Transaction
908723,500000036,2026-02-19,17:07:34,IMPS,79809,Zomato,Kolkata,POS,No,Normal Transaction
908724,500000126,2026-11-24,01:26:58,RTGS,53907,PhonePe,Lucknow,POS,No,Normal Transaction
908725,500000044,2026-07-13,03:36:48,ATM,9059,Swiggy,Mumbai,ATM,No,Normal Transaction
908726,500000046,2026-12-31,21:53:24,Debit Card,63769,Paytm,Delhi,Mobile,No,Normal Transaction
908727,500000169,2026-03-30,13:13:33,NEFT,63894,Swiggy,Lucknow,Laptop,No,Normal Transaction
908728,500000065,2026-12-06,21:53:34,RTGS,46824,Flipkart,Lucknow,Laptop,No,Normal Transaction
908729,500000081,2026-01-18,14:08:38,UPI,61218,PhonePe,Pune,ATM,No,Normal Transaction
908730,500000003,2026-07-16,22:13:42,Credit Card,38790,Paytm,Kolkata,Laptop,No,Normal Transaction
908731,500000180,2026-04-28,23:02:09,NEFT,24650,DMart,Mumbai,POS,No,Normal Transaction
908732,500000158,2026-07-04,16:11:09,Debit Card,45320,Uber,Kolkata,Mobile,No,Normal Transaction
908733,500000158,2026-05-09,16:34:26,Credit Card,6633,IRCTC,Mumbai,Laptop,No,Normal Transaction
908734,500000058,2026-10-29,13:10:56,Credit Card,65768,IRCTC,Hyderabad,ATM,No,Normal Transaction
908735,500000006,2026-01-31,15:57:05,RTGS,76526,Flipkart,Hyderabad,ATM,No,Normal Transaction
908736,500000167,2026-01-27,20:04:36,ATM,24112,Swiggy,Kolkata,Laptop,No,Normal Transaction
908737,500000005,2026-04-15,15:54:15,ATM,12811,Zomato,Mumbai,POS,No,Normal Transaction
908738,500000054,2026-02-23,14:10:38,Credit Card,87460,PhonePe,Bengaluru,POS,No,Normal Transaction
908739,500000029,2026-08-20,15:02:18,ATM,72192,Amazon,Mumbai,Laptop,No,Normal Transaction
908740,500000144,2026-08-31,08:53:35,IMPS,55695,Amazon,Hyderabad,POS,No,Normal Transaction
908741,500000090,2026-09-15,08:00:08,IMPS,2276,Uber,Delhi,Laptop,No,Normal Transaction
908742,500000086,2026-01-02,02:36:15,Debit Card,40203,Swiggy,Lucknow,ATM,No,Normal Transaction
908743,500000055,2026-08-31,13:41:04,NEFT,93181,Paytm,Pune,Mobile,No,Normal Transaction
908744,500000137,2026-02-26,06:01:33,NEFT,45223,Uber,Pune,POS,No,Normal Transaction
908745,500000092,2026-12-30,16:58:12,UPI,32601,DMart,Mumbai,Laptop,No,Normal Transaction
908746,500000059,2026-07-09,11:50:34,Credit Card,39398,IRCTC,Bengaluru,Laptop,No,Normal Transaction
908747,500000097,2026-06-03,15:47:31,ATM,20213,DMart,Delhi,Laptop,No,Normal Transaction
908748,500000037,2026-05-22,01:39:02,ATM,44046,Paytm,Delhi,Mobile,No,Normal Transaction
908749,500000059,2026-07-01,10:09:49,RTGS,4414,Amazon,Hyderabad,ATM,No,Normal Transaction
908750,500000133,2026-01-06,17:12:16,ATM,50136,Uber,Bengaluru,POS,No,Normal Transaction
908751,500000165,2026-10-16,19:11:14,RTGS,9529,Reliance,Kolkata,Laptop,No,Normal Transaction
908752,500000162,2026-07-13,00:12:29,UPI,38324,IRCTC,Mumbai,ATM,No,Normal Transaction
908753,500000107,2026-10-30,05:19:07,Debit Card,8250,Uber,Hyderabad,ATM,No,Normal Transaction
908754,500000084,2026-06-12,08:52:20,Credit Card,29338,Flipkart,Lucknow,Laptop,No,Normal Transaction
908755,500000028,2026-08-24,02:22:58,UPI,68304,Zomato,Lucknow,ATM,No,Normal Transaction
908756,500000062,2026-03-03,15:57:58,RTGS,9136,Amazon,Lucknow,ATM,No,Normal Transaction
908757,500000141,2026-04-17,18:56:42,Credit Card,95839,PhonePe,Pune,Mobile,No,Normal Transaction
908758,500000152,2026-02-11,08:42:49,IMPS,79223,Paytm,Delhi,POS,No,Normal Transaction
908759,500000100,2026-05-31,06:03:55,Debit Card,16234,Zomato,Pune,Laptop,No,Normal Transaction
908760,500000035,2026-02-07,15:43:09,Debit Card,89681,IRCTC,Bengaluru,POS,No,Normal Transaction
908761,500000089,2026-02-27,20:33:20,NEFT,85983,DMart,Delhi,Laptop,No,Normal Transaction
908762,500000015,2026-10-23,16:02:48,NEFT,84473,DMart,Delhi,Mobile,No,Normal Transaction
908763,500000022,2026-10-22,23:18:53,Debit Card,9881,Amazon,Delhi,Laptop,No,Normal Transaction
908764,500000089,2026-12-21,12:26:54,IMPS,85274,Reliance,Lucknow,Laptop,No,Normal Transaction
908765,500000081,2026-05-24,19:51:50,Credit Card,53367,Paytm,Kolkata,ATM,No,Normal Transaction
908766,500000149,2026-01-06,03:20:27,UPI,64426,Paytm,Hyderabad,Mobile,No,Normal Transaction
908767,500000033,2026-03-23,23:46:40,Debit Card,72498,Swiggy,Delhi,Mobile,No,Normal Transaction
908768,500000088,2026-02-13,15:18:33,IMPS,68258,PhonePe,Pune,ATM,No,Normal Transaction
908769,500000079,2026-01-19,00:48:01,UPI,33326,DMart,Delhi,POS,No,Normal Transaction
908770,500000147,2026-12-14,12:42:28,ATM,97822,DMart,Pune,ATM,No,Normal Transaction
908771,500000176,2026-07-05,22:18:14,NEFT,12607,DMart,Kolkata,POS,No,Normal Transaction
908772,500000024,2026-01-01,22:01:58,RTGS,98823,IRCTC,Mumbai,Laptop,No,Normal Transaction
908773,500000067,2026-03-22,11:16:52,ATM,59790,Amazon,Hyderabad,ATM,No,Normal Transaction
908774,500000082,2026-12-26,09:23:50,Debit Card,73800,Flipkart,Lucknow,Laptop,No,Normal Transaction
908775,500000033,2026-10-12,23:12:48,NEFT,41278,Zomato,Hyderabad,ATM,No,Normal Transaction
908776,500000120,2026-01-11,14:40:07,Debit Card,78622,Swiggy,Pune,ATM,No,Normal Transaction
908777,500000150,2026-07-25,23:46:14,IMPS,70533,Uber,Bengaluru,Laptop,No,Normal Transaction
908778,500000021,2026-11-24,03:52:43,Debit Card,69951,Paytm,Delhi,Mobile,No,Normal Transaction
908779,500000003,2026-05-26,03:02:19,UPI,41157,Flipkart,Lucknow,ATM,No,Normal Transaction
908780,500000162,2026-05-29,10:24:05,ATM,82919,Zomato,Kolkata,POS,No,Normal Transaction
908781,500000106,2026-12-08,04:01:23,Debit Card,44036,Swiggy,Bengaluru,Mobile,No,Normal Transaction
908782,500000009,2026-01-27,09:42:03,ATM,82078,Flipkart,Mumbai,POS,No,Normal Transaction
908783,500000010,2026-11-09,17:50:48,RTGS,93782,IRCTC,Delhi,ATM,No,Normal Transaction
908784,500000141,2026-12-29,00:09:02,NEFT,6019,Amazon,Hyderabad,POS,No,Normal Transaction
908785,500000050,2026-12-27,03:30:17,ATM,62724,PhonePe,Delhi,Laptop,No,Normal Transaction
908786,500000158,2026-07-19,03:44:02,IMPS,36413,Zomato,Kolkata,Laptop,No,Normal Transaction
908787,500000072,2026-06-19,16:01:56,Debit Card,24272,Zomato,Bengaluru,ATM,No,Normal Transaction
908788,500000086,2026-05-28,22:24:11,Debit Card,84509,Zomato,Kolkata,Laptop,No,Normal Transaction
908789,500000089,2026-05-26,20:11:40,RTGS,45354,PhonePe,Lucknow,Laptop,No,Normal Transaction
908790,500000084,2026-10-12,14:36:01,IMPS,94683,Swiggy,Bengaluru,Mobile,No,Normal Transaction
908791,500000056,2026-06-15,22:33:30,Debit Card,13879,Zomato,Lucknow,ATM,No,Normal Transaction
908792,500000170,2026-02-11,22:02:44,RTGS,29115,Swiggy,Delhi,Mobile,No,Normal Transaction
908793,500000020,2026-05-06,01:45:41,UPI,53678,Swiggy,Pune,ATM,No,Normal Transaction
908794,500000170,2026-06-16,20:13:33,ATM,71969,PhonePe,Mumbai,POS,No,Normal Transaction
908795,500000177,2026-10-19,22:48:41,Credit Card,48752,PhonePe,Hyderabad,POS,No,Normal Transaction
908796,500000062,2026-03-08,02:04:36,ATM,46802,Reliance,Mumbai,Mobile,No,Normal Transaction
908797,500000045,2026-08-20,15:11:07,RTGS,32875,Paytm,Lucknow,Mobile,No,Normal Transaction
908798,500000139,2026-07-31,06:44:23,RTGS,78998,IRCTC,Pune,ATM,No,Normal Transaction
908799,500000133,2026-09-14,18:54:16,Credit Card,15322,Swiggy,Delhi,ATM,No,Normal Transaction
908800,500000114,2026-05-23,08:38:30,Credit Card,77854,Amazon,Delhi,Laptop,No,Normal Transaction
908801,500000140,2026-08-25,09:33:01,Credit Card,45326,Zomato,Hyderabad,ATM,No,Normal Transaction
908802,500000031,2026-05-17,19:46:10,UPI,25028,Uber,Kolkata,ATM,No,Normal Transaction
908803,500000013,2026-09-17,02:00:24,RTGS,5279,IRCTC,Pune,Laptop,No,Normal Transaction
908804,500000159,2026-06-27,19:39:33,RTGS,89166,Swiggy,Hyderabad,ATM,No,Normal Transaction
908805,500000047,2026-01-01,04:51:45,IMPS,2335,Reliance,Kolkata,ATM,No,Normal Transaction
908806,500000114,2026-11-11,00:21:40,Debit Card,68643,Uber,Hyderabad,Mobile,No,Normal Transaction
908807,500000125,2026-07-19,16:36:59,Credit Card,28827,DMart,Bengaluru,POS,No,Normal Transaction
908808,500000029,2026-05-06,01:39:31,UPI,58000,PhonePe,Lucknow,Mobile,No,Normal Transaction
908809,500000129,2026-12-06,04:09:33,ATM,98031,Amazon,Kolkata,Laptop,No,Normal Transaction
908810,500000112,2026-08-01,14:22:23,Debit Card,96384,Swiggy,Bengaluru,ATM,No,Normal Transaction
908811,500000109,2026-03-12,03:43:10,ATM,67817,Flipkart,Mumbai,ATM,No,Normal Transaction
908812,500000041,2026-08-09,03:53:53,IMPS,99272,Paytm,Kolkata,POS,No,Normal Transaction
908813,500000043,2026-07-22,07:24:51,IMPS,84604,PhonePe,Mumbai,Laptop,No,Normal Transaction
908814,500000164,2026-05-26,12:59:57,RTGS,13934,Amazon,Lucknow,POS,No,Normal Transaction
908815,500000021,2026-05-05,13:19:27,NEFT,62956,Swiggy,Pune,Mobile,No,Normal Transaction
908816,500000029,2026-03-10,21:37:59,UPI,94544,Swiggy,Delhi,Laptop,No,Normal Transaction
908817,500000020,2026-10-19,16:29:03,ATM,80951,PhonePe,Kolkata,ATM,No,Normal Transaction
908818,500000003,2026-06-09,15:46:53,Credit Card,84245,IRCTC,Pune,POS,No,Normal Transaction
908819,500000049,2026-02-11,13:32:19,IMPS,29584,Paytm,Hyderabad,Laptop,No,Normal Transaction
908820,500000093,2026-11-28,12:15:35,ATM,78236,Uber,Delhi,Mobile,No,Normal Transaction
908821,500000133,2026-09-19,06:53:31,RTGS,64839,Flipkart,Delhi,Laptop,No,Normal Transaction
908822,500000076,2026-09-21,03:25:02,Credit Card,73014,Swiggy,Kolkata,ATM,No,Normal Transaction
908823,500000169,2026-05-27,03:26:13,Debit Card,26815,Swiggy,Hyderabad,Laptop,No,Normal Transaction
908824,500000094,2026-05-07,06:09:25,Credit Card,2428,Uber,Hyderabad,ATM,No,Normal Transaction
908825,500000007,2026-12-24,00:46:12,UPI,16826,Swiggy,Hyderabad,POS,No,Normal Transaction
908826,500000157,2026-03-25,21:01:34,ATM,16067,Uber,Delhi,POS,No,Normal Transaction
908827,500000124,2026-02-23,10:38:01,ATM,23419,Reliance,Mumbai,Mobile,No,Normal Transaction
908828,500000061,2026-09-04,08:04:27,UPI,26184,Zomato,Kolkata,Mobile,No,Normal Transaction
908829,500000079,2026-06-18,03:04:22,Debit Card,36286,Uber,Mumbai,Laptop,No,Normal Transaction
908830,500000089,2026-05-11,01:15:32,ATM,84274,Flipkart,Pune,POS,No,Normal Transaction
908831,500000030,2026-09-30,05:57:32,Debit Card,46265,IRCTC,Kolkata,ATM,No,Normal Transaction
908832,500000065,2026-08-23,22:33:44,RTGS,54716,Flipkart,Bengaluru,ATM,No,Normal Transaction
908833,500000136,2026-01-24,00:29:36,NEFT,38488,Uber,Lucknow,Laptop,No,Normal Transaction
908834,500000118,2026-07-29,10:08:09,RTGS,83323,Paytm,Pune,Mobile,No,Normal Transaction
908835,500000081,2026-11-07,22:08:46,Debit Card,32705,Zomato,Bengaluru,ATM,No,Normal Transaction
908836,500000129,2026-09-28,03:56:09,RTGS,25699,Swiggy,Delhi,Laptop,No,Normal Transaction
908837,500000063,2026-03-01,23:19:26,RTGS,92218,Swiggy,Bengaluru,POS,No,Normal Transaction
908838,500000058,2026-12-17,15:45:56,RTGS,86770,Paytm,Lucknow,POS,No,Normal Transaction
908839,500000124,2026-12-08,12:38:57,NEFT,34570,Flipkart,Pune,POS,No,Normal Transaction
908840,500000069,2026-11-10,21:15:14,ATM,56435,Flipkart,Pune,Laptop,No,Normal Transaction
908841,500000037,2026-04-07,13:59:58,Credit Card,19024,Amazon,Kolkata,Laptop,No,Normal Transaction
908842,500000028,2026-09-29,07:35:00,RTGS,58923,Flipkart,Hyderabad,Laptop,No,Normal Transaction
908843,500000024,2026-03-27,22:41:37,UPI,80672,Flipkart,Bengaluru,ATM,No,Normal Transaction
908844,500000156,2026-11-06,16:03:01,UPI,27826,Flipkart,Bengaluru,POS,No,Normal Transaction
908845,500000085,2026-08-06,12:14:34,ATM,46159,Flipkart,Delhi,ATM,No,Normal Transaction
908846,500000146,2026-07-09,23:13:37,NEFT,8907,PhonePe,Lucknow,POS,No,Normal Transaction
908847,500000148,2026-01-04,19:37:00,Debit Card,35506,Zomato,Delhi,POS,No,Normal Transaction
908848,500000057,2026-03-14,17:07:57,RTGS,80796,DMart,Hyderabad,POS,No,Normal Transaction
908849,500000055,2026-10-26,10:24:08,UPI,44442,Flipkart,Mumbai,POS,No,Normal Transaction
908850,500000046,2026-08-09,08:36:10,Credit Card,64325,Paytm,Mumbai,ATM,No,Normal Transaction
908851,500000163,2026-04-11,21:18:42,NEFT,52385,Amazon,Pune,POS,No,Normal Transaction
908852,500000075,2026-09-03,10:57:42,UPI,84900,Amazon,Bengaluru,ATM,No,Normal Transaction
908853,500000069,2026-05-30,09:47:52,NEFT,592,Amazon,Mumbai,ATM,No,Normal Transaction
908854,500000098,2026-03-08,18:41:59,NEFT,51871,Swiggy,Hyderabad,Mobile,No,Normal Transaction
908855,500000062,2026-07-07,14:42:31,IMPS,74315,Amazon,Bengaluru,Mobile,No,Normal Transaction
908856,500000011,2026-06-05,12:52:42,RTGS,26600,DMart,Bengaluru,POS,No,Normal Transaction
908857,500000112,2026-06-21,08:21:57,RTGS,12907,Amazon,Delhi,ATM,No,Normal Transaction
908858,500000096,2026-09-26,04:16:23,RTGS,11274,DMart,Lucknow,ATM,No,Normal Transaction
908859,500000116,2026-12-01,03:18:35,Debit Card,59500,Amazon,Bengaluru,Laptop,No,Normal Transaction
908860,500000119,2026-01-24,18:21:47,Credit Card,36567,PhonePe,Kolkata,Laptop,No,Normal Transaction
908861,500000050,2026-04-22,12:15:49,Debit Card,13883,Reliance,Bengaluru,POS,No,Normal Transaction
908862,500000026,2026-02-06,16:28:04,IMPS,43015,Paytm,Bengaluru,Mobile,No,Normal Transaction
908863,500000125,2026-08-12,13:22:12,IMPS,87893,DMart,Hyderabad,Laptop,No,Normal Transaction
908864,500000167,2026-02-02,08:24:27,IMPS,4033,Reliance,Bengaluru,Mobile,No,Normal Transaction
908865,500000056,2026-06-19,16:37:50,NEFT,73647,Paytm,Hyderabad,Mobile,No,Normal Transaction
908866,500000046,2026-03-31,03:19:03,NEFT,46483,Flipkart,Mumbai,ATM,No,Normal Transaction
908867,500000148,2026-05-28,12:26:28,RTGS,81115,DMart,Lucknow,Mobile,No,Normal Transaction
908868,500000080,2026-07-03,18:02:03,UPI,47794,IRCTC,Delhi,POS,No,Normal Transaction
908869,500000022,2026-07-02,11:27:47,Debit Card,21948,DMart,Hyderabad,Laptop,No,Normal Transaction
908870,500000154,2026-05-26,00:25:56,Debit Card,91797,PhonePe,Delhi,Mobile,No,Normal Transaction
908871,500000178,2026-04-16,13:16:58,Credit Card,34075,DMart,Delhi,Laptop,No,Normal Transaction
908872,500000017,2026-03-01,14:59:46,RTGS,82537,Uber,Delhi,Laptop,No,Normal Transaction
908873,500000087,2026-01-19,06:17:35,ATM,43694,DMart,Delhi,POS,No,Normal Transaction
908874,500000147,2026-02-03,00:17:35,UPI,55372,Paytm,Delhi,POS,No,Normal Transaction
908875,500000149,2026-06-19,08:02:53,Credit Card,89118,IRCTC,Hyderabad,ATM,No,Normal Transaction
908876,500000004,2026-02-27,19:17:58,UPI,48039,Flipkart,Pune,ATM,No,Normal Transaction
908877,500000092,2026-01-14,21:21:11,Debit Card,59623,Amazon,Delhi,Mobile,No,Normal Transaction
908878,500000167,2026-01-02,16:49:36,Debit Card,40074,DMart,Kolkata,POS,No,Normal Transaction
908879,500000004,2026-02-21,11:16:31,IMPS,22898,Amazon,Kolkata,Laptop,No,Normal Transaction
908880,500000004,2026-01-12,21:01:58,NEFT,20186,Uber,Bengaluru,Laptop,No,Normal Transaction
908881,500000006,2026-03-04,17:03:25,Credit Card,32418,PhonePe,Mumbai,Mobile,No,Normal Transaction
908882,500000137,2026-08-17,05:37:03,Credit Card,20656,PhonePe,Hyderabad,POS,No,Normal Transaction
908883,500000004,2026-08-01,11:43:17,Credit Card,42558,Swiggy,Mumbai,POS,No,Normal Transaction
908884,500000164,2026-02-07,18:16:49,RTGS,24032,Paytm,Hyderabad,ATM,No,Normal Transaction
908885,500000021,2026-01-23,10:13:02,Credit Card,82835,Zomato,Hyderabad,ATM,No,Normal Transaction
908886,500000087,2026-05-15,09:10:34,ATM,55795,Zomato,Bengaluru,Mobile,No,Normal Transaction
908887,500000138,2026-05-29,23:17:23,Debit Card,85536,Uber,Lucknow,Laptop,No,Normal Transaction
908888,500000008,2026-05-20,07:26:40,IMPS,73713,Amazon,Mumbai,Laptop,No,Normal Transaction
908889,500000002,2026-07-18,15:13:23,RTGS,78445,Zomato,Mumbai,POS,No,Normal Transaction
908890,500000093,2026-10-14,17:12:14,Credit Card,93233,PhonePe,Hyderabad,ATM,No,Normal Transaction
908891,500000035,2026-09-05,00:51:57,IMPS,9766,Paytm,Bengaluru,ATM,No,Normal Transaction
908892,500000065,2026-02-19,03:20:03,IMPS,21390,PhonePe,Lucknow,Mobile,No,Normal Transaction
908893,500000149,2026-03-07,06:05:19,ATM,50104,Reliance,Pune,ATM,No,Normal Transaction
908894,500000032,2026-10-23,20:44:39,ATM,70297,DMart,Bengaluru,Mobile,No,Normal Transaction
908895,500000127,2026-10-08,05:14:27,UPI,63045,IRCTC,Delhi,POS,No,Normal Transaction
908896,500000118,2026-04-04,01:55:50,Credit Card,33974,PhonePe,Delhi,Laptop,Yes,Midnight Transaction
908897,500000166,2026-04-25,18:22:02,Debit Card,15872,IRCTC,Lucknow,Mobile,No,Normal Transaction
908898,500000027,2026-10-21,20:22:08,UPI,17992,Flipkart,Hyderabad,ATM,No,Normal Transaction
908899,500000081,2026-10-27,23:19:33,NEFT,88834,PhonePe,Delhi,POS,No,Normal Transaction
908900,500000110,2026-08-10,19:36:43,RTGS,80127,Paytm,Delhi,Laptop,No,Normal Transaction
908901,500000173,2026-08-22,11:17:56,IMPS,78808,IRCTC,Hyderabad,POS,No,Normal Transaction
908902,500000032,2026-03-07,09:36:00,ATM,51006,Flipkart,Pune,Mobile,No,Normal Transaction
908903,500000013,2026-10-23,06:27:11,Credit Card,57097,Swiggy,Hyderabad,Mobile,No,Normal Transaction
908904,500000135,2026-11-01,02:47:06,RTGS,87966,Zomato,Delhi,ATM,No,Normal Transaction
908905,500000004,2026-08-11,04:53:28,RTGS,5742,Zomato,Kolkata,ATM,Yes,High Amount
908906,500000133,2026-10-12,06:21:57,IMPS,89769,IRCTC,Kolkata,Laptop,No,Normal Transaction
908907,500000175,2026-04-03,10:54:43,NEFT,96980,Paytm,Delhi,Mobile,No,Normal Transaction
908908,500000095,2026-06-24,08:53:03,RTGS,16474,Paytm,Delhi,POS,No,Normal Transaction
908909,500000115,2026-10-15,00:11:02,ATM,75366,Zomato,Mumbai,POS,No,Normal Transaction
908910,500000106,2026-03-24,05:32:17,IMPS,49087,Amazon,Mumbai,Laptop,No,Normal Transaction
908911,500000064,2026-09-28,13:14:18,IMPS,33484,Zomato,Delhi,Laptop,No,Normal Transaction
908912,500000098,2026-02-17,03:39:57,ATM,55878,Uber,Hyderabad,Mobile,No,Normal Transaction
908913,500000060,2026-01-19,05:10:57,ATM,69891,IRCTC,Hyderabad,Laptop,No,Normal Transaction
908914,500000095,2026-03-01,23:10:38,NEFT,47584,PhonePe,Mumbai,POS,No,Normal Transaction
908915,500000061,2026-08-23,16:22:14,Debit Card,17620,Reliance,Mumbai,ATM,No,Normal Transaction
908916,500000047,2026-09-17,18:49:30,ATM,12174,DMart,Mumbai,POS,No,Normal Transaction
908917,500000137,2026-08-08,05:03:16,UPI,15009,Swiggy,Mumbai,POS,No,Normal Transaction
908918,500000092,2026-10-21,03:09:40,ATM,96293,Reliance,Delhi,ATM,No,Normal Transaction
908919,500000048,2026-06-13,14:18:51,Debit Card,44626,Uber,Delhi,POS,No,Normal Transaction
908920,500000149,2026-10-10,08:32:25,UPI,22568,PhonePe,Delhi,Mobile,No,Normal Transaction
908921,500000026,2026-03-28,22:19:41,UPI,73668,Reliance,Kolkata,Laptop,No,Normal Transaction
908922,500000104,2026-01-07,14:59:08,RTGS,70326,Amazon,Bengaluru,Mobile,No,Normal Transaction
908923,500000030,2026-05-04,07:53:50,IMPS,46288,Reliance,Mumbai,Laptop,No,Normal Transaction
908924,500000143,2026-04-01,12:25:18,NEFT,2305,Swiggy,Kolkata,Laptop,No,Normal Transaction
908925,500000101,2026-11-25,19:56:28,RTGS,19675,Swiggy,Kolkata,ATM,No,Normal Transaction
908926,500000126,2026-12-18,04:32:59,RTGS,84368,IRCTC,Bengaluru,Mobile,No,Normal Transaction
908927,500000016,2026-09-07,09:42:52,NEFT,63542,PhonePe,Hyderabad,POS,No,Normal Transaction
908928,500000073,2026-06-12,21:51:58,RTGS,57398,Amazon,Kolkata,Laptop,No,Normal Transaction
908929,500000085,2026-03-28,01:26:19,NEFT,73266,DMart,Kolkata,ATM,No,Normal Transaction
908930,500000058,2026-08-14,17:08:45,IMPS,61375,IRCTC,Mumbai,Mobile,No,Normal Transaction
908931,500000149,2026-10-16,17:53:19,UPI,45532,Uber,Mumbai,Laptop,No,Normal Transaction
908932,500000008,2026-04-15,14:44:47,Credit Card,23280,Paytm,Kolkata,Mobile,No,Normal Transaction
908933,500000178,2026-06-12,19:35:32,Debit Card,42807,Swiggy,Kolkata,Laptop,No,Normal Transaction
908934,500000042,2026-11-23,01:31:59,UPI,74586,Swiggy,Pune,ATM,No,Normal Transaction
908935,500000054,2026-09-15,16:28:14,Debit Card,51202,DMart,Lucknow,Laptop,No,Normal Transaction
908936,500000174,2026-01-05,08:03:50,ATM,18730,DMart,Pune,Mobile,No,Normal Transaction
908937,500000104,2026-12-13,00:52:07,NEFT,33857,Uber,Delhi,ATM,No,Normal Transaction
908938,500000113,2026-12-25,19:06:05,NEFT,18494,Paytm,Pune,ATM,No,Normal Transaction
908939,500000083,2026-09-13,22:29:38,Debit Card,8840,Swiggy,Hyderabad,Laptop,No,Normal Transaction
908940,500000096,2026-12-16,12:03:08,ATM,77589,Swiggy,Pune,Laptop,No,Normal Transaction
908941,500000097,2026-05-14,23:42:08,NEFT,49779,PhonePe,Lucknow,POS,No,Normal Transaction
908942,500000115,2026-11-29,16:08:13,RTGS,98552,Zomato,Bengaluru,Mobile,No,Normal Transaction
908943,500000041,2026-10-28,15:27:30,IMPS,88881,DMart,Bengaluru,POS,No,Normal Transaction
908944,500000170,2026-06-11,07:44:20,RTGS,99461,Amazon,Mumbai,ATM,Yes,Midnight Transaction
908945,500000067,2026-06-24,20:45:42,ATM,23633,Flipkart,Pune,ATM,No,Normal Transaction
908946,500000138,2026-08-09,02:06:32,RTGS,68484,Reliance,Delhi,POS,No,Normal Transaction
908947,500000123,2026-03-26,18:49:42,NEFT,91538,Flipkart,Kolkata,ATM,No,Normal Transaction
908948,500000028,2026-06-28,18:20:44,UPI,52507,Paytm,Hyderabad,Laptop,No,Normal Transaction
908949,500000142,2026-02-12,10:03:08,IMPS,917,DMart,Lucknow,POS,No,Normal Transaction
908950,500000154,2026-12-04,23:31:02,Debit Card,59373,Zomato,Mumbai,Laptop,No,Normal Transaction
908951,500000141,2026-08-26,06:06:34,NEFT,11395,Flipkart,Bengaluru,Mobile,No,Normal Transaction
908952,500000108,2026-12-22,00:09:33,NEFT,24240,Uber,Mumbai,Laptop,No,Normal Transaction
908953,500000075,2026-10-01,00:54:24,ATM,2047,Amazon,Lucknow,POS,No,Normal Transaction
908954,500000135,2026-04-20,18:58:40,ATM,16740,Paytm,Bengaluru,Laptop,No,Normal Transaction
908955,500000077,2026-04-25,02:42:07,Credit Card,44455,Zomato,Lucknow,Mobile,No,Normal Transaction
908956,500000165,2026-12-24,20:58:57,RTGS,20563,Uber,Mumbai,POS,No,Normal Transaction
908957,500000129,2026-02-22,00:33:23,IMPS,85506,Paytm,Kolkata,ATM,No,Normal Transaction
908958,500000084,2026-06-10,13:15:35,RTGS,99375,Zomato,Mumbai,Laptop,No,Normal Transaction
908959,500000054,2026-09-05,19:47:12,RTGS,18672,DMart,Pune,Laptop,No,Normal Transaction
908960,500000167,2026-05-22,04:03:31,ATM,67106,Reliance,Bengaluru,POS,No,Normal Transaction
908961,500000040,2026-10-23,15:38:15,RTGS,26366,Uber,Mumbai,Mobile,No,Normal Transaction
908962,500000116,2026-10-02,00:43:29,ATM,29277,Uber,Hyderabad,ATM,No,Normal Transaction
908963,500000153,2026-02-19,18:00:12,IMPS,92418,Uber,Kolkata,POS,No,Normal Transaction
908964,500000123,2026-01-30,03:31:51,RTGS,59270,Uber,Kolkata,Mobile,No,Normal Transaction
908965,500000050,2026-06-03,05:44:37,ATM,66737,PhonePe,Pune,Mobile,No,Normal Transaction
908966,500000035,2026-01-24,14:36:56,Credit Card,13029,Reliance,Hyderabad,Mobile,No,Normal Transaction
908967,500000180,2026-01-12,21:15:42,RTGS,36677,Paytm,Bengaluru,ATM,No,Normal Transaction
908968,500000047,2026-04-24,05:18:14,ATM,50048,Zomato,Lucknow,ATM,Yes,Multiple Transactions
908969,500000157,2026-05-07,17:43:09,IMPS,68407,Amazon,Delhi,Laptop,No,Normal Transaction
908970,500000161,2026-03-18,19:54:51,Debit Card,61235,Zomato,Lucknow,Mobile,Yes,Different City
908971,500000157,2026-04-27,16:56:39,RTGS,97680,Zomato,Lucknow,POS,No,Normal Transaction
908972,500000009,2026-05-04,15:03:23,IMPS,46159,IRCTC,Kolkata,POS,No,Normal Transaction
908973,500000102,2026-08-20,11:02:49,ATM,67127,Paytm,Pune,Mobile,No,Normal Transaction
908974,500000026,2026-11-13,00:56:02,Debit Card,4617,Amazon,Pune,ATM,No,Normal Transaction
908975,500000115,2026-09-10,14:33:50,IMPS,41502,Flipkart,Lucknow,POS,No,Normal Transaction
908976,500000020,2026-07-15,14:20:23,RTGS,36426,DMart,Hyderabad,POS,No,Normal Transaction
908977,500000080,2026-04-01,17:30:06,IMPS,12344,Amazon,Pune,POS,No,Normal Transaction
908978,500000003,2026-07-24,04:24:51,RTGS,42238,Zomato,Lucknow,ATM,No,Normal Transaction
908979,500000068,2026-02-07,10:17:49,NEFT,63336,Amazon,Bengaluru,POS,No,Normal Transaction
908980,500000069,2026-11-24,23:04:50,Credit Card,80855,IRCTC,Pune,Laptop,No,Normal Transaction
908981,500000061,2026-11-14,14:34:57,NEFT,29317,DMart,Pune,Mobile,No,Normal Transaction
908982,500000066,2026-04-09,21:42:44,ATM,96714,Amazon,Bengaluru,Mobile,No,Normal Transaction
908983,500000114,2026-07-13,17:27:11,Debit Card,89062,Flipkart,Pune,POS,No,Normal Transaction
908984,500000097,2026-06-23,09:16:58,Debit Card,82242,DMart,Lucknow,POS,No,Normal Transaction
908985,500000125,2026-12-01,18:06:22,RTGS,52819,Uber,Hyderabad,Mobile,No,Normal Transaction
908986,500000058,2026-11-25,11:34:00,ATM,93526,IRCTC,Delhi,Mobile,No,Normal Transaction
908987,500000077,2026-12-09,02:41:31,NEFT,17387,Amazon,Bengaluru,ATM,No,Normal Transaction
908988,500000109,2026-12-21,22:24:31,RTGS,58073,DMart,Pune,Mobile,No,Normal Transaction
908989,500000008,2026-07-02,14:36:54,ATM,51403,Reliance,Kolkata,ATM,No,Normal Transaction
908990,500000139,2026-02-01,08:53:08,Debit Card,40503,Uber,Hyderabad,POS,No,Normal Transaction
908991,500000166,2026-03-04,14:46:42,RTGS,78770,DMart,Delhi,ATM,No,Normal Transaction
908992,500000017,2026-01-05,15:24:34,NEFT,27260,Flipkart,Bengaluru,Mobile,No,Normal Transaction
908993,500000120,2026-01-14,18:41:40,UPI,75774,Swiggy,Kolkata,Mobile,No,Normal Transaction
908994,500000060,2026-12-30,10:54:35,ATM,94421,Reliance,Bengaluru,Mobile,No,Normal Transaction
908995,500000118,2026-07-14,00:09:05,ATM,49893,PhonePe,Pune,Mobile,No,Normal Transaction
908996,500000135,2026-08-22,20:06:14,UPI,95845,Zomato,Hyderabad,Mobile,Yes,Midnight Transaction
908997,500000037,2026-01-02,12:38:49,UPI,7970,Uber,Kolkata,Mobile,No,Normal Transaction
908998,500000138,2026-05-03,12:15:55,UPI,91641,IRCTC,Hyderabad,Mobile,No,Normal Transaction
908999,500000004,2026-02-19,13:30:58,IMPS,77832,Amazon,Hyderabad,Mobile,No,Normal Transaction
909000,500000044,2026-04-23,18:54:01,UPI,73513,Uber,Mumbai,POS,No,Normal Transaction
909001,500000015,2026-05-07,07:35:09,UPI,93465,Reliance,Lucknow,POS,No,Normal Transaction
909002,500000031,2026-10-27,21:26:43,IMPS,36300,Swiggy,Hyderabad,POS,No,Normal Transaction
909003,500000022,2026-10-26,14:33:37,RTGS,73402,Swiggy,Mumbai,Mobile,No,Normal Transaction
909004,500000008,2026-07-09,05:33:35,Debit Card,83857,Amazon,Kolkata,POS,No,Normal Transaction
909005,500000016,2026-08-08,03:21:39,NEFT,92756,Paytm,Lucknow,POS,No,Normal Transaction
909006,500000038,2026-02-19,18:57:15,NEFT,89015,Zomato,Lucknow,POS,No,Normal Transaction
909007,500000138,2026-03-22,20:32:49,Debit Card,39937,DMart,Bengaluru,Laptop,No,Normal Transaction
909008,500000179,2026-03-25,05:19:30,UPI,88438,Zomato,Pune,Laptop,No,Normal Transaction
909009,500000089,2026-03-04,04:57:53,ATM,62093,Flipkart,Mumbai,Mobile,No,Normal Transaction
909010,500000110,2026-09-17,13:44:19,UPI,19476,Uber,Kolkata,Laptop,No,Normal Transaction
909011,500000064,2026-12-23,22:32:04,Credit Card,82147,Paytm,Hyderabad,ATM,No,Normal Transaction
909012,500000124,2026-11-24,16:15:05,Credit Card,92985,Amazon,Bengaluru,Laptop,No,Normal Transaction
909013,500000179,2026-04-10,20:25:44,ATM,42932,Amazon,Pune,Laptop,No,Normal Transaction
909014,500000054,2026-08-28,04:25:50,NEFT,19366,IRCTC,Bengaluru,POS,No,Normal Transaction
909015,500000062,2026-02-04,12:33:33,RTGS,73194,Flipkart,Pune,Laptop,No,Normal Transaction
909016,500000033,2026-04-20,14:19:32,Credit Card,80153,Flipkart,Pune,POS,No,Normal Transaction
909017,500000108,2026-11-01,10:56:13,NEFT,84119,Zomato,Lucknow,Laptop,No,Normal Transaction
909018,500000105,2026-09-07,10:03:49,UPI,24140,Swiggy,Hyderabad,ATM,No,Normal Transaction
909019,500000051,2026-04-28,20:53:47,Credit Card,9588,PhonePe,Hyderabad,Mobile,No,Normal Transaction
909020,500000029,2026-05-27,01:39:43,NEFT,61631,Flipkart,Pune,Mobile,No,Normal Transaction
909021,500000075,2026-04-22,15:34:06,ATM,11094,IRCTC,Pune,Laptop,No,Normal Transaction
909022,500000094,2026-05-31,05:21:17,Debit Card,49187,DMart,Kolkata,POS,No,Normal Transaction
909023,500000130,2026-09-17,04:25:07,Debit Card,18677,DMart,Delhi,Mobile,No,Normal Transaction
909024,500000099,2026-03-10,18:32:35,RTGS,68705,Zomato,Delhi,POS,No,Normal Transaction
909025,500000089,2026-08-15,00:18:20,IMPS,48008,Flipkart,Bengaluru,Laptop,No,Normal Transaction
909026,500000109,2026-07-29,21:27:08,UPI,27410,Paytm,Delhi,Mobile,No,Normal Transaction
909027,500000028,2026-04-24,12:26:53,ATM,13003,PhonePe,Lucknow,ATM,No,Normal Transaction
909028,500000102,2026-08-25,11:49:05,Debit Card,29703,Amazon,Pune,Mobile,No,Normal Transaction
909029,500000065,2026-08-28,20:48:39,IMPS,26624,DMart,Bengaluru,Laptop,No,Normal Transaction
909030,500000041,2026-08-28,14:38:45,RTGS,42730,Reliance,Mumbai,ATM,Yes,Different City
909031,500000144,2026-11-30,05:22:46,Credit Card,38120,Zomato,Kolkata,ATM,No,Normal Transaction
909032,500000112,2026-10-19,19:23:08,ATM,16952,Uber,Bengaluru,Laptop,No,Normal Transaction
909033,500000171,2026-06-11,15:00:00,UPI,39677,Reliance,Hyderabad,ATM,No,Normal Transaction
909034,500000010,2026-05-12,22:42:20,ATM,22420,Flipkart,Lucknow,Laptop,No,Normal Transaction
909035,500000008,2026-05-13,23:12:47,IMPS,42679,Flipkart,Bengaluru,Laptop,No,Normal Transaction
909036,500000081,2026-07-09,01:46:57,Credit Card,82068,Flipkart,Bengaluru,Laptop,No,Normal Transaction
909037,500000120,2026-08-29,17:51:21,RTGS,32633,DMart,Lucknow,Mobile,No,Normal Transaction
909038,500000010,2026-10-15,22:35:35,RTGS,17645,DMart,Bengaluru,ATM,No,Normal Transaction
909039,500000156,2026-08-23,05:51:31,Credit Card,74465,Reliance,Delhi,POS,No,Normal Transaction
909040,500000057,2026-11-30,21:11:32,IMPS,56450,IRCTC,Delhi,ATM,No,Normal Transaction
909041,500000180,2026-04-15,09:04:51,IMPS,58801,Reliance,Mumbai,POS,No,Normal Transaction
909042,500000053,2026-11-15,14:21:46,RTGS,35266,PhonePe,Pune,Laptop,No,Normal Transaction
909043,500000039,2026-08-01,14:28:38,Credit Card,50154,IRCTC,Mumbai,Laptop,No,Normal Transaction
909044,500000175,2026-01-14,23:02:19,NEFT,33334,Paytm,Bengaluru,Laptop,No,Normal Transaction
909045,500000048,2026-04-09,12:01:11,IMPS,51873,Flipkart,Bengaluru,POS,No,Normal Transaction
909046,500000028,2026-08-05,16:46:06,UPI,29267,Uber,Lucknow,Mobile,No,Normal Transaction
909047,500000087,2026-04-23,20:14:01,ATM,16803,Amazon,Mumbai,POS,No,Normal Transaction
909048,500000073,2026-10-03,04:40:43,UPI,48620,Uber,Lucknow,ATM,No,Normal Transaction
909049,500000115,2026-07-21,07:50:38,NEFT,44852,Reliance,Kolkata,Laptop,No,Normal Transaction
909050,500000101,2026-07-12,12:58:26,RTGS,45823,Flipkart,Delhi,Mobile,No,Normal Transaction
909051,500000100,2026-11-28,15:08:52,UPI,60637,Uber,Hyderabad,POS,No,Normal Transaction
909052,500000161,2026-09-06,22:03:19,NEFT,61074,Flipkart,Lucknow,Laptop,No,Normal Transaction
909053,500000050,2026-09-11,09:15:28,UPI,48435,Swiggy,Mumbai,Mobile,No,Normal Transaction
909054,500000020,2026-12-10,09:02:45,NEFT,23416,Flipkart,Lucknow,Laptop,No,Normal Transaction
909055,500000076,2026-03-20,02:52:58,UPI,3646,IRCTC,Mumbai,POS,No,Normal Transaction
909056,500000001,2026-08-05,16:06:37,ATM,93225,Reliance,Hyderabad,Mobile,No,Normal Transaction
909057,500000060,2026-01-04,20:10:37,UPI,71985,Zomato,Bengaluru,ATM,No,Normal Transaction
909058,500000059,2026-07-25,04:19:40,Debit Card,62095,Swiggy,Delhi,POS,No,Normal Transaction
909059,500000165,2026-08-26,18:43:58,UPI,51883,Uber,Mumbai,POS,No,Normal Transaction
909060,500000164,2026-03-14,07:34:17,Debit Card,39251,Paytm,Mumbai,Laptop,No,Normal Transaction
909061,500000075,2026-03-05,22:25:48,Credit Card,35992,Flipkart,Lucknow,Laptop,No,Normal Transaction
909062,500000139,2026-06-04,17:26:49,NEFT,74412,IRCTC,Hyderabad,Mobile,No,Normal Transaction
909063,500000173,2026-02-15,11:08:33,Debit Card,96866,Reliance,Hyderabad,ATM,No,Normal Transaction
909064,500000054,2026-12-10,16:40:52,NEFT,96301,Uber,Pune,Laptop,No,Normal Transaction
909065,500000076,2026-09-27,14:41:37,UPI,514,Uber,Lucknow,Mobile,No,Normal Transaction
909066,500000122,2026-12-18,01:01:30,Debit Card,98946,Swiggy,Lucknow,POS,No,Normal Transaction
909067,500000137,2026-01-29,07:23:42,Credit Card,25855,DMart,Delhi,Laptop,No,Normal Transaction
909068,500000025,2026-12-04,07:41:14,RTGS,29091,Zomato,Lucknow,Mobile,No,Normal Transaction
909069,500000081,2026-07-18,07:25:59,Credit Card,7412,Flipkart,Pune,Mobile,No,Normal Transaction
909070,500000062,2026-07-11,13:51:09,Debit Card,23461,PhonePe,Bengaluru,Laptop,No,Normal Transaction
909071,500000091,2026-03-01,18:32:16,ATM,24217,Amazon,Lucknow,ATM,No,Normal Transaction
909072,500000075,2026-04-12,22:11:40,Credit Card,28946,DMart,Lucknow,Mobile,No,Normal Transaction
909073,500000098,2026-12-27,16:45:56,Credit Card,64797,PhonePe,Kolkata,Mobile,No,Normal Transaction
909074,500000006,2026-04-03,21:05:34,RTGS,37316,Swiggy,Pune,Laptop,No,Normal Transaction
909075,500000028,2026-10-30,09:59:04,RTGS,96310,IRCTC,Mumbai,Mobile,No,Normal Transaction
909076,500000123,2026-07-28,15:43:06,Debit Card,17483,Amazon,Mumbai,ATM,No,Normal Transaction
909077,500000028,2026-08-09,11:15:31,RTGS,82407,Zomato,Mumbai,Laptop,No,Normal Transaction
909078,500000095,2026-12-06,21:00:54,ATM,49591,DMart,Bengaluru,ATM,No,Normal Transaction
909079,500000107,2026-11-27,14:53:08,Debit Card,90041,Amazon,Pune,Laptop,No,Normal Transaction
909080,500000143,2026-09-20,21:27:01,IMPS,93761,PhonePe,Hyderabad,Laptop,No,Normal Transaction
909081,500000126,2026-01-06,01:22:37,RTGS,71198,IRCTC,Bengaluru,Laptop,No,Normal Transaction
909082,500000003,2026-10-21,19:24:36,Credit Card,23938,Amazon,Delhi,POS,No,Normal Transaction
909083,500000012,2026-12-11,16:07:16,ATM,89522,PhonePe,Hyderabad,POS,No,Normal Transaction
909084,500000126,2026-04-23,12:35:07,RTGS,33212,Reliance,Hyderabad,POS,No,Normal Transaction
909085,500000044,2026-10-02,04:00:16,NEFT,71361,IRCTC,Lucknow,Mobile,No,Normal Transaction
909086,500000052,2026-04-30,16:37:03,NEFT,80995,Amazon,Pune,POS,No,Normal Transaction
909087,500000149,2026-10-18,20:42:20,Debit Card,91342,Swiggy,Bengaluru,Mobile,No,Normal Transaction
909088,500000012,2026-04-27,23:50:13,Debit Card,93234,Amazon,Bengaluru,POS,No,Normal Transaction
909089,500000125,2026-06-27,23:56:26,Debit Card,65193,Zomato,Pune,ATM,No,Normal Transaction
909090,500000154,2026-05-03,13:06:13,NEFT,77379,Amazon,Kolkata,POS,Yes,Multiple Transactions
909091,500000068,2026-06-13,23:36:59,Credit Card,69391,IRCTC,Hyderabad,POS,No,Normal Transaction
909092,500000141,2026-02-06,17:47:14,NEFT,20746,Amazon,Bengaluru,Laptop,No,Normal Transaction
909093,500000161,2026-03-08,13:03:36,IMPS,96784,Flipkart,Kolkata,Laptop,No,Normal Transaction
909094,500000160,2026-09-20,15:38:05,UPI,3658,Flipkart,Lucknow,Laptop,No,Normal Transaction
909095,500000015,2026-04-23,09:56:21,NEFT,45562,DMart,Kolkata,ATM,No,Normal Transaction
909096,500000018,2026-12-30,08:14:34,NEFT,57290,Amazon,Bengaluru,ATM,No,Normal Transaction
909097,500000138,2026-12-19,21:57:00,ATM,9946,Zomato,Pune,Laptop,No,Normal Transaction
909098,500000160,2026-09-21,22:13:09,NEFT,76194,Uber,Pune,Mobile,No,Normal Transaction
909099,500000096,2026-12-11,00:55:39,IMPS,2773,Swiggy,Bengaluru,ATM,No,Normal Transaction
909100,500000153,2026-02-01,01:33:23,RTGS,8874,IRCTC,Lucknow,Laptop,No,Normal Transaction
909101,500000096,2026-12-07,07:55:01,Debit Card,7946,Swiggy,Delhi,ATM,No,Normal Transaction
909102,500000105,2026-08-19,18:00:25,RTGS,81727,Swiggy,Lucknow,ATM,No,Normal Transaction
909103,500000125,2026-07-07,12:54:55,Credit Card,47055,IRCTC,Lucknow,Laptop,No,Normal Transaction
909104,500000125,2026-07-29,18:28:54,UPI,25591,DMart,Kolkata,ATM,No,Normal Transaction
909105,500000119,2026-09-28,14:27:51,Debit Card,34036,Uber,Kolkata,Mobile,No,Normal Transaction
909106,500000083,2026-04-23,09:19:15,ATM,67472,PhonePe,Mumbai,ATM,No,Normal Transaction
909107,500000177,2026-08-31,17:50:15,RTGS,33154,DMart,Pune,POS,No,Normal Transaction
909108,500000149,2026-03-13,12:31:38,UPI,18393,Swiggy,Hyderabad,ATM,No,Normal Transaction
909109,500000106,2026-05-19,00:44:22,Credit Card,7606,PhonePe,Kolkata,Laptop,No,Normal Transaction
909110,500000039,2026-09-21,10:57:22,RTGS,16741,Amazon,Pune,ATM,No,Normal Transaction
909111,500000135,2026-01-26,21:23:33,ATM,18656,Flipkart,Hyderabad,Laptop,No,Normal Transaction
909112,500000164,2026-03-09,19:29:20,NEFT,30058,IRCTC,Bengaluru,Laptop,No,Normal Transaction
909113,500000019,2026-08-29,12:00:16,Credit Card,56507,Paytm,Bengaluru,Laptop,Yes,Multiple Transactions
909114,500000058,2026-03-15,01:37:33,Credit Card,78317,IRCTC,Delhi,Laptop,No,Normal Transaction
909115,500000159,2026-04-30,14:26:17,Debit Card,17353,PhonePe,Kolkata,ATM,No,Normal Transaction
909116,500000030,2026-06-07,18:14:47,NEFT,51228,Amazon,Delhi,ATM,No,Normal Transaction
909117,500000144,2026-05-23,06:41:32,UPI,14524,IRCTC,Hyderabad,ATM,No,Normal Transaction
909118,500000092,2026-10-10,22:23:31,Debit Card,45322,Uber,Delhi,ATM,No,Normal Transaction
909119,500000036,2026-04-25,14:17:44,IMPS,18636,IRCTC,Pune,POS,Yes,High Amount
909120,500000085,2026-05-08,14:21:14,NEFT,69495,PhonePe,Pune,Laptop,No,Normal Transaction
909121,500000172,2026-10-03,06:41:31,ATM,6144,Reliance,Pune,Mobile,No,Normal Transaction
909122,500000085,2026-01-09,08:33:33,UPI,96072,Zomato,Bengaluru,ATM,No,Normal Transaction
909123,500000048,2026-04-03,14:41:53,UPI,24372,Swiggy,Bengaluru,Mobile,No,Normal Transaction
909124,500000087,2026-03-22,03:44:28,IMPS,63548,Amazon,Pune,Laptop,No,Normal Transaction
909125,500000078,2026-07-11,13:28:52,ATM,25218,Reliance,Delhi,Mobile,No,Normal Transaction
909126,500000011,2026-09-01,15:01:22,ATM,28036,Paytm,Lucknow,POS,No,Normal Transaction
909127,500000110,2026-09-04,10:23:19,IMPS,41799,Amazon,Kolkata,POS,No,Normal Transaction
909128,500000045,2026-07-28,22:42:41,RTGS,34511,PhonePe,Hyderabad,ATM,No,Normal Transaction
909129,500000102,2026-09-23,08:46:43,RTGS,98460,Paytm,Mumbai,Mobile,No,Normal Transaction
909130,500000133,2026-11-07,06:45:29,RTGS,54413,Paytm,Mumbai,ATM,No,Normal Transaction
909131,500000177,2026-02-01,16:54:43,ATM,81452,IRCTC,Bengaluru,ATM,No,Normal Transaction
909132,500000083,2026-06-06,20:35:48,Debit Card,96198,Swiggy,Bengaluru,ATM,No,Normal Transaction
909133,500000175,2026-09-08,16:25:14,RTGS,36730,Zomato,Lucknow,POS,No,Normal Transaction
909134,500000180,2026-11-01,10:39:19,UPI,61945,Paytm,Lucknow,POS,No,Normal Transaction
909135,500000039,2026-08-26,05:51:53,ATM,3804,Zomato,Hyderabad,POS,No,Normal Transaction
909136,500000153,2026-05-07,17:42:29,UPI,95655,Flipkart,Delhi,Mobile,No,Normal Transaction
909137,500000154,2026-01-21,03:55:51,Credit Card,18313,Uber,Delhi,Mobile,No,Normal Transaction
909138,500000058,2026-11-12,13:46:47,UPI,32506,Reliance,Mumbai,Mobile,No,Normal Transaction
909139,500000117,2026-03-19,23:17:54,Credit Card,10304,Amazon,Mumbai,POS,No,Normal Transaction
909140,500000010,2026-11-04,15:50:56,Debit Card,78181,Uber,Mumbai,Mobile,No,Normal Transaction
909141,500000008,2026-10-16,18:33:01,UPI,97578,Uber,Mumbai,POS,No,Normal Transaction
909142,500000093,2026-09-24,14:54:37,IMPS,69469,Zomato,Lucknow,ATM,No,Normal Transaction
909143,500000087,2026-08-02,01:49:24,RTGS,38736,DMart,Lucknow,Laptop,No,Normal Transaction
909144,500000164,2026-09-02,08:38:45,IMPS,48489,Zomato,Mumbai,ATM,No,Normal Transaction
909145,500000016,2026-11-02,08:25:32,Credit Card,5190,Reliance,Hyderabad,POS,No,Normal Transaction
909146,500000032,2026-11-01,09:21:17,Credit Card,46086,Zomato,Lucknow,Laptop,No,Normal Transaction
909147,500000012,2026-06-25,09:14:04,ATM,53516,DMart,Delhi,ATM,No,Normal Transaction
909148,500000121,2026-05-04,08:04:08,UPI,59952,Uber,Hyderabad,Laptop,No,Normal Transaction
909149,500000104,2026-07-21,16:40:07,UPI,9436,Swiggy,Pune,ATM,No,Normal Transaction
909150,500000145,2026-08-25,19:39:56,UPI,2962,PhonePe,Delhi,Laptop,No,Normal Transaction
909151,500000142,2026-10-14,23:10:34,UPI,41363,Zomato,Mumbai,Mobile,No,Normal Transaction
909152,500000166,2026-08-06,06:14:54,Credit Card,46102,Zomato,Bengaluru,POS,No,Normal Transaction
909153,500000173,2026-10-01,06:02:34,IMPS,98978,Amazon,Mumbai,ATM,No,Normal Transaction
909154,500000173,2026-12-18,23:27:50,IMPS,60305,Amazon,Mumbai,Mobile,No,Normal Transaction
909155,500000149,2026-05-14,18:06:32,Debit Card,99215,Zomato,Bengaluru,Laptop,No,Normal Transaction
909156,500000080,2026-03-30,07:32:41,RTGS,28003,Zomato,Mumbai,POS,No,Normal Transaction
909157,500000141,2026-12-15,02:59:54,Credit Card,64523,PhonePe,Kolkata,Laptop,No,Normal Transaction
909158,500000049,2026-08-11,04:19:02,ATM,96454,Flipkart,Lucknow,ATM,No,Normal Transaction
909159,500000134,2026-02-07,23:08:51,ATM,22391,Flipkart,Pune,POS,No,Normal Transaction
909160,500000056,2026-08-06,13:00:31,UPI,35772,PhonePe,Kolkata,Mobile,No,Normal Transaction
909161,500000106,2026-03-30,11:27:14,RTGS,41164,Flipkart,Hyderabad,ATM,Yes,Multiple Transactions
909162,500000036,2026-11-01,01:55:40,UPI,40497,IRCTC,Hyderabad,Mobile,No,Normal Transaction
909163,500000050,2026-08-03,04:57:20,RTGS,86192,PhonePe,Kolkata,Laptop,No,Normal Transaction
909164,500000098,2026-04-05,10:51:31,Debit Card,54531,Flipkart,Kolkata,Laptop,No,Normal Transaction
909165,500000158,2026-05-03,07:49:53,NEFT,18687,Reliance,Delhi,Laptop,No,Normal Transaction
909166,500000080,2026-10-04,06:35:28,Credit Card,21560,Zomato,Hyderabad,Mobile,No,Normal Transaction
909167,500000131,2026-01-11,17:16:07,IMPS,18376,Swiggy,Delhi,POS,No,Normal Transaction
909168,500000087,2026-11-29,11:30:48,Credit Card,37827,Zomato,Mumbai,POS,No,Normal Transaction
909169,500000021,2026-01-19,09:00:36,IMPS,30312,Paytm,Mumbai,ATM,No,Normal Transaction
909170,500000168,2026-09-28,18:31:40,RTGS,95886,DMart,Delhi,Laptop,No,Normal Transaction
909171,500000112,2026-05-25,01:27:49,ATM,19517,Uber,Mumbai,Laptop,No,Normal Transaction
909172,500000008,2026-01-09,02:27:47,NEFT,84686,Uber,Bengaluru,POS,No,Normal Transaction
909173,500000149,2026-10-12,22:13:24,RTGS,76130,Paytm,Pune,POS,No,Normal Transaction
909174,500000054,2026-01-23,14:21:50,Debit Card,45689,Zomato,Pune,POS,No,Normal Transaction
909175,500000003,2026-06-18,16:58:06,RTGS,42172,Zomato,Hyderabad,Laptop,No,Normal Transaction
909176,500000151,2026-05-11,04:10:02,NEFT,46851,Reliance,Mumbai,Laptop,No,Normal Transaction
909177,500000113,2026-02-01,18:33:38,RTGS,18980,PhonePe,Delhi,ATM,No,Normal Transaction
909178,500000157,2026-06-08,19:12:44,Credit Card,27704,Amazon,Hyderabad,ATM,No,Normal Transaction
909179,500000175,2026-02-22,23:48:48,Debit Card,84076,Zomato,Kolkata,Mobile,Yes,Midnight Transaction
909180,500000057,2026-03-06,03:48:34,RTGS,55230,Swiggy,Lucknow,Laptop,No,Normal Transaction
909181,500000090,2026-07-22,18:19:25,NEFT,28550,Paytm,Pune,Laptop,No,Normal Transaction
909182,500000030,2026-12-17,14:03:14,UPI,89307,Reliance,Pune,Mobile,No,Normal Transaction
909183,500000049,2026-09-23,10:28:42,Debit Card,69952,Zomato,Delhi,ATM,No,Normal Transaction
909184,500000039,2026-06-08,09:36:21,RTGS,36904,Reliance,Kolkata,Laptop,No,Normal Transaction
909185,500000091,2026-06-23,22:54:42,UPI,81707,Swiggy,Mumbai,Laptop,Yes,Different City
909186,500000180,2026-03-20,01:11:51,RTGS,47324,Reliance,Mumbai,Mobile,No,Normal Transaction
909187,500000151,2026-03-28,17:24:03,ATM,53361,Uber,Kolkata,Mobile,No,Normal Transaction
909188,500000034,2026-04-27,16:30:16,RTGS,9553,Flipkart,Delhi,Laptop,No,Normal Transaction
909189,500000149,2026-09-19,10:56:53,NEFT,82892,Zomato,Hyderabad,POS,No,Normal Transaction
909190,500000162,2026-11-30,05:51:47,RTGS,391,Uber,Mumbai,Laptop,No,Normal Transaction
909191,500000034,2026-02-20,22:15:04,RTGS,43772,Uber,Pune,Mobile,No,Normal Transaction
909192,500000138,2026-01-06,16:55:28,Credit Card,23045,Flipkart,Pune,ATM,No,Normal Transaction
909193,500000037,2026-04-11,14:00:13,IMPS,23033,Amazon,Kolkata,POS,No,Normal Transaction
909194,500000051,2026-07-13,21:50:12,UPI,91399,Reliance,Kolkata,Laptop,No,Normal Transaction
909195,500000169,2026-04-13,12:24:16,IMPS,86627,Swiggy,Bengaluru,POS,No,Normal Transaction
909196,500000135,2026-05-24,15:07:46,RTGS,6955,DMart,Lucknow,Mobile,No,Normal Transaction
909197,500000077,2026-09-27,06:47:40,Credit Card,83773,Paytm,Bengaluru,POS,No,Normal Transaction
909198,500000082,2026-01-23,12:41:35,RTGS,88710,Paytm,Mumbai,POS,No,Normal Transaction
909199,500000175,2026-09-01,14:43:16,NEFT,88834,Paytm,Delhi,Mobile,No,Normal Transaction
909200,500000052,2026-10-07,16:43:59,Debit Card,27968,Zomato,Pune,ATM,Yes,Midnight Transaction
909201,500000158,2026-08-21,09:35:10,Credit Card,58388,Amazon,Bengaluru,Laptop,No,Normal Transaction
909202,500000032,2026-11-16,04:51:43,NEFT,84047,Paytm,Kolkata,POS,No,Normal Transaction
909203,500000100,2026-12-10,06:50:40,NEFT,11476,Uber,Pune,ATM,No,Normal Transaction
909204,500000069,2026-07-23,19:56:56,NEFT,58499,DMart,Pune,POS,No,Normal Transaction
909205,500000035,2026-08-17,19:24:16,UPI,57637,Flipkart,Kolkata,ATM,No,Normal Transaction
909206,500000129,2026-06-30,07:07:05,Debit Card,95787,Paytm,Mumbai,Mobile,No,Normal Transaction
909207,500000161,2026-12-19,15:46:48,IMPS,20128,Uber,Bengaluru,Laptop,No,Normal Transaction
909208,500000029,2026-09-03,05:20:47,NEFT,60757,Uber,Pune,Mobile,No,Normal Transaction
909209,500000020,2026-12-15,02:08:09,NEFT,40223,Reliance,Hyderabad,ATM,No,Normal Transaction
909210,500000164,2026-06-01,23:12:13,Credit Card,70208,Flipkart,Delhi,POS,No,Normal Transaction
909211,500000061,2026-07-06,06:59:26,Debit Card,77617,Swiggy,Lucknow,Laptop,No,Normal Transaction
909212,500000031,2026-02-17,01:55:58,IMPS,45514,Paytm,Bengaluru,ATM,No,Normal Transaction
909213,500000118,2026-12-22,19:50:09,IMPS,44247,Uber,Delhi,ATM,No,Normal Transaction
909214,500000044,2026-03-28,06:22:39,ATM,82061,Paytm,Lucknow,ATM,No,Normal Transaction
909215,500000063,2026-04-24,13:24:43,UPI,50515,Paytm,Mumbai,ATM,No,Normal Transaction
909216,500000148,2026-09-16,07:00:11,NEFT,19955,Swiggy,Delhi,POS,No,Normal Transaction
909217,500000160,2026-05-05,08:57:24,NEFT,47211,PhonePe,Pune,POS,No,Normal Transaction
909218,500000070,2026-07-22,16:22:09,RTGS,18984,IRCTC,Pune,Mobile,No,Normal Transaction
909219,500000033,2026-10-11,16:12:40,NEFT,26732,Flipkart,Kolkata,Mobile,No,Normal Transaction
909220,500000038,2026-09-21,01:11:07,IMPS,21637,Reliance,Delhi,ATM,No,Normal Transaction
909221,500000109,2026-08-13,08:51:49,UPI,44869,Swiggy,Lucknow,Laptop,No,Normal Transaction
909222,500000164,2026-12-02,03:43:42,Credit Card,50418,Flipkart,Delhi,Mobile,No,Normal Transaction
909223,500000077,2026-04-04,00:12:52,Credit Card,35757,Zomato,Hyderabad,ATM,No,Normal Transaction
909224,500000070,2026-04-20,23:24:34,ATM,31555,Swiggy,Hyderabad,Mobile,No,Normal Transaction
909225,500000177,2026-09-20,16:09:53,IMPS,757,Flipkart,Delhi,POS,No,Normal Transaction
909226,500000170,2026-04-02,06:56:08,RTGS,89449,Uber,Lucknow,POS,No,Normal Transaction
909227,500000095,2026-06-10,08:58:09,NEFT,30631,Flipkart,Bengaluru,POS,No,Normal Transaction
909228,500000007,2026-12-06,17:06:17,UPI,6241,Flipkart,Hyderabad,Mobile,No,Normal Transaction
909229,500000038,2026-04-20,18:44:59,ATM,34522,IRCTC,Kolkata,Mobile,No,Normal Transaction
909230,500000127,2026-01-10,14:17:07,Credit Card,66528,DMart,Pune,ATM,No,Normal Transaction
909231,500000174,2026-01-05,12:14:16,Debit Card,10195,Paytm,Mumbai,ATM,No,Normal Transaction
909232,500000041,2026-10-10,10:11:18,ATM,69679,IRCTC,Lucknow,ATM,No,Normal Transaction
909233,500000122,2026-06-09,19:00:43,NEFT,20056,Zomato,Lucknow,POS,No,Normal Transaction
909234,500000141,2026-08-11,00:23:07,Debit Card,3885,DMart,Bengaluru,Mobile,No,Normal Transaction
909235,500000015,2026-02-03,06:11:00,IMPS,59953,Flipkart,Lucknow,POS,No,Normal Transaction
909236,500000174,2026-07-17,06:37:52,RTGS,22304,Swiggy,Pune,POS,No,Normal Transaction
909237,500000065,2026-09-18,11:39:39,IMPS,27583,PhonePe,Delhi,POS,No,Normal Transaction
909238,500000041,2026-11-24,22:46:27,RTGS,67702,Flipkart,Mumbai,Laptop,No,Normal Transaction
909239,500000020,2026-08-12,07:09:37,ATM,59256,PhonePe,Kolkata,Laptop,No,Normal Transaction
909240,500000091,2026-11-15,13:22:19,Debit Card,13922,Amazon,Bengaluru,Laptop,No,Normal Transaction
909241,500000171,2026-06-19,01:18:38,Credit Card,68554,Uber,Kolkata,Laptop,No,Normal Transaction
909242,500000060,2026-06-07,12:45:05,RTGS,93352,Paytm,Kolkata,POS,No,Normal Transaction
909243,500000070,2026-08-16,02:36:16,ATM,42767,Reliance,Hyderabad,ATM,No,Normal Transaction
909244,500000023,2026-12-15,06:11:01,ATM,8121,PhonePe,Kolkata,Laptop,No,Normal Transaction
909245,500000090,2026-11-07,21:33:38,RTGS,43727,Amazon,Bengaluru,POS,No,Normal Transaction
909246,500000135,2026-02-26,17:08:38,Credit Card,85522,PhonePe,Pune,ATM,No,Normal Transaction
909247,500000103,2026-05-20,13:07:00,UPI,83255,Swiggy,Hyderabad,Laptop,No,Normal Transaction
909248,500000051,2026-07-23,15:11:36,RTGS,21360,Uber,Bengaluru,ATM,No,Normal Transaction
909249,500000054,2026-03-03,22:25:00,ATM,39069,DMart,Kolkata,Laptop,No,Normal Transaction
909250,500000063,2026-11-04,13:46:57,Credit Card,25473,PhonePe,Mumbai,Laptop,No,Normal Transaction
909251,500000089,2026-11-29,07:15:54,RTGS,84793,Amazon,Delhi,Mobile,No,Normal Transaction
909252,500000068,2026-05-01,07:50:42,RTGS,64826,Amazon,Bengaluru,ATM,No,Normal Transaction
909253,500000052,2026-10-06,16:50:19,ATM,67515,Paytm,Kolkata,Mobile,No,Normal Transaction
909254,500000100,2026-10-31,18:24:27,IMPS,70967,Reliance,Mumbai,ATM,No,Normal Transaction
909255,500000096,2026-09-29,09:23:43,IMPS,6214,Paytm,Lucknow,Mobile,No,Normal Transaction
909256,500000006,2026-12-19,09:31:32,Debit Card,41639,PhonePe,Kolkata,POS,No,Normal Transaction
909257,500000151,2026-06-14,19:42:30,RTGS,23113,Uber,Delhi,Mobile,No,Normal Transaction
909258,500000074,2026-08-06,03:53:07,ATM,64907,DMart,Bengaluru,Mobile,No,Normal Transaction
909259,500000081,2026-07-22,01:20:17,Credit Card,57066,Paytm,Pune,ATM,No,Normal Transaction
909260,500000066,2026-02-28,15:18:07,Credit Card,94486,Zomato,Kolkata,POS,No,Normal Transaction
909261,500000085,2026-01-07,14:53:00,IMPS,82622,Uber,Lucknow,Mobile,No,Normal Transaction
909262,500000165,2026-10-16,04:18:06,ATM,32214,IRCTC,Kolkata,Laptop,No,Normal Transaction
909263,500000015,2026-09-13,21:19:10,RTGS,43784,PhonePe,Pune,Laptop,No,Normal Transaction
909264,500000179,2026-01-16,03:18:32,Debit Card,57267,Reliance,Hyderabad,Laptop,No,Normal Transaction
909265,500000056,2026-12-20,23:32:36,Debit Card,80680,Uber,Kolkata,ATM,No,Normal Transaction
909266,500000041,2026-03-25,15:09:34,ATM,12264,Reliance,Mumbai,ATM,No,Normal Transaction
909267,500000098,2026-05-21,11:36:55,NEFT,1485,Uber,Hyderabad,Mobile,No,Normal Transaction
909268,500000053,2026-04-03,12:36:11,Credit Card,17024,Paytm,Lucknow,ATM,No,Normal Transaction
909269,500000060,2026-05-26,20:18:04,UPI,76773,Reliance,Delhi,POS,No,Normal Transaction
909270,500000177,2026-06-02,22:38:16,NEFT,46454,Uber,Delhi,Mobile,No,Normal Transaction
909271,500000164,2026-10-31,18:38:53,RTGS,54609,Uber,Hyderabad,ATM,No,Normal Transaction
909272,500000066,2026-12-20,03:25:10,NEFT,7790,DMart,Pune,POS,No,Normal Transaction
909273,500000127,2026-08-12,12:25:48,NEFT,79142,Zomato,Delhi,ATM,No,Normal Transaction
909274,500000040,2026-08-24,13:48:16,IMPS,69150,Amazon,Hyderabad,Laptop,No,Normal Transaction
909275,500000129,2026-07-04,17:06:01,ATM,30268,Swiggy,Mumbai,Mobile,No,Normal Transaction
909276,500000008,2026-05-27,23:34:13,Credit Card,96585,Paytm,Bengaluru,ATM,No,Normal Transaction
909277,500000109,2026-09-11,04:07:31,RTGS,44410,PhonePe,Lucknow,Laptop,No,Normal Transaction
909278,500000179,2026-06-18,21:37:24,Debit Card,93869,IRCTC,Hyderabad,Mobile,Yes,Multiple Transactions
909279,500000102,2026-07-26,19:53:51,Credit Card,94551,Uber,Bengaluru,POS,No,Normal Transaction
909280,500000137,2026-07-08,21:07:47,UPI,88106,Zomato,Hyderabad,POS,No,Normal Transaction
909281,500000137,2026-02-18,11:03:00,UPI,35890,Zomato,Bengaluru,POS,No,Normal Transaction
909282,500000137,2026-06-16,09:50:18,RTGS,92960,Reliance,Bengaluru,Mobile,No,Normal Transaction
909283,500000105,2026-08-16,03:32:50,NEFT,95437,Zomato,Mumbai,POS,No,Normal Transaction
909284,500000178,2026-06-18,22:55:55,IMPS,76998,PhonePe,Kolkata,ATM,No,Normal Transaction
909285,500000093,2026-12-06,15:07:25,UPI,22603,Swiggy,Mumbai,Mobile,Yes,Midnight Transaction
909286,500000050,2026-12-31,06:45:47,Debit Card,14447,DMart,Mumbai,POS,No,Normal Transaction
909287,500000154,2026-02-25,10:04:45,NEFT,45943,IRCTC,Bengaluru,ATM,No,Normal Transaction
909288,500000161,2026-02-02,04:02:13,IMPS,33657,Uber,Pune,Laptop,No,Normal Transaction
909289,500000134,2026-05-02,13:49:07,RTGS,33530,Swiggy,Lucknow,POS,No,Normal Transaction
909290,500000106,2026-04-02,08:17:20,Debit Card,6602,Swiggy,Delhi,ATM,No,Normal Transaction
909291,500000045,2026-11-28,05:35:28,UPI,97150,Paytm,Mumbai,Laptop,No,Normal Transaction
909292,500000088,2026-10-25,08:51:36,UPI,88025,Reliance,Lucknow,Laptop,No,Normal Transaction
909293,500000140,2026-06-08,14:17:00,Credit Card,93320,Uber,Delhi,Mobile,No,Normal Transaction
909294,500000129,2026-08-06,07:04:40,ATM,15245,DMart,Pune,Laptop,No,Normal Transaction
909295,500000099,2026-11-28,06:50:22,ATM,35526,Zomato,Hyderabad,ATM,No,Normal Transaction
909296,500000105,2026-07-13,13:38:49,IMPS,81628,Zomato,Bengaluru,ATM,No,Normal Transaction
909297,500000132,2026-02-20,09:29:49,RTGS,34779,Swiggy,Bengaluru,POS,No,Normal Transaction
909298,500000061,2026-12-21,20:32:35,Credit Card,88284,Amazon,Hyderabad,Laptop,No,Normal Transaction
909299,500000092,2026-01-07,19:56:05,NEFT,58102,Uber,Hyderabad,Laptop,No,Normal Transaction
909300,500000154,2026-12-23,11:36:53,UPI,18299,Zomato,Pune,Laptop,No,Normal Transaction
909301,500000130,2026-09-27,14:55:04,NEFT,56156,Flipkart,Hyderabad,POS,No,Normal Transaction
909302,500000140,2026-03-02,10:11:28,UPI,33418,Zomato,Delhi,ATM,No,Normal Transaction
909303,500000014,2026-01-20,18:51:13,Credit Card,94316,DMart,Delhi,Laptop,No,Normal Transaction
909304,500000059,2026-11-01,23:09:45,UPI,34587,DMart,Mumbai,ATM,No,Normal Transaction
909305,500000032,2026-06-09,23:05:44,RTGS,5863,Paytm,Lucknow,Mobile,No,Normal Transaction
909306,500000102,2026-12-31,19:23:36,Debit Card,84335,PhonePe,Pune,ATM,No,Normal Transaction
909307,500000067,2026-07-23,21:59:07,Debit Card,62106,IRCTC,Hyderabad,Laptop,No,Normal Transaction
909308,500000156,2026-11-08,03:08:38,Debit Card,80591,Zomato,Bengaluru,ATM,No,Normal Transaction
909309,500000062,2026-02-16,07:36:30,Credit Card,68308,Swiggy,Bengaluru,Mobile,No,Normal Transaction
909310,500000131,2026-01-14,23:39:03,ATM,48954,Flipkart,Pune,POS,No,Normal Transaction
909311,500000141,2026-05-12,12:00:43,Credit Card,66751,Amazon,Kolkata,Laptop,No,Normal Transaction
909312,500000162,2026-10-13,05:24:49,ATM,95360,PhonePe,Mumbai,Laptop,No,Normal Transaction
909313,500000006,2026-02-05,14:33:20,RTGS,76034,DMart,Mumbai,Mobile,No,Normal Transaction
909314,500000171,2026-10-04,01:13:11,RTGS,38990,PhonePe,Bengaluru,POS,No,Normal Transaction
909315,500000097,2026-08-25,07:49:10,RTGS,43312,Amazon,Delhi,POS,No,Normal Transaction
909316,500000158,2026-05-07,21:48:07,IMPS,37191,Reliance,Hyderabad,ATM,No,Normal Transaction
909317,500000076,2026-05-08,01:13:11,Debit Card,21453,Amazon,Bengaluru,Laptop,No,Normal Transaction
909318,500000076,2026-09-06,00:20:58,ATM,4684,Reliance,Lucknow,Mobile,No,Normal Transaction
909319,500000029,2026-04-25,00:54:35,Credit Card,84609,Uber,Delhi,Laptop,No,Normal Transaction
909320,500000045,2026-01-29,18:10:12,IMPS,77474,Amazon,Hyderabad,ATM,No,Normal Transaction
909321,500000122,2026-05-21,11:20:45,Credit Card,65813,Reliance,Bengaluru,Mobile,No,Normal Transaction
909322,500000036,2026-05-03,09:51:41,RTGS,49241,Reliance,Pune,Laptop,No,Normal Transaction
909323,500000151,2026-01-23,04:25:00,NEFT,97916,Swiggy,Kolkata,POS,No,Normal Transaction
909324,500000163,2026-12-06,01:16:21,ATM,9795,PhonePe,Hyderabad,POS,No,Normal Transaction
909325,500000101,2026-05-04,09:30:50,UPI,34984,Uber,Delhi,Laptop,No,Normal Transaction
909326,500000171,2026-10-01,14:12:12,RTGS,26414,PhonePe,Hyderabad,POS,Yes,High Amount
909327,500000108,2026-04-03,00:15:38,Debit Card,16793,Paytm,Pune,Laptop,No,Normal Transaction
909328,500000070,2026-03-01,09:02:05,NEFT,29400,DMart,Pune,POS,No,Normal Transaction
909329,500000092,2026-09-14,05:57:16,Credit Card,16654,PhonePe,Mumbai,ATM,No,Normal Transaction
909330,500000117,2026-11-27,11:02:57,Debit Card,43887,Paytm,Kolkata,ATM,No,Normal Transaction
909331,500000082,2026-04-02,01:45:17,ATM,29987,Flipkart,Kolkata,ATM,No,Normal Transaction
909332,500000041,2026-01-03,12:48:54,Credit Card,59222,PhonePe,Bengaluru,POS,No,Normal Transaction
909333,500000072,2026-02-18,12:51:05,ATM,43581,IRCTC,Lucknow,POS,No,Normal Transaction
909334,500000064,2026-06-10,14:03:54,Debit Card,82967,Reliance,Bengaluru,Mobile,No,Normal Transaction
909335,500000061,2026-05-03,01:54:02,NEFT,80395,Reliance,Pune,Laptop,No,Normal Transaction
909336,500000160,2026-07-03,21:58:55,UPI,94018,DMart,Kolkata,Mobile,Yes,High Amount
909337,500000072,2026-07-10,08:10:53,NEFT,61686,IRCTC,Mumbai,Mobile,No,Normal Transaction
909338,500000173,2026-09-10,22:24:49,IMPS,62157,Uber,Hyderabad,ATM,Yes,Multiple Transactions
909339,500000158,2026-08-20,16:48:58,NEFT,25284,Flipkart,Hyderabad,Laptop,No,Normal Transaction
909340,500000078,2026-03-30,12:24:56,Debit Card,93790,Zomato,Bengaluru,ATM,No,Normal Transaction
909341,500000030,2026-03-02,03:00:53,IMPS,5461,DMart,Bengaluru,ATM,No,Normal Transaction
909342,500000113,2026-01-17,23:03:05,UPI,85307,PhonePe,Mumbai,Laptop,No,Normal Transaction
909343,500000117,2026-06-13,16:50:12,RTGS,14561,PhonePe,Hyderabad,ATM,No,Normal Transaction
909344,500000134,2026-04-12,21:33:49,UPI,72766,Reliance,Lucknow,Mobile,No,Normal Transaction
909345,500000151,2026-03-02,04:42:15,Debit Card,43922,Uber,Mumbai,Laptop,No,Normal Transaction
909346,500000018,2026-07-29,17:32:22,UPI,81199,Reliance,Lucknow,ATM,No,Normal Transaction
909347,500000086,2026-05-08,15:14:48,NEFT,49387,Zomato,Mumbai,ATM,No,Normal Transaction
909348,500000122,2026-11-21,15:30:15,Credit Card,90748,Paytm,Mumbai,POS,No,Normal Transaction
909349,500000072,2026-03-06,16:02:59,NEFT,97037,Flipkart,Delhi,Laptop,No,Normal Transaction
909350,500000117,2026-01-31,17:50:54,UPI,26416,IRCTC,Kolkata,POS,No,Normal Transaction
909351,500000070,2026-05-06,11:54:13,IMPS,24864,Reliance,Hyderabad,Mobile,No,Normal Transaction
909352,500000107,2026-02-20,06:53:06,Credit Card,32191,DMart,Delhi,Laptop,No,Normal Transaction
909353,500000131,2026-05-02,02:39:53,RTGS,23203,Uber,Delhi,ATM,No,Normal Transaction
909354,500000160,2026-04-01,20:06:57,IMPS,53351,Uber,Hyderabad,ATM,No,Normal Transaction
909355,500000155,2026-05-04,15:31:27,Credit Card,16320,Reliance,Bengaluru,ATM,No,Normal Transaction
909356,500000128,2026-09-28,19:58:13,Debit Card,42399,Uber,Pune,POS,No,Normal Transaction
909357,500000109,2026-12-05,22:52:22,UPI,79525,Zomato,Pune,POS,No,Normal Transaction
909358,500000127,2026-12-19,14:01:38,ATM,86965,IRCTC,Hyderabad,POS,No,Normal Transaction
909359,500000156,2026-11-29,01:59:53,Credit Card,80555,Flipkart,Hyderabad,POS,No,Normal Transaction
909360,500000125,2026-10-30,03:34:00,NEFT,70107,Flipkart,Kolkata,POS,No,Normal Transaction
909361,500000107,2026-10-18,06:55:27,Debit Card,88713,DMart,Pune,POS,No,Normal Transaction
909362,500000164,2026-10-18,01:21:08,Debit Card,64906,Swiggy,Pune,POS,No,Normal Transaction
909363,500000018,2026-11-12,06:39:27,IMPS,51395,DMart,Lucknow,POS,No,Normal Transaction
909364,500000008,2026-12-15,14:08:49,UPI,86425,Paytm,Pune,Mobile,No,Normal Transaction
909365,500000137,2026-03-02,03:40:17,RTGS,51787,Flipkart,Mumbai,Mobile,No,Normal Transaction
909366,500000038,2026-10-25,05:54:52,Credit Card,43575,Uber,Hyderabad,ATM,No,Normal Transaction
909367,500000145,2026-08-25,02:14:40,Debit Card,47357,PhonePe,Kolkata,Mobile,No,Normal Transaction
909368,500000130,2026-10-05,07:09:22,Credit Card,88276,PhonePe,Mumbai,ATM,No,Normal Transaction
909369,500000123,2026-04-13,22:41:33,Debit Card,61135,IRCTC,Hyderabad,ATM,No,Normal Transaction
909370,500000005,2026-01-09,15:44:25,ATM,742,Swiggy,Delhi,ATM,No,Normal Transaction
909371,500000159,2026-01-29,02:36:40,NEFT,14514,Reliance,Bengaluru,Laptop,No,Normal Transaction
909372,500000097,2026-07-10,12:30:25,ATM,18393,Flipkart,Mumbai,POS,No,Normal Transaction
909373,500000138,2026-11-24,20:38:11,Debit Card,34001,Zomato,Pune,ATM,No,Normal Transaction
909374,500000083,2026-04-16,14:12:32,Debit Card,67350,PhonePe,Lucknow,Laptop,No,Normal Transaction
909375,500000080,2026-04-13,08:01:22,Credit Card,86231,Flipkart,Mumbai,Mobile,No,Normal Transaction
909376,500000152,2026-12-21,00:24:21,NEFT,91535,DMart,Pune,Laptop,No,Normal Transaction
909377,500000052,2026-10-18,18:33:18,Credit Card,10794,PhonePe,Mumbai,ATM,No,Normal Transaction
909378,500000055,2026-09-09,03:47:00,RTGS,71801,Paytm,Mumbai,POS,No,Normal Transaction
909379,500000156,2026-03-14,17:03:19,Debit Card,73028,Zomato,Pune,Laptop,No,Normal Transaction
909380,500000119,2026-04-01,04:31:29,ATM,1435,DMart,Hyderabad,ATM,No,Normal Transaction
909381,500000040,2026-10-03,06:16:42,Credit Card,75782,IRCTC,Hyderabad,POS,No,Normal Transaction
909382,500000031,2026-10-01,11:46:42,NEFT,56002,Paytm,Delhi,POS,No,Normal Transaction
909383,500000105,2026-07-30,19:50:13,Credit Card,62459,PhonePe,Mumbai,Mobile,No,Normal Transaction
909384,500000019,2026-01-01,18:24:49,Debit Card,16697,IRCTC,Pune,ATM,No,Normal Transaction
909385,500000040,2026-03-16,17:24:28,IMPS,37731,DMart,Mumbai,POS,No,Normal Transaction
909386,500000059,2026-07-19,02:06:15,Credit Card,41335,DMart,Hyderabad,Laptop,No,Normal Transaction
909387,500000081,2026-06-06,20:37:12,ATM,25758,IRCTC,Delhi,ATM,No,Normal Transaction
909388,500000100,2026-07-27,19:23:21,UPI,83999,DMart,Bengaluru,POS,No,Normal Transaction
909389,500000104,2026-01-12,12:38:12,Credit Card,59112,Amazon,Kolkata,Mobile,No,Normal Transaction
909390,500000126,2026-01-07,10:25:52,IMPS,69333,Reliance,Bengaluru,ATM,No,Normal Transaction
909391,500000155,2026-01-28,06:22:10,NEFT,56496,Flipkart,Bengaluru,Mobile,No,Normal Transaction
909392,500000086,2026-12-10,19:38:21,NEFT,22265,Zomato,Delhi,Mobile,No,Normal Transaction
909393,500000117,2026-01-28,09:16:51,NEFT,22086,DMart,Hyderabad,Laptop,No,Normal Transaction
909394,500000103,2026-02-09,18:39:29,NEFT,19958,Paytm,Mumbai,ATM,No,Normal Transaction
909395,500000067,2026-07-04,15:32:39,Debit Card,155,IRCTC,Mumbai,Mobile,No,Normal Transaction
909396,500000025,2026-02-04,15:52:47,IMPS,26717,Amazon,Kolkata,Mobile,No,Normal Transaction
909397,500000135,2026-11-04,00:51:38,NEFT,63327,Uber,Delhi,Mobile,No,Normal Transaction
909398,500000003,2026-09-29,07:32:42,UPI,34531,IRCTC,Bengaluru,POS,No,Normal Transaction
909399,500000180,2026-06-30,04:49:07,ATM,88610,Zomato,Pune,Laptop,No,Normal Transaction
909400,500000030,2026-05-15,22:11:34,IMPS,39674,Zomato,Kolkata,ATM,No,Normal Transaction
909401,500000026,2026-08-22,03:00:27,ATM,81763,PhonePe,Kolkata,POS,No,Normal Transaction
909402,500000064,2026-11-24,11:21:23,IMPS,94641,Reliance,Mumbai,Mobile,No,Normal Transaction
909403,500000165,2026-05-25,08:10:19,RTGS,41042,Flipkart,Kolkata,POS,No,Normal Transaction
909404,500000103,2026-01-30,01:20:01,Debit Card,1445,DMart,Pune,ATM,No,Normal Transaction
909405,500000077,2026-05-11,10:24:55,Credit Card,11786,Zomato,Delhi,Mobile,No,Normal Transaction
909406,500000169,2026-06-01,17:05:02,Credit Card,56004,Uber,Lucknow,POS,No,Normal Transaction
909407,500000088,2026-11-24,22:37:34,Credit Card,81600,Reliance,Delhi,Laptop,No,Normal Transaction
909408,500000144,2026-08-03,15:58:00,ATM,24067,Amazon,Delhi,Mobile,No,Normal Transaction
909409,500000090,2026-03-26,00:00:14,NEFT,58211,Paytm,Mumbai,ATM,No,Normal Transaction
909410,500000126,2026-01-15,18:49:36,NEFT,82676,DMart,Lucknow,POS,No,Normal Transaction
909411,500000093,2026-11-02,06:43:01,Debit Card,25809,Swiggy,Bengaluru,ATM,No,Normal Transaction
909412,500000041,2026-02-11,06:51:02,ATM,26216,Zomato,Pune,POS,No,Normal Transaction
909413,500000151,2026-04-02,16:11:04,Debit Card,44008,Zomato,Hyderabad,Laptop,No,Normal Transaction
909414,500000027,2026-03-13,04:20:51,IMPS,91659,Amazon,Bengaluru,Laptop,No,Normal Transaction
909415,500000020,2026-12-16,07:55:09,Debit Card,47140,Flipkart,Pune,ATM,No,Normal Transaction
909416,500000152,2026-05-09,18:58:08,RTGS,60162,Flipkart,Bengaluru,POS,No,Normal Transaction
909417,500000045,2026-11-29,14:04:41,UPI,40608,PhonePe,Delhi,POS,No,Normal Transaction
909418,500000101,2026-07-21,06:37:44,RTGS,737,Amazon,Bengaluru,POS,No,Normal Transaction
909419,500000048,2026-04-28,03:50:39,Credit Card,84386,Zomato,Mumbai,Mobile,No,Normal Transaction
909420,500000132,2026-10-02,08:09:11,IMPS,88991,Flipkart,Mumbai,ATM,No,Normal Transaction
909421,500000142,2026-09-25,23:14:29,IMPS,52899,Uber,Lucknow,Laptop,No,Normal Transaction
909422,500000045,2026-06-19,12:16:00,Credit Card,45851,Flipkart,Hyderabad,Mobile,No,Normal Transaction
909423,500000154,2026-05-18,07:15:33,Credit Card,85132,IRCTC,Pune,Mobile,No,Normal Transaction
909424,500000051,2026-12-05,03:05:44,Debit Card,25952,Flipkart,Delhi,Laptop,No,Normal Transaction
909425,500000083,2026-09-27,07:09:35,UPI,34140,Uber,Kolkata,Mobile,Yes,Different City
909426,500000016,2026-12-29,05:30:07,RTGS,45316,Zomato,Hyderabad,Laptop,No,Normal Transaction
909427,500000106,2026-03-19,22:04:54,NEFT,37940,Amazon,Bengaluru,Mobile,No,Normal Transaction
909428,500000126,2026-11-23,09:23:30,Credit Card,57427,Zomato,Hyderabad,Laptop,No,Normal Transaction
909429,500000071,2026-05-07,23:50:45,UPI,54435,Paytm,Mumbai,Mobile,Yes,Multiple Transactions
909430,500000103,2026-10-29,20:04:43,Credit Card,40020,PhonePe,Hyderabad,POS,No,Normal Transaction
909431,500000107,2026-01-10,17:01:05,RTGS,34315,Zomato,Bengaluru,Mobile,No,Normal Transaction
909432,500000107,2026-03-18,01:34:01,ATM,55029,Flipkart,Pune,ATM,No,Normal Transaction
909433,500000022,2026-03-14,06:03:05,RTGS,51731,Uber,Mumbai,Laptop,No,Normal Transaction
909434,500000117,2026-08-26,08:41:24,UPI,12346,Flipkart,Mumbai,POS,No,Normal Transaction
909435,500000090,2026-03-02,02:28:34,ATM,46847,Paytm,Delhi,POS,No,Normal Transaction
909436,500000119,2026-02-07,03:40:15,IMPS,13412,Reliance,Delhi,Mobile,No,Normal Transaction
909437,500000150,2026-05-27,10:06:26,RTGS,15407,Swiggy,Delhi,Mobile,No,Normal Transaction
909438,500000144,2026-07-07,02:58:38,Credit Card,74972,Paytm,Mumbai,Mobile,No,Normal Transaction
909439,500000092,2026-10-27,17:34:23,NEFT,7712,Amazon,Delhi,POS,No,Normal Transaction
909440,500000151,2026-09-12,08:56:39,RTGS,60641,Flipkart,Pune,POS,No,Normal Transaction
909441,500000001,2026-01-13,18:59:36,IMPS,56580,IRCTC,Mumbai,Laptop,No,Normal Transaction
909442,500000049,2026-04-27,07:16:14,IMPS,33437,Flipkart,Pune,POS,No,Normal Transaction
909443,500000127,2026-08-11,04:28:18,NEFT,11335,IRCTC,Pune,Laptop,No,Normal Transaction
909444,500000015,2026-12-12,04:46:42,IMPS,69136,Flipkart,Mumbai,ATM,No,Normal Transaction
909445,500000100,2026-01-12,08:51:52,Debit Card,5907,DMart,Bengaluru,POS,No,Normal Transaction
909446,500000074,2026-01-03,10:23:34,IMPS,80053,Swiggy,Lucknow,ATM,No,Normal Transaction
909447,500000171,2026-01-22,10:51:41,Credit Card,94302,Zomato,Pune,ATM,No,Normal Transaction
909448,500000147,2026-11-21,17:27:53,UPI,98711,Reliance,Kolkata,Laptop,No,Normal Transaction
909449,500000086,2026-05-01,22:58:02,UPI,51466,IRCTC,Hyderabad,Laptop,No,Normal Transaction
909450,500000177,2026-07-10,07:03:45,Debit Card,87027,Uber,Delhi,ATM,No,Normal Transaction
909451,500000149,2026-12-09,00:53:31,UPI,39128,Swiggy,Lucknow,Mobile,No,Normal Transaction
909452,500000156,2026-03-09,11:40:22,Credit Card,75712,Paytm,Mumbai,POS,No,Normal Transaction
909453,500000161,2026-12-13,19:32:23,Credit Card,23489,Amazon,Kolkata,Laptop,No,Normal Transaction
909454,500000023,2026-11-02,10:30:37,Credit Card,1661,Swiggy,Pune,ATM,No,Normal Transaction
909455,500000015,2026-04-07,08:18:34,IMPS,19704,Zomato,Pune,POS,No,Normal Transaction
909456,500000173,2026-01-24,02:19:20,UPI,17352,Paytm,Kolkata,ATM,No,Normal Transaction
909457,500000090,2026-04-10,05:51:26,RTGS,58164,Flipkart,Mumbai,Laptop,No,Normal Transaction
909458,500000090,2026-01-19,02:07:01,NEFT,27522,Amazon,Bengaluru,ATM,No,Normal Transaction
909459,500000075,2026-08-14,11:24:43,NEFT,7800,Uber,Lucknow,Mobile,No,Normal Transaction
909460,500000065,2026-04-30,03:17:57,IMPS,89687,Zomato,Pune,POS,No,Normal Transaction
909461,500000050,2026-11-13,04:44:34,RTGS,81320,Uber,Kolkata,ATM,No,Normal Transaction
909462,500000033,2026-04-29,21:39:04,IMPS,3237,Flipkart,Kolkata,Laptop,No,Normal Transaction
909463,500000084,2026-11-12,17:15:43,ATM,21477,Swiggy,Mumbai,ATM,No,Normal Transaction
909464,500000025,2026-02-26,06:41:13,ATM,29753,Uber,Pune,ATM,No,Normal Transaction
909465,500000141,2026-02-11,03:50:19,Credit Card,48192,Zomato,Pune,POS,No,Normal Transaction
909466,500000073,2026-02-15,18:58:10,NEFT,61325,Flipkart,Mumbai,Mobile,No,Normal Transaction
909467,500000008,2026-09-11,11:37:19,UPI,33712,Flipkart,Pune,Mobile,No,Normal Transaction
909468,500000015,2026-04-25,10:40:34,UPI,20977,Paytm,Kolkata,Mobile,No,Normal Transaction
909469,500000162,2026-08-02,02:39:33,ATM,44773,Paytm,Delhi,Laptop,No,Normal Transaction
909470,500000003,2026-10-07,12:44:17,RTGS,69135,Flipkart,Bengaluru,Laptop,No,Normal Transaction
909471,500000165,2026-08-26,15:28:20,IMPS,88159,PhonePe,Kolkata,Mobile,No,Normal Transaction
909472,500000147,2026-05-24,19:14:49,UPI,30398,IRCTC,Hyderabad,Mobile,No,Normal Transaction
909473,500000056,2026-06-16,07:30:50,UPI,1817,Paytm,Mumbai,POS,No,Normal Transaction
909474,500000129,2026-10-18,13:52:17,NEFT,75891,IRCTC,Bengaluru,Laptop,No,Normal Transaction
909475,500000099,2026-07-01,07:27:57,Debit Card,58639,Reliance,Lucknow,Laptop,No,Normal Transaction
909476,500000071,2026-11-10,05:06:07,Debit Card,36841,Amazon,Mumbai,POS,No,Normal Transaction
909477,500000120,2026-06-24,23:15:40,Credit Card,12822,Amazon,Pune,ATM,No,Normal Transaction
909478,500000159,2026-09-18,03:47:43,Debit Card,63062,IRCTC,Mumbai,POS,No,Normal Transaction
909479,500000110,2026-06-08,16:54:33,ATM,1308,Swiggy,Bengaluru,POS,No,Normal Transaction
909480,500000011,2026-02-22,01:10:15,NEFT,96972,IRCTC,Delhi,POS,No,Normal Transaction
909481,500000036,2026-04-02,14:38:28,UPI,3479,Uber,Mumbai,ATM,No,Normal Transaction
909482,500000162,2026-08-27,01:35:56,Credit Card,84053,Swiggy,Pune,Mobile,Yes,Midnight Transaction
909483,500000175,2026-09-13,23:22:37,RTGS,52990,PhonePe,Bengaluru,Laptop,No,Normal Transaction
909484,500000130,2026-12-04,23:10:26,IMPS,63450,Amazon,Pune,Mobile,No,Normal Transaction
909485,500000101,2026-08-06,10:50:26,Credit Card,65440,DMart,Delhi,POS,No,Normal Transaction
909486,500000115,2026-11-04,05:05:44,ATM,25894,Zomato,Hyderabad,Mobile,No,Normal Transaction
909487,500000107,2026-11-07,06:15:55,NEFT,46493,IRCTC,Kolkata,Mobile,No,Normal Transaction
909488,500000027,2026-07-22,01:29:53,UPI,87765,Flipkart,Mumbai,POS,No,Normal Transaction
909489,500000119,2026-05-17,05:55:00,RTGS,53984,Zomato,Hyderabad,Mobile,No,Normal Transaction
909490,500000086,2026-04-29,09:04:39,Credit Card,44142,PhonePe,Pune,Mobile,No,Normal Transaction
909491,500000125,2026-03-29,10:21:30,Credit Card,99554,Reliance,Pune,Mobile,No,Normal Transaction
909492,500000120,2026-08-29,22:17:07,Debit Card,96220,IRCTC,Bengaluru,ATM,No,Normal Transaction
909493,500000111,2026-04-01,12:07:59,Credit Card,70974,Reliance,Mumbai,Laptop,No,Normal Transaction
909494,500000010,2026-05-05,10:21:04,Credit Card,54979,DMart,Lucknow,Mobile,No,Normal Transaction
909495,500000120,2026-11-18,14:05:13,Credit Card,41118,Flipkart,Kolkata,ATM,No,Normal Transaction
909496,500000024,2026-10-29,06:05:11,RTGS,4107,Amazon,Kolkata,POS,No,Normal Transaction
909497,500000094,2026-10-18,06:06:03,Debit Card,65134,PhonePe,Delhi,ATM,No,Normal Transaction
909498,500000036,2026-02-27,05:28:10,ATM,15472,Swiggy,Pune,ATM,No,Normal Transaction
909499,500000102,2026-10-08,02:18:58,ATM,32309,IRCTC,Mumbai,ATM,No,Normal Transaction
909500,500000011,2026-02-06,10:52:46,NEFT,15915,Reliance,Delhi,ATM,No,Normal Transaction
909501,500000112,2026-01-08,02:27:05,Debit Card,70290,Swiggy,Delhi,Laptop,No,Normal Transaction
909502,500000036,2026-05-31,13:12:18,Debit Card,93077,Paytm,Kolkata,Laptop,No,Normal Transaction
909503,500000158,2026-11-10,07:43:39,IMPS,86154,DMart,Pune,POS,No,Normal Transaction
909504,500000163,2027-01-01,23:23:43,UPI,39593,Flipkart,Lucknow,Mobile,No,Normal Transaction
909505,500000146,2026-03-03,00:33:58,Debit Card,43673,Amazon,Lucknow,POS,No,Normal Transaction
909506,500000110,2026-09-07,13:06:10,RTGS,33913,Paytm,Pune,Mobile,No,Normal Transaction
909507,500000145,2026-04-21,00:47:34,IMPS,83184,Amazon,Kolkata,ATM,No,Normal Transaction
909508,500000134,2026-11-02,07:00:24,NEFT,261,Zomato,Kolkata,Mobile,No,Normal Transaction
909509,500000035,2026-01-17,22:24:53,Credit Card,12817,Uber,Hyderabad,Laptop,No,Normal Transaction
909510,500000134,2026-11-08,18:10:59,Debit Card,65840,Uber,Mumbai,Mobile,No,Normal Transaction
909511,500000060,2026-05-08,12:32:48,Credit Card,11969,Amazon,Mumbai,Laptop,No,Normal Transaction
909512,500000093,2026-08-28,23:18:59,Debit Card,49789,Paytm,Lucknow,Laptop,No,Normal Transaction
909513,500000073,2026-06-29,18:09:10,NEFT,24336,Reliance,Pune,Laptop,No,Normal Transaction
909514,500000134,2026-06-30,22:37:27,Debit Card,50735,PhonePe,Kolkata,Laptop,No,Normal Transaction
909515,500000134,2026-04-08,17:01:25,Debit Card,89614,DMart,Mumbai,POS,No,Normal Transaction
909516,500000126,2026-08-12,21:42:39,NEFT,52228,Reliance,Mumbai,Mobile,No,Normal Transaction
909517,500000032,2026-11-06,01:15:04,NEFT,98835,Flipkart,Mumbai,Mobile,No,Normal Transaction
909518,500000142,2026-06-18,12:11:37,UPI,69328,PhonePe,Pune,ATM,Yes,Multiple Transactions
909519,500000139,2026-11-02,12:57:21,RTGS,5342,Uber,Lucknow,Mobile,No,Normal Transaction
909520,500000063,2026-06-27,00:08:45,UPI,12535,Swiggy,Pune,POS,No,Normal Transaction
909521,500000004,2026-02-21,15:59:56,UPI,69977,Reliance,Pune,ATM,No,Normal Transaction
909522,500000159,2026-08-26,07:43:31,RTGS,81790,PhonePe,Hyderabad,ATM,No,Normal Transaction
909523,500000096,2026-11-15,11:03:39,Credit Card,40392,Flipkart,Lucknow,Laptop,No,Normal Transaction
909524,500000046,2026-01-17,00:47:33,Debit Card,83392,Flipkart,Mumbai,POS,No,Normal Transaction
909525,500000130,2026-10-16,00:25:06,ATM,92346,IRCTC,Kolkata,POS,No,Normal Transaction
909526,500000074,2026-12-15,01:41:22,ATM,34334,IRCTC,Kolkata,POS,No,Normal Transaction
909527,500000033,2026-08-01,03:07:10,Debit Card,63089,Uber,Kolkata,Laptop,No,Normal Transaction
909528,500000090,2026-12-03,12:43:50,IMPS,66599,DMart,Delhi,Laptop,No,Normal Transaction
909529,500000048,2026-09-08,12:58:12,NEFT,75388,Zomato,Pune,Mobile,No,Normal Transaction
909530,500000137,2026-10-27,13:06:08,NEFT,95197,Uber,Pune,Laptop,No,Normal Transaction
909531,500000040,2026-06-03,04:30:24,NEFT,71034,IRCTC,Kolkata,Mobile,No,Normal Transaction
909532,500000124,2026-05-07,07:37:12,Debit Card,79776,Reliance,Pune,Laptop,No,Normal Transaction
909533,500000099,2026-10-26,21:02:35,Credit Card,17395,Amazon,Pune,Laptop,No,Normal Transaction
909534,500000025,2026-10-01,03:17:48,Debit Card,54720,Uber,Bengaluru,Laptop,No,Normal Transaction
909535,500000033,2026-10-23,06:17:09,RTGS,21793,Flipkart,Pune,Mobile,No,Normal Transaction
909536,500000042,2026-08-17,02:11:34,NEFT,44859,Paytm,Mumbai,POS,No,Normal Transaction
909537,500000170,2026-04-26,09:06:08,NEFT,29397,PhonePe,Pune,POS,No,Normal Transaction
909538,500000047,2026-06-23,14:02:03,Debit Card,71723,Reliance,Lucknow,POS,No,Normal Transaction
909539,500000127,2026-05-14,03:32:13,IMPS,61872,Paytm,Kolkata,ATM,No,Normal Transaction
909540,500000157,2026-02-09,10:39:16,RTGS,18966,Zomato,Pune,ATM,No,Normal Transaction
909541,500000149,2026-06-08,18:47:06,Credit Card,44394,Zomato,Pune,Mobile,No,Normal Transaction
909542,500000045,2026-04-17,08:38:55,NEFT,80403,Swiggy,Bengaluru,ATM,No,Normal Transaction
909543,500000068,2026-04-28,23:39:41,NEFT,40424,Flipkart,Lucknow,POS,No,Normal Transaction
909544,500000004,2026-03-08,20:52:45,RTGS,19169,DMart,Hyderabad,ATM,No,Normal Transaction
909545,500000108,2026-12-23,22:50:48,Credit Card,74318,Reliance,Kolkata,Laptop,No,Normal Transaction
909546,500000088,2026-06-22,00:51:22,UPI,50851,IRCTC,Delhi,ATM,No,Normal Transaction
909547,500000122,2026-06-01,16:09:07,UPI,61316,Amazon,Hyderabad,POS,No,Normal Transaction
909548,500000059,2026-06-26,10:34:41,RTGS,97013,Amazon,Lucknow,Laptop,No,Normal Transaction
909549,500000026,2026-07-21,04:17:59,Debit Card,16721,Reliance,Kolkata,Laptop,No,Normal Transaction
909550,500000008,2026-06-09,07:38:33,UPI,81293,Reliance,Mumbai,POS,No,Normal Transaction
909551,500000129,2026-01-07,02:45:32,NEFT,10386,PhonePe,Lucknow,POS,No,Normal Transaction
909552,500000132,2026-03-08,18:43:07,RTGS,45279,PhonePe,Mumbai,POS,No,Normal Transaction
909553,500000147,2026-04-11,08:04:00,ATM,44552,Reliance,Delhi,Mobile,No,Normal Transaction
909554,500000023,2026-07-27,02:23:28,Credit Card,38811,IRCTC,Bengaluru,Mobile,No,Normal Transaction
909555,500000014,2026-06-27,18:42:06,Debit Card,62536,DMart,Bengaluru,ATM,No,Normal Transaction
909556,500000073,2026-07-21,15:16:40,UPI,83810,PhonePe,Delhi,Mobile,No,Normal Transaction
909557,500000055,2026-08-12,11:58:46,UPI,89677,Reliance,Lucknow,POS,No,Normal Transaction
909558,500000082,2026-11-05,19:04:56,UPI,64467,Reliance,Mumbai,Laptop,No,Normal Transaction
909559,500000100,2026-04-02,15:34:44,NEFT,58323,Swiggy,Pune,Laptop,No,Normal Transaction
909560,500000115,2026-07-29,04:40:18,Credit Card,17457,Paytm,Kolkata,Mobile,No,Normal Transaction
909561,500000129,2026-08-22,21:55:33,UPI,68219,PhonePe,Pune,POS,No,Normal Transaction
909562,500000129,2026-05-24,23:45:22,RTGS,61141,PhonePe,Mumbai,Mobile,No,Normal Transaction
909563,500000112,2026-05-16,09:00:49,IMPS,73686,Flipkart,Pune,POS,No,Normal Transaction
909564,500000005,2026-04-23,19:18:19,Debit Card,55858,Reliance,Hyderabad,Mobile,No,Normal Transaction
909565,500000176,2026-05-30,20:29:09,NEFT,4576,Paytm,Lucknow,Laptop,No,Normal Transaction
909566,500000022,2026-12-13,13:52:53,Credit Card,58273,Zomato,Lucknow,Mobile,No,Normal Transaction
909567,500000017,2026-02-01,14:30:10,Debit Card,48031,Paytm,Pune,POS,No,Normal Transaction
909568,500000175,2026-04-01,20:50:44,Debit Card,17476,Zomato,Mumbai,POS,No,Normal Transaction
909569,500000133,2026-06-15,22:38:43,IMPS,19948,Reliance,Hyderabad,POS,No,Normal Transaction
909570,500000052,2026-08-29,23:38:08,ATM,24168,Paytm,Delhi,POS,No,Normal Transaction
909571,500000053,2026-05-04,03:51:53,ATM,99653,DMart,Delhi,POS,No,Normal Transaction
909572,500000048,2026-08-09,18:49:26,NEFT,37367,DMart,Pune,POS,No,Normal Transaction
909573,500000128,2026-07-01,06:15:23,Credit Card,73170,Zomato,Lucknow,POS,No,Normal Transaction
909574,500000054,2026-05-24,18:01:13,Credit Card,58090,Reliance,Bengaluru,ATM,No,Normal Transaction
909575,500000052,2026-07-22,02:03:43,UPI,86152,IRCTC,Kolkata,POS,No,Normal Transaction
909576,500000148,2026-02-08,04:35:00,NEFT,90397,Uber,Bengaluru,Mobile,No,Normal Transaction
909577,500000045,2026-12-03,17:13:39,NEFT,5640,Reliance,Pune,Mobile,No,Normal Transaction
909578,500000143,2026-08-31,18:45:16,IMPS,14859,IRCTC,Bengaluru,Mobile,No,Normal Transaction
909579,500000161,2026-12-27,02:41:14,RTGS,66544,IRCTC,Bengaluru,Mobile,No,Normal Transaction
909580,500000049,2026-01-31,06:10:08,Credit Card,40711,Paytm,Kolkata,POS,No,Normal Transaction
909581,500000084,2026-03-07,17:52:54,RTGS,57311,Swiggy,Mumbai,Laptop,No,Normal Transaction
909582,500000175,2026-08-04,12:57:29,ATM,58321,DMart,Hyderabad,POS,No,Normal Transaction
909583,500000180,2026-01-24,19:23:12,NEFT,88607,PhonePe,Lucknow,Laptop,No,Normal Transaction
909584,500000095,2026-05-28,20:09:51,IMPS,61123,Uber,Bengaluru,Laptop,No,Normal Transaction
909585,500000081,2026-07-26,10:33:39,Credit Card,46794,IRCTC,Pune,ATM,No,Normal Transaction
909586,500000026,2026-04-12,20:04:01,Credit Card,58623,Amazon,Pune,ATM,No,Normal Transaction
909587,500000016,2026-10-09,16:25:41,RTGS,19065,Paytm,Kolkata,Mobile,Yes,Multiple Transactions
909588,500000101,2026-08-22,06:15:48,ATM,6283,Swiggy,Pune,POS,No,Normal Transaction
909589,500000108,2026-06-01,11:11:21,RTGS,23754,Amazon,Bengaluru,Mobile,No,Normal Transaction
909590,500000130,2026-03-09,05:15:30,NEFT,67090,Paytm,Kolkata,POS,No,Normal Transaction
909591,500000117,2026-10-21,15:05:18,RTGS,18111,PhonePe,Pune,ATM,No,Normal Transaction
909592,500000036,2026-04-22,04:00:48,UPI,87007,Reliance,Pune,POS,No,Normal Transaction
909593,500000033,2026-06-16,17:02:26,ATM,80678,Flipkart,Pune,Mobile,No,Normal Transaction
909594,500000153,2026-03-14,12:52:11,Credit Card,75201,Reliance,Kolkata,ATM,No,Normal Transaction
909595,500000073,2026-03-23,17:53:45,ATM,38763,Swiggy,Lucknow,Laptop,No,Normal Transaction
909596,500000061,2026-05-27,13:37:58,RTGS,17219,PhonePe,Lucknow,POS,No,Normal Transaction
909597,500000147,2026-12-25,22:30:55,UPI,24408,Amazon,Mumbai,Laptop,No,Normal Transaction
909598,500000115,2026-11-02,03:27:27,IMPS,34694,Zomato,Delhi,POS,No,Normal Transaction
909599,500000091,2026-05-30,14:34:19,ATM,20605,IRCTC,Lucknow,Mobile,No,Normal Transaction
909600,500000147,2026-04-17,19:56:02,Debit Card,91126,Amazon,Pune,Mobile,No,Normal Transaction
909601,500000068,2026-05-17,07:00:36,Credit Card,40726,PhonePe,Kolkata,ATM,No,Normal Transaction
909602,500000068,2026-01-10,00:53:02,ATM,4545,Swiggy,Hyderabad,ATM,No,Normal Transaction
909603,500000072,2026-10-17,04:46:39,ATM,1788,Flipkart,Kolkata,POS,No,Normal Transaction
909604,500000120,2026-10-05,11:51:14,RTGS,68539,DMart,Pune,Mobile,No,Normal Transaction
909605,500000126,2026-03-05,07:19:55,UPI,88695,Uber,Kolkata,Laptop,No,Normal Transaction
909606,500000005,2026-03-31,15:30:22,Credit Card,10679,DMart,Kolkata,ATM,No,Normal Transaction
909607,500000156,2026-06-22,01:47:31,RTGS,39444,Uber,Kolkata,POS,No,Normal Transaction
909608,500000046,2026-04-20,08:31:57,Debit Card,59778,Reliance,Delhi,Mobile,No,Normal Transaction
909609,500000146,2026-07-16,07:19:53,IMPS,9244,Flipkart,Pune,Laptop,No,Normal Transaction
909610,500000152,2026-11-14,02:12:19,IMPS,61268,DMart,Mumbai,Mobile,No,Normal Transaction
909611,500000059,2026-03-20,08:59:56,IMPS,36097,Paytm,Pune,Mobile,No,Normal Transaction
909612,500000100,2026-01-18,10:04:12,RTGS,60236,Amazon,Delhi,Mobile,No,Normal Transaction
909613,500000079,2026-07-09,07:05:46,RTGS,71882,Flipkart,Kolkata,POS,No,Normal Transaction
909614,500000176,2026-05-16,02:08:25,IMPS,8557,Uber,Bengaluru,ATM,No,Normal Transaction
909615,500000049,2026-04-14,20:11:27,Debit Card,55894,Reliance,Delhi,Laptop,No,Normal Transaction
909616,500000034,2026-09-01,14:23:46,NEFT,12679,DMart,Delhi,Laptop,No,Normal Transaction
909617,500000100,2026-07-12,09:42:00,IMPS,65986,Uber,Pune,POS,No,Normal Transaction
909618,500000162,2026-03-24,06:51:58,ATM,17463,Reliance,Hyderabad,Mobile,No,Normal Transaction
909619,500000011,2026-05-25,20:43:11,Debit Card,69678,Amazon,Mumbai,Laptop,No,Normal Transaction
909620,500000110,2026-09-27,13:24:12,Credit Card,12009,Paytm,Delhi,Laptop,No,Normal Transaction
909621,500000094,2026-02-02,00:51:06,IMPS,10086,Swiggy,Bengaluru,Mobile,No,Normal Transaction
909622,500000040,2026-10-02,22:03:27,RTGS,50057,Paytm,Bengaluru,POS,No,Normal Transaction
909623,500000136,2026-06-02,06:04:59,Debit Card,73653,Zomato,Mumbai,POS,No,Normal Transaction
909624,500000056,2026-11-02,01:20:34,Debit Card,40051,DMart,Pune,Mobile,No,Normal Transaction
909625,500000137,2026-01-25,06:55:55,RTGS,44487,Swiggy,Mumbai,POS,No,Normal Transaction
909626,500000159,2026-08-07,06:18:47,UPI,87754,PhonePe,Hyderabad,Laptop,No,Normal Transaction
909627,500000094,2026-06-03,01:20:28,IMPS,6000,Amazon,Hyderabad,POS,No,Normal Transaction
909628,500000057,2026-09-02,04:26:16,RTGS,5925,Swiggy,Bengaluru,Mobile,No,Normal Transaction
909629,500000030,2026-12-25,09:39:45,Debit Card,2776,Flipkart,Hyderabad,Laptop,No,Normal Transaction
909630,500000082,2026-04-25,00:48:20,NEFT,99345,Flipkart,Bengaluru,Mobile,No,Normal Transaction
909631,500000180,2026-03-02,13:34:11,IMPS,34046,PhonePe,Kolkata,ATM,No,Normal Transaction
909632,500000105,2026-02-15,22:27:01,NEFT,84361,Flipkart,Mumbai,POS,No,Normal Transaction
909633,500000117,2026-08-01,11:26:00,Credit Card,17230,Zomato,Bengaluru,Laptop,No,Normal Transaction
909634,500000065,2026-08-03,20:12:00,Debit Card,71005,Swiggy,Delhi,ATM,No,Normal Transaction
909635,500000118,2026-12-31,02:05:50,RTGS,27068,Swiggy,Lucknow,POS,No,Normal Transaction
909636,500000074,2026-10-27,03:09:25,Credit Card,71471,PhonePe,Mumbai,Laptop,No,Normal Transaction
909637,500000050,2026-10-11,06:22:43,RTGS,81733,IRCTC,Hyderabad,ATM,No,Normal Transaction
909638,500000034,2026-11-16,09:47:24,Credit Card,75039,IRCTC,Hyderabad,Mobile,No,Normal Transaction
909639,500000044,2026-09-23,05:11:47,Debit Card,87494,Flipkart,Lucknow,POS,No,Normal Transaction
909640,500000044,2026-12-11,01:30:52,Credit Card,42573,Uber,Mumbai,POS,No,Normal Transaction
909641,500000131,2026-01-25,00:00:10,IMPS,86567,Zomato,Hyderabad,Mobile,No,Normal Transaction
909642,500000160,2026-03-29,23:49:03,NEFT,93532,Flipkart,Pune,Laptop,No,Normal Transaction
909643,500000131,2026-02-19,21:44:47,RTGS,14310,Swiggy,Lucknow,ATM,No,Normal Transaction
909644,500000033,2026-12-24,11:13:28,Credit Card,94049,Zomato,Hyderabad,ATM,No,Normal Transaction
909645,500000038,2026-07-05,02:47:33,ATM,79263,Flipkart,Delhi,Mobile,No,Normal Transaction
909646,500000112,2026-01-21,12:48:16,Credit Card,29508,DMart,Lucknow,Mobile,No,Normal Transaction
909647,500000100,2026-08-25,14:59:52,ATM,61446,Paytm,Hyderabad,POS,No,Normal Transaction
909648,500000166,2026-07-15,22:31:37,UPI,66015,Flipkart,Hyderabad,Mobile,No,Normal Transaction
909649,500000180,2026-12-13,18:09:02,Debit Card,55602,Paytm,Hyderabad,Mobile,No,Normal Transaction
909650,500000075,2026-02-08,06:43:42,Debit Card,95806,Amazon,Delhi,POS,No,Normal Transaction
909651,500000102,2026-06-10,08:17:50,Debit Card,20421,Swiggy,Kolkata,POS,No,Normal Transaction
909652,500000104,2026-02-09,18:25:43,Credit Card,65606,Paytm,Mumbai,Mobile,No,Normal Transaction
909653,500000156,2026-04-24,02:34:50,ATM,44004,Uber,Pune,ATM,No,Normal Transaction
909654,500000002,2026-06-25,16:28:47,RTGS,82993,Amazon,Kolkata,POS,No,Normal Transaction
909655,500000177,2026-10-11,18:51:25,RTGS,60696,Swiggy,Pune,ATM,No,Normal Transaction
909656,500000085,2026-03-26,11:49:30,ATM,12445,Zomato,Bengaluru,Laptop,No,Normal Transaction
909657,500000003,2026-01-27,19:15:21,IMPS,42640,Paytm,Delhi,POS,No,Normal Transaction
909658,500000176,2026-07-09,15:09:05,RTGS,66955,DMart,Kolkata,Laptop,No,Normal Transaction
909659,500000046,2026-06-16,02:20:36,NEFT,22316,IRCTC,Hyderabad,ATM,No,Normal Transaction
909660,500000058,2026-11-05,19:25:45,Debit Card,16058,PhonePe,Bengaluru,ATM,No,Normal Transaction
909661,500000134,2026-04-25,16:48:55,Credit Card,16130,Flipkart,Hyderabad,POS,No,Normal Transaction
909662,500000039,2026-12-20,10:43:31,Credit Card,19282,DMart,Lucknow,ATM,No,Normal Transaction
909663,500000161,2026-07-22,21:09:17,UPI,96295,Paytm,Kolkata,Mobile,No,Normal Transaction
909664,500000028,2026-10-01,01:31:29,ATM,94668,Flipkart,Delhi,Laptop,No,Normal Transaction
909665,500000028,2026-12-03,19:17:24,RTGS,14388,Uber,Mumbai,Mobile,No,Normal Transaction
909666,500000174,2026-04-23,21:49:49,UPI,63645,DMart,Mumbai,Laptop,No,Normal Transaction
909667,500000090,2026-09-02,04:18:40,ATM,32683,DMart,Pune,POS,No,Normal Transaction
909668,500000023,2026-09-16,19:28:34,RTGS,59621,IRCTC,Pune,Mobile,No,Normal Transaction
909669,500000065,2026-02-07,00:07:08,NEFT,6866,Zomato,Bengaluru,Mobile,No,Normal Transaction
909670,500000117,2026-08-03,08:38:57,RTGS,65834,Swiggy,Lucknow,POS,No,Normal Transaction
909671,500000123,2026-08-22,14:34:27,NEFT,11402,DMart,Delhi,Mobile,No,Normal Transaction
909672,500000029,2026-06-13,19:37:29,RTGS,70091,Paytm,Mumbai,Laptop,No,Normal Transaction
909673,500000006,2026-03-17,21:11:43,Credit Card,15550,Flipkart,Mumbai,Laptop,No,Normal Transaction
909674,500000051,2026-10-01,13:39:45,Debit Card,73777,Amazon,Hyderabad,ATM,No,Normal Transaction
909675,500000147,2026-09-02,02:29:57,Credit Card,3338,Paytm,Lucknow,ATM,No,Normal Transaction
909676,500000022,2026-09-15,18:43:22,RTGS,12332,DMart,Pune,POS,No,Normal Transaction
909677,500000010,2026-09-11,11:38:07,Debit Card,27846,Amazon,Hyderabad,Laptop,No,Normal Transaction
909678,500000022,2026-12-30,19:38:27,ATM,89828,IRCTC,Lucknow,ATM,No,Normal Transaction
909679,500000116,2026-04-22,04:05:56,NEFT,34924,IRCTC,Kolkata,POS,No,Normal Transaction
909680,500000080,2026-03-11,15:30:45,NEFT,12649,Reliance,Delhi,Mobile,No,Normal Transaction
909681,500000005,2026-08-28,04:24:43,ATM,53521,Flipkart,Mumbai,Laptop,No,Normal Transaction
909682,500000117,2026-08-17,03:18:51,IMPS,40227,IRCTC,Bengaluru,POS,No,Normal Transaction
909683,500000012,2026-06-21,03:15:59,NEFT,5661,PhonePe,Lucknow,ATM,No,Normal Transaction
909684,500000005,2026-06-11,13:56:12,NEFT,80059,PhonePe,Lucknow,ATM,Yes,Different City
909685,500000056,2026-08-23,11:08:30,UPI,97181,PhonePe,Hyderabad,Laptop,No,Normal Transaction
909686,500000048,2026-05-20,23:25:44,ATM,67992,Zomato,Delhi,Laptop,No,Normal Transaction
909687,500000159,2026-01-02,15:36:35,Debit Card,82903,Zomato,Delhi,Mobile,No,Normal Transaction
909688,500000161,2026-01-26,16:58:13,NEFT,50316,Flipkart,Mumbai,POS,No,Normal Transaction
909689,500000017,2026-02-22,04:00:52,RTGS,91258,PhonePe,Kolkata,Mobile,No,Normal Transaction
909690,500000161,2026-04-12,00:18:16,ATM,49375,Zomato,Bengaluru,ATM,No,Normal Transaction
909691,500000065,2026-12-05,02:53:12,Credit Card,61307,Amazon,Mumbai,ATM,No,Normal Transaction
909692,500000144,2026-06-12,18:21:46,NEFT,16476,PhonePe,Hyderabad,Mobile,No,Normal Transaction
909693,500000136,2026-02-07,07:39:56,UPI,8921,Zomato,Delhi,Laptop,No,Normal Transaction
909694,500000170,2026-04-05,22:48:22,NEFT,23684,Paytm,Bengaluru,Mobile,No,Normal Transaction
909695,500000039,2026-03-29,02:14:39,RTGS,86615,Reliance,Lucknow,ATM,No,Normal Transaction
909696,500000101,2026-05-13,02:42:41,Debit Card,10613,Uber,Mumbai,ATM,No,Normal Transaction
909697,500000148,2026-06-29,23:19:26,Debit Card,30289,Swiggy,Hyderabad,Mobile,No,Normal Transaction
909698,500000157,2026-01-08,06:13:06,Credit Card,88573,IRCTC,Hyderabad,ATM,No,Normal Transaction
909699,500000069,2026-08-25,18:02:26,ATM,46207,Reliance,Pune,Mobile,No,Normal Transaction
909700,500000087,2026-03-04,07:47:58,Credit Card,30757,Zomato,Lucknow,Mobile,No,Normal Transaction
909701,500000094,2026-03-13,01:22:33,NEFT,47507,DMart,Pune,ATM,No,Normal Transaction
909702,500000145,2026-09-01,16:49:22,UPI,62946,Swiggy,Bengaluru,Mobile,No,Normal Transaction
909703,500000038,2026-02-09,19:52:05,UPI,89138,Paytm,Pune,Mobile,No,Normal Transaction
909704,500000138,2026-10-31,00:21:17,IMPS,51108,Flipkart,Pune,ATM,No,Normal Transaction
909705,500000169,2026-12-14,10:00:20,IMPS,70441,Uber,Delhi,ATM,No,Normal Transaction
909706,500000021,2026-11-06,10:03:46,IMPS,53402,Zomato,Kolkata,POS,No,Normal Transaction
909707,500000051,2026-12-24,04:19:09,Credit Card,85686,Swiggy,Delhi,ATM,No,Normal Transaction
909708,500000040,2026-11-17,15:24:44,Credit Card,51375,Swiggy,Delhi,Laptop,No,Normal Transaction
909709,500000028,2026-06-09,02:05:16,RTGS,93667,IRCTC,Mumbai,Mobile,No,Normal Transaction
909710,500000167,2026-07-27,00:43:31,NEFT,76872,Amazon,Mumbai,Laptop,No,Normal Transaction
909711,500000044,2026-05-19,01:10:35,Debit Card,69502,DMart,Bengaluru,POS,No,Normal Transaction
909712,500000117,2026-12-10,08:13:04,ATM,44947,Reliance,Mumbai,ATM,No,Normal Transaction
909713,500000044,2026-02-14,21:46:38,Debit Card,29821,Amazon,Lucknow,ATM,No,Normal Transaction
909714,500000130,2026-08-11,11:59:15,Credit Card,19556,Amazon,Kolkata,Mobile,No,Normal Transaction
909715,500000077,2026-03-12,03:04:04,Debit Card,44921,IRCTC,Delhi,POS,No,Normal Transaction
909716,500000051,2026-11-02,18:52:27,UPI,1434,Swiggy,Hyderabad,POS,No,Normal Transaction
909717,500000168,2026-10-08,07:47:28,UPI,61356,Swiggy,Kolkata,POS,No,Normal Transaction
909718,500000043,2026-07-10,03:54:41,Debit Card,35124,Swiggy,Lucknow,Mobile,No,Normal Transaction
909719,500000086,2026-02-01,04:19:53,IMPS,56356,Swiggy,Hyderabad,Mobile,No,Normal Transaction
909720,500000041,2026-09-19,03:30:57,Debit Card,39890,Uber,Lucknow,Mobile,No,Normal Transaction
909721,500000056,2026-12-27,21:40:37,Debit Card,63665,DMart,Lucknow,Mobile,No,Normal Transaction
909722,500000085,2026-11-12,06:36:27,NEFT,39074,Paytm,Mumbai,ATM,No,Normal Transaction
909723,500000169,2026-07-04,04:06:32,ATM,60986,Uber,Hyderabad,POS,No,Normal Transaction
909724,500000136,2026-08-03,21:31:59,ATM,50380,Reliance,Kolkata,POS,No,Normal Transaction
909725,500000161,2026-05-26,09:16:03,RTGS,79476,Swiggy,Lucknow,ATM,No,Normal Transaction
909726,500000140,2026-11-18,04:48:54,UPI,50593,Uber,Delhi,Laptop,No,Normal Transaction
909727,500000157,2026-07-02,00:36:52,RTGS,19107,Reliance,Pune,POS,No,Normal Transaction
909728,500000081,2026-06-16,17:38:34,IMPS,92045,PhonePe,Kolkata,POS,Yes,Midnight Transaction
909729,500000060,2026-11-23,11:03:30,ATM,67269,Amazon,Delhi,Laptop,No,Normal Transaction
909730,500000142,2026-11-29,09:34:20,NEFT,54923,Uber,Pune,Laptop,No,Normal Transaction
909731,500000128,2026-02-26,05:30:08,IMPS,63441,Flipkart,Mumbai,ATM,No,Normal Transaction
909732,500000052,2026-05-12,08:20:47,Debit Card,32288,Zomato,Delhi,Mobile,No,Normal Transaction
909733,500000030,2026-11-24,04:50:54,Debit Card,83833,Swiggy,Delhi,Laptop,No,Normal Transaction
909734,500000037,2026-05-21,04:58:37,Credit Card,68206,Paytm,Hyderabad,Mobile,No,Normal Transaction
909735,500000144,2026-12-19,01:46:36,NEFT,22617,Amazon,Delhi,ATM,No,Normal Transaction
909736,500000048,2026-04-30,10:07:20,UPI,78634,PhonePe,Lucknow,Laptop,No,Normal Transaction
909737,500000098,2026-03-14,11:11:45,ATM,34818,Paytm,Mumbai,Laptop,No,Normal Transaction
909738,500000177,2026-07-05,00:08:54,UPI,43729,Zomato,Delhi,Mobile,No,Normal Transaction
909739,500000045,2026-06-04,07:35:05,UPI,50119,IRCTC,Kolkata,Mobile,No,Normal Transaction
909740,500000056,2026-08-12,15:03:01,RTGS,55563,Swiggy,Pune,Mobile,No,Normal Transaction
909741,500000026,2026-06-24,19:04:04,NEFT,18080,Reliance,Kolkata,ATM,No,Normal Transaction
909742,500000163,2026-02-12,13:41:29,NEFT,26660,Zomato,Mumbai,ATM,No,Normal Transaction
909743,500000049,2026-07-27,17:52:58,UPI,45264,Uber,Mumbai,ATM,No,Normal Transaction
909744,500000012,2026-10-13,06:21:09,RTGS,49717,Zomato,Pune,Laptop,No,Normal Transaction
909745,500000163,2026-09-22,03:00:09,Credit Card,39379,Flipkart,Bengaluru,Mobile,No,Normal Transaction
909746,500000025,2026-05-09,09:23:45,UPI,3859,PhonePe,Bengaluru,Laptop,No,Normal Transaction
909747,500000042,2026-01-05,03:06:34,RTGS,24902,Amazon,Lucknow,Mobile,No,Normal Transaction
909748,500000111,2026-11-05,14:54:43,IMPS,41681,Swiggy,Mumbai,POS,No,Normal Transaction
909749,500000025,2026-03-20,03:03:50,UPI,49842,Amazon,Pune,Laptop,No,Normal Transaction
909750,500000082,2026-01-18,23:15:37,IMPS,7311,Uber,Mumbai,Laptop,No,Normal Transaction
909751,500000015,2026-04-27,12:12:46,IMPS,93546,Amazon,Hyderabad,Laptop,No,Normal Transaction
909752,500000139,2026-07-26,13:23:29,Debit Card,30927,IRCTC,Mumbai,Laptop,No,Normal Transaction
909753,500000129,2026-11-01,08:32:47,ATM,56840,Amazon,Hyderabad,ATM,Yes,Multiple Transactions
909754,500000007,2026-08-27,21:11:19,UPI,24276,Uber,Kolkata,POS,No,Normal Transaction
909755,500000096,2026-05-27,18:12:32,IMPS,82995,Flipkart,Mumbai,POS,No,Normal Transaction
909756,500000171,2026-05-31,16:18:05,Debit Card,453,DMart,Pune,Laptop,No,Normal Transaction
909757,500000070,2026-03-05,03:58:17,IMPS,97294,Reliance,Kolkata,Mobile,No,Normal Transaction
909758,500000067,2026-05-13,12:58:19,Credit Card,19774,Flipkart,Kolkata,Mobile,No,Normal Transaction
909759,500000003,2026-01-09,03:38:01,NEFT,7760,PhonePe,Pune,Mobile,No,Normal Transaction
909760,500000052,2026-06-16,07:08:47,Debit Card,49355,IRCTC,Kolkata,ATM,No,Normal Transaction
909761,500000009,2026-01-01,08:49:21,NEFT,84865,Uber,Pune,POS,No,Normal Transaction
909762,500000063,2026-11-23,17:50:35,ATM,84070,IRCTC,Delhi,POS,No,Normal Transaction
909763,500000102,2026-10-28,14:19:06,UPI,79944,Swiggy,Hyderabad,Laptop,No,Normal Transaction
909764,500000024,2026-02-27,02:34:07,RTGS,89546,Flipkart,Delhi,POS,No,Normal Transaction
909765,500000095,2026-02-01,09:37:06,UPI,83660,Uber,Mumbai,Laptop,No,Normal Transaction
909766,500000016,2026-01-06,01:24:39,UPI,65575,Paytm,Mumbai,ATM,No,Normal Transaction
909767,500000078,2026-11-19,03:57:00,RTGS,28859,Paytm,Hyderabad,Mobile,No,Normal Transaction
909768,500000110,2026-10-30,09:49:29,Debit Card,70700,Flipkart,Pune,POS,No,Normal Transaction
909769,500000023,2026-05-29,14:21:43,Debit Card,40326,Flipkart,Delhi,POS,No,Normal Transaction
909770,500000027,2026-05-09,19:50:48,ATM,60554,Flipkart,Lucknow,POS,No,Normal Transaction
909771,500000023,2026-03-29,15:55:11,ATM,88099,Swiggy,Hyderabad,Mobile,No,Normal Transaction
909772,500000027,2026-02-26,16:21:33,Credit Card,21217,Zomato,Mumbai,ATM,No,Normal Transaction
909773,500000004,2026-07-21,11:24:34,ATM,43400,Flipkart,Delhi,ATM,No,Normal Transaction
909774,500000021,2026-08-30,13:20:06,Debit Card,15845,Zomato,Kolkata,Laptop,No,Normal Transaction
909775,500000029,2026-06-20,11:33:12,Credit Card,70797,Amazon,Hyderabad,POS,No,Normal Transaction
909776,500000152,2026-11-01,08:57:51,IMPS,99139,Zomato,Kolkata,Mobile,No,Normal Transaction
909777,500000140,2026-08-31,14:35:49,RTGS,49946,PhonePe,Hyderabad,Mobile,No,Normal Transaction
909778,500000155,2026-07-07,10:19:47,Credit Card,50101,Uber,Pune,POS,Yes,Different City
909779,500000027,2026-01-04,07:45:48,RTGS,11439,Amazon,Lucknow,POS,No,Normal Transaction
909780,500000032,2026-04-02,10:20:24,NEFT,23769,PhonePe,Kolkata,Laptop,No,Normal Transaction
909781,500000078,2026-09-24,12:09:38,Debit Card,41210,DMart,Pune,ATM,No,Normal Transaction
909782,500000106,2026-04-09,20:33:34,NEFT,3544,Reliance,Delhi,POS,No,Normal Transaction
909783,500000051,2026-01-20,12:54:53,IMPS,24386,Zomato,Delhi,POS,No,Normal Transaction
909784,500000087,2026-12-28,00:45:23,UPI,37996,Reliance,Hyderabad,Mobile,No,Normal Transaction
909785,500000041,2026-01-21,12:12:00,RTGS,99368,Uber,Pune,ATM,No,Normal Transaction
909786,500000093,2026-08-17,19:00:23,RTGS,64583,Reliance,Bengaluru,Laptop,No,Normal Transaction
909787,500000133,2026-01-11,20:46:21,UPI,55020,Amazon,Bengaluru,Mobile,No,Normal Transaction
909788,500000071,2026-10-01,09:03:24,ATM,80439,PhonePe,Hyderabad,ATM,No,Normal Transaction
909789,500000139,2026-11-29,21:47:07,RTGS,29274,Swiggy,Mumbai,Mobile,No,Normal Transaction
909790,500000007,2026-04-29,18:57:17,IMPS,66875,Flipkart,Kolkata,ATM,No,Normal Transaction
909791,500000019,2026-03-23,14:36:33,IMPS,17301,Reliance,Bengaluru,Mobile,No,Normal Transaction
909792,500000179,2026-04-21,23:31:01,IMPS,17555,Reliance,Kolkata,POS,No,Normal Transaction
909793,500000045,2026-06-02,10:51:10,IMPS,83828,Paytm,Pune,Mobile,No,Normal Transaction
909794,500000023,2026-12-02,09:40:38,UPI,50116,Paytm,Lucknow,POS,No,Normal Transaction
909795,500000025,2026-08-02,02:30:02,ATM,37780,Uber,Lucknow,ATM,No,Normal Transaction
909796,500000147,2026-01-31,13:11:05,RTGS,82317,DMart,Delhi,POS,No,Normal Transaction
909797,500000073,2026-02-07,18:47:04,RTGS,68006,Reliance,Bengaluru,POS,No,Normal Transaction
909798,500000011,2026-07-30,04:47:01,RTGS,28955,IRCTC,Kolkata,POS,No,Normal Transaction
909799,500000174,2026-02-20,08:40:14,IMPS,51172,Flipkart,Bengaluru,Laptop,No,Normal Transaction
909800,500000071,2026-11-29,22:24:20,ATM,39984,Amazon,Mumbai,ATM,No,Normal Transaction
909801,500000091,2026-08-21,23:02:42,ATM,40931,Amazon,Hyderabad,POS,No,Normal Transaction
909802,500000020,2026-06-13,09:44:26,Credit Card,46487,Uber,Kolkata,Laptop,No,Normal Transaction
909803,500000133,2026-01-31,08:53:59,NEFT,54819,Swiggy,Hyderabad,Mobile,No,Normal Transaction
909804,500000058,2026-07-08,00:29:11,IMPS,89786,Zomato,Kolkata,POS,No,Normal Transaction
909805,500000007,2026-06-17,18:17:30,RTGS,36650,Zomato,Kolkata,ATM,No,Normal Transaction
909806,500000176,2026-04-06,19:30:24,Credit Card,14488,Reliance,Kolkata,Mobile,No,Normal Transaction
909807,500000063,2026-06-11,12:36:17,Debit Card,71873,Swiggy,Delhi,Laptop,No,Normal Transaction
909808,500000068,2026-09-24,11:10:41,UPI,13520,Zomato,Bengaluru,Laptop,No,Normal Transaction
909809,500000045,2026-07-13,15:13:27,ATM,84658,Paytm,Hyderabad,Mobile,No,Normal Transaction
909810,500000130,2026-12-23,18:25:47,Credit Card,11814,Flipkart,Mumbai,ATM,No,Normal Transaction
909811,500000167,2026-01-25,11:02:16,UPI,39995,DMart,Hyderabad,ATM,No,Normal Transaction
909812,500000042,2026-05-05,14:43:37,UPI,71724,Swiggy,Hyderabad,Mobile,No,Normal Transaction
909813,500000034,2026-11-25,04:28:47,RTGS,45267,Swiggy,Bengaluru,Mobile,No,Normal Transaction
909814,500000066,2026-02-11,23:28:09,IMPS,49397,Uber,Kolkata,POS,No,Normal Transaction
909815,500000118,2026-12-16,09:26:19,UPI,22003,Reliance,Delhi,ATM,No,Normal Transaction
909816,500000077,2026-01-11,10:19:07,RTGS,53659,Paytm,Hyderabad,ATM,No,Normal Transaction
909817,500000096,2026-06-14,01:50:31,Credit Card,53122,Zomato,Lucknow,POS,No,Normal Transaction
909818,500000026,2026-01-22,05:42:07,ATM,77308,DMart,Kolkata,Laptop,No,Normal Transaction
909819,500000023,2026-05-12,22:20:35,IMPS,99313,Swiggy,Bengaluru,ATM,Yes,Midnight Transaction
909820,500000106,2026-06-05,18:46:28,IMPS,75197,IRCTC,Delhi,POS,No,Normal Transaction
909821,500000121,2026-12-12,04:16:04,Debit Card,91869,IRCTC,Bengaluru,Mobile,No,Normal Transaction
909822,500000160,2026-05-15,08:16:39,Debit Card,1620,Amazon,Mumbai,Mobile,No,Normal Transaction
909823,500000167,2026-04-27,09:03:07,IMPS,41467,Swiggy,Lucknow,ATM,No,Normal Transaction
909824,500000092,2026-10-28,10:11:35,UPI,95929,Reliance,Delhi,Mobile,No,Normal Transaction
909825,500000122,2026-08-21,15:59:16,Debit Card,2143,Amazon,Kolkata,ATM,No,Normal Transaction
909826,500000159,2026-08-04,02:32:28,Credit Card,23276,PhonePe,Pune,ATM,No,Normal Transaction
909827,500000024,2026-04-20,10:09:39,Debit Card,49956,Zomato,Hyderabad,ATM,No,Normal Transaction
909828,500000096,2026-02-21,06:37:55,RTGS,48245,Uber,Pune,Mobile,No,Normal Transaction
909829,500000175,2026-12-07,22:14:17,UPI,47235,PhonePe,Lucknow,ATM,Yes,High Amount
909830,500000004,2026-06-25,16:25:22,Debit Card,25671,Swiggy,Hyderabad,Laptop,No,Normal Transaction
909831,500000024,2026-02-13,02:19:21,ATM,3384,Flipkart,Kolkata,Mobile,No,Normal Transaction
909832,500000100,2026-10-04,00:00:16,IMPS,35666,Zomato,Mumbai,Laptop,No,Normal Transaction
909833,500000170,2026-03-03,00:25:54,ATM,69599,Paytm,Pune,Laptop,No,Normal Transaction
909834,500000092,2026-04-21,13:12:36,UPI,37720,Zomato,Kolkata,POS,No,Normal Transaction
909835,500000008,2026-06-06,04:26:19,RTGS,34338,DMart,Kolkata,Mobile,No,Normal Transaction
909836,500000177,2026-02-07,19:20:42,RTGS,2479,Flipkart,Bengaluru,Laptop,No,Normal Transaction
909837,500000012,2026-05-25,18:37:55,UPI,45488,Flipkart,Mumbai,ATM,No,Normal Transaction
909838,500000057,2026-03-08,03:18:00,ATM,79365,DMart,Lucknow,ATM,No,Normal Transaction
909839,500000173,2026-08-19,01:25:34,Credit Card,74652,Uber,Kolkata,POS,No,Normal Transaction
909840,500000105,2026-05-25,03:15:33,Debit Card,99321,Flipkart,Pune,Laptop,No,Normal Transaction
909841,500000087,2026-06-15,20:59:33,RTGS,3110,Flipkart,Delhi,Mobile,No,Normal Transaction
909842,500000092,2027-01-01,04:48:08,RTGS,25501,Uber,Kolkata,POS,No,Normal Transaction
909843,500000121,2026-11-08,06:43:15,IMPS,58530,PhonePe,Kolkata,ATM,No,Normal Transaction
909844,500000040,2026-06-02,07:42:48,UPI,69283,Swiggy,Mumbai,POS,No,Normal Transaction
909845,500000100,2026-12-02,12:18:39,Credit Card,7300,IRCTC,Delhi,Laptop,No,Normal Transaction
909846,500000138,2026-07-06,23:07:14,NEFT,10488,Zomato,Hyderabad,Mobile,No,Normal Transaction
909847,500000051,2026-03-01,17:08:14,IMPS,45350,Amazon,Kolkata,POS,No,Normal Transaction
909848,500000073,2026-03-22,20:07:42,ATM,38759,Paytm,Pune,ATM,No,Normal Transaction
909849,500000095,2026-01-25,09:52:17,NEFT,27984,DMart,Lucknow,ATM,No,Normal Transaction
909850,500000118,2026-04-24,02:17:16,RTGS,94115,PhonePe,Lucknow,Mobile,No,Normal Transaction
909851,500000057,2026-08-27,10:02:53,NEFT,66766,Swiggy,Hyderabad,ATM,No,Normal Transaction
909852,500000130,2026-10-26,02:21:02,IMPS,5171,DMart,Pune,POS,No,Normal Transaction
909853,500000124,2026-08-21,07:28:16,ATM,15758,Amazon,Pune,ATM,No,Normal Transaction
909854,500000098,2026-02-19,00:27:54,Credit Card,30492,Swiggy,Hyderabad,Laptop,No,Normal Transaction
909855,500000147,2026-05-21,19:21:04,Credit Card,35718,Flipkart,Kolkata,POS,No,Normal Transaction
909856,500000105,2026-04-07,21:33:13,Debit Card,54766,Uber,Hyderabad,Mobile,No,Normal Transaction
909857,500000077,2026-11-28,20:08:02,NEFT,36922,Amazon,Pune,Laptop,No,Normal Transaction
909858,500000113,2026-04-13,20:37:36,NEFT,82084,Paytm,Pune,POS,No,Normal Transaction
909859,500000141,2026-04-23,23:56:21,IMPS,83312,Swiggy,Delhi,Laptop,No,Normal Transaction
909860,500000099,2026-07-02,13:48:58,ATM,4373,IRCTC,Bengaluru,Laptop,No,Normal Transaction
909861,500000090,2026-02-22,02:35:09,UPI,37985,Uber,Pune,POS,No,Normal Transaction
909862,500000114,2026-11-13,12:12:42,Debit Card,38539,Amazon,Bengaluru,Laptop,No,Normal Transaction
909863,500000129,2026-04-07,17:14:38,RTGS,98790,Paytm,Kolkata,ATM,No,Normal Transaction
909864,500000024,2026-08-18,02:45:01,Credit Card,13087,IRCTC,Delhi,POS,No,Normal Transaction
909865,500000023,2026-12-02,07:23:47,ATM,54162,PhonePe,Kolkata,Mobile,No,Normal Transaction
909866,500000086,2026-11-02,02:59:27,Credit Card,51448,Amazon,Hyderabad,Mobile,No,Normal Transaction
909867,500000173,2026-04-12,01:08:56,ATM,75631,Reliance,Delhi,Laptop,No,Normal Transaction
909868,500000157,2026-07-20,16:58:32,RTGS,76894,Reliance,Hyderabad,Laptop,No,Normal Transaction
909869,500000048,2026-06-13,01:09:57,IMPS,43568,Paytm,Mumbai,Laptop,No,Normal Transaction
909870,500000038,2026-03-11,03:45:10,RTGS,37155,Zomato,Mumbai,POS,No,Normal Transaction
909871,500000104,2026-08-08,17:36:16,UPI,32645,Paytm,Kolkata,Laptop,No,Normal Transaction
909872,500000026,2026-12-11,02:57:27,UPI,61766,IRCTC,Kolkata,POS,No,Normal Transaction
909873,500000078,2026-02-27,12:59:29,Credit Card,79669,Flipkart,Bengaluru,ATM,No,Normal Transaction
909874,500000047,2026-04-19,10:01:59,Credit Card,55911,Reliance,Pune,ATM,No,Normal Transaction
909875,500000118,2026-02-18,15:46:21,Debit Card,63295,PhonePe,Kolkata,Laptop,No,Normal Transaction
909876,500000038,2026-07-09,08:03:52,IMPS,80770,Amazon,Lucknow,Laptop,No,Normal Transaction
909877,500000172,2026-11-27,14:17:57,IMPS,94200,Swiggy,Delhi,POS,No,Normal Transaction
909878,500000076,2026-12-09,14:00:36,Credit Card,16534,Flipkart,Kolkata,Mobile,No,Normal Transaction
909879,500000015,2026-10-13,13:52:25,RTGS,64376,Swiggy,Bengaluru,Laptop,No,Normal Transaction
909880,500000054,2026-05-20,09:28:57,UPI,43511,Flipkart,Lucknow,ATM,No,Normal Transaction
909881,500000031,2026-01-05,09:20:31,Credit Card,39993,Reliance,Pune,ATM,No,Normal Transaction
909882,500000023,2026-09-09,09:33:58,NEFT,76505,IRCTC,Delhi,ATM,No,Normal Transaction
909883,500000011,2026-12-31,18:47:27,RTGS,57381,Reliance,Delhi,ATM,No,Normal Transaction
909884,500000072,2026-07-15,18:21:06,NEFT,53369,IRCTC,Delhi,Laptop,No,Normal Transaction
909885,500000117,2026-05-28,19:34:57,Credit Card,1874,Reliance,Hyderabad,ATM,No,Normal Transaction
909886,500000143,2026-06-09,13:13:51,IMPS,18557,Zomato,Mumbai,Mobile,No,Normal Transaction
909887,500000030,2026-02-27,12:21:22,Debit Card,13148,Uber,Bengaluru,Laptop,No,Normal Transaction
909888,500000150,2026-04-07,06:09:08,RTGS,75572,Reliance,Lucknow,Laptop,No,Normal Transaction
909889,500000021,2026-02-23,17:46:34,Credit Card,92907,IRCTC,Hyderabad,POS,No,Normal Transaction
909890,500000131,2026-09-05,00:46:26,IMPS,92396,Zomato,Mumbai,ATM,Yes,Different City
909891,500000025,2026-08-31,05:02:38,Debit Card,24659,PhonePe,Hyderabad,Mobile,No,Normal Transaction
909892,500000127,2026-08-13,18:47:49,RTGS,32243,DMart,Mumbai,Laptop,No,Normal Transaction
909893,500000141,2026-01-12,05:17:22,Debit Card,19807,Swiggy,Hyderabad,ATM,No,Normal Transaction
909894,500000008,2026-05-02,05:31:04,IMPS,76965,PhonePe,Hyderabad,ATM,No,Normal Transaction
909895,500000034,2026-08-26,07:34:09,Credit Card,16880,Amazon,Pune,POS,No,Normal Transaction
909896,500000041,2026-05-18,01:13:24,IMPS,5350,Flipkart,Bengaluru,ATM,No,Normal Transaction
909897,500000081,2026-04-08,15:16:15,RTGS,5682,Paytm,Mumbai,ATM,No,Normal Transaction
909898,500000004,2026-10-15,11:07:41,RTGS,76615,Paytm,Delhi,Mobile,No,Normal Transaction
909899,500000035,2026-11-16,11:17:55,RTGS,73254,Uber,Bengaluru,Mobile,No,Normal Transaction
909900,500000168,2026-02-07,00:17:15,IMPS,8120,PhonePe,Hyderabad,Laptop,No,Normal Transaction
909901,500000060,2026-12-07,00:48:01,NEFT,44648,Flipkart,Lucknow,ATM,No,Normal Transaction
909902,500000144,2026-05-28,20:17:38,Credit Card,90973,Amazon,Lucknow,Mobile,No,Normal Transaction
909903,500000019,2026-06-05,05:02:49,Credit Card,71992,Uber,Kolkata,POS,No,Normal Transaction
909904,500000002,2026-12-19,03:50:51,RTGS,7548,Reliance,Lucknow,Laptop,No,Normal Transaction
909905,500000172,2026-12-02,02:41:43,NEFT,86863,Amazon,Lucknow,POS,No,Normal Transaction
909906,500000152,2026-09-29,04:42:40,RTGS,82225,Uber,Delhi,POS,No,Normal Transaction
909907,500000035,2026-10-15,00:35:50,Credit Card,8424,Flipkart,Hyderabad,Laptop,No,Normal Transaction
909908,500000157,2026-06-12,06:56:27,Credit Card,754,Reliance,Pune,ATM,No,Normal Transaction
909909,500000036,2026-06-19,16:08:43,UPI,383,DMart,Lucknow,POS,Yes,Multiple Transactions
909910,500000116,2026-09-12,16:44:26,IMPS,99058,Paytm,Mumbai,POS,No,Normal Transaction
909911,500000067,2026-12-23,11:27:44,UPI,75911,Uber,Mumbai,POS,No,Normal Transaction
909912,500000020,2026-03-23,10:59:04,IMPS,21153,Swiggy,Kolkata,ATM,No,Normal Transaction
909913,500000115,2026-11-29,10:12:18,Debit Card,29573,Swiggy,Lucknow,Laptop,No,Normal Transaction
909914,500000100,2026-09-04,10:18:01,Debit Card,29284,DMart,Lucknow,Laptop,No,Normal Transaction
909915,500000103,2026-11-24,15:54:29,NEFT,92505,Zomato,Kolkata,POS,No,Normal Transaction
909916,500000061,2026-04-13,15:56:28,IMPS,16147,Zomato,Delhi,Mobile,No,Normal Transaction
909917,500000026,2026-07-15,22:12:27,Debit Card,38228,Reliance,Hyderabad,ATM,No,Normal Transaction
909918,500000095,2026-06-12,01:43:09,ATM,68844,Zomato,Kolkata,ATM,No,Normal Transaction
909919,500000079,2026-01-20,06:49:11,RTGS,57318,Reliance,Lucknow,Laptop,No,Normal Transaction
909920,500000092,2026-01-29,04:24:48,Credit Card,85936,PhonePe,Pune,ATM,No,Normal Transaction
909921,500000043,2026-02-14,02:03:05,Debit Card,23994,Paytm,Bengaluru,POS,No,Normal Transaction
909922,500000137,2026-10-05,03:42:32,ATM,20825,Swiggy,Pune,Mobile,No,Normal Transaction
909923,500000129,2026-01-02,12:40:56,UPI,55058,Zomato,Bengaluru,ATM,No,Normal Transaction
909924,500000048,2026-01-13,12:34:05,UPI,25704,IRCTC,Hyderabad,POS,No,Normal Transaction
909925,500000070,2026-07-28,08:17:48,IMPS,35863,Zomato,Lucknow,Mobile,Yes,Midnight Transaction
909926,500000087,2026-03-11,02:01:44,IMPS,85338,Zomato,Lucknow,Laptop,No,Normal Transaction
909927,500000167,2026-06-15,14:52:21,ATM,35479,Zomato,Hyderabad,Mobile,No,Normal Transaction
909928,500000065,2026-10-08,20:48:29,ATM,26456,Amazon,Kolkata,ATM,No,Normal Transaction
909929,500000096,2026-08-16,16:56:10,ATM,90645,Zomato,Hyderabad,POS,No,Normal Transaction
909930,500000164,2026-05-07,14:14:45,UPI,63109,PhonePe,Pune,Laptop,No,Normal Transaction
909931,500000056,2026-04-22,03:07:22,IMPS,13788,IRCTC,Lucknow,Laptop,No,Normal Transaction
909932,500000051,2026-04-23,02:31:24,Credit Card,8483,Zomato,Bengaluru,Laptop,No,Normal Transaction
909933,500000137,2026-03-21,07:45:34,IMPS,36240,Paytm,Delhi,Mobile,No,Normal Transaction
909934,500000085,2026-12-09,18:36:55,UPI,89578,Reliance,Bengaluru,POS,No,Normal Transaction
909935,500000176,2026-02-28,11:42:42,Credit Card,57170,Paytm,Lucknow,POS,No,Normal Transaction
909936,500000129,2026-09-14,11:55:36,Debit Card,46190,PhonePe,Mumbai,POS,No,Normal Transaction
909937,500000009,2026-02-18,05:10:08,NEFT,844,Swiggy,Delhi,Mobile,No,Normal Transaction
909938,500000127,2026-12-02,00:21:02,RTGS,61302,Flipkart,Lucknow,Mobile,No,Normal Transaction
909939,500000044,2026-06-05,02:28:45,IMPS,57156,Reliance,Pune,Laptop,No,Normal Transaction
909940,500000047,2026-10-16,07:14:04,Credit Card,1379,Zomato,Pune,Mobile,No,Normal Transaction
909941,500000129,2026-03-08,06:35:26,UPI,70327,Zomato,Lucknow,Mobile,No,Normal Transaction
909942,500000128,2026-03-22,00:34:22,UPI,32019,Flipkart,Delhi,ATM,No,Normal Transaction
909943,500000180,2026-10-01,10:39:27,NEFT,26023,Zomato,Pune,ATM,Yes,Multiple Transactions
909944,500000056,2026-10-16,05:56:12,UPI,71697,Reliance,Hyderabad,Laptop,No,Normal Transaction
909945,500000011,2026-12-04,01:01:55,NEFT,4734,Zomato,Mumbai,Mobile,No,Normal Transaction
909946,500000056,2026-02-21,02:07:24,Credit Card,78717,Paytm,Delhi,ATM,No,Normal Transaction
909947,500000023,2026-06-23,11:46:50,Credit Card,73770,Zomato,Delhi,Laptop,No,Normal Transaction
909948,500000047,2026-11-21,10:35:55,Credit Card,80591,IRCTC,Mumbai,Mobile,No,Normal Transaction
909949,500000004,2026-12-17,21:10:59,ATM,24290,Uber,Hyderabad,ATM,Yes,Multiple Transactions
909950,500000063,2026-08-04,21:20:29,RTGS,73323,IRCTC,Bengaluru,ATM,No,Normal Transaction
909951,500000180,2026-12-13,00:51:17,Debit Card,97695,Amazon,Pune,POS,No,Normal Transaction
909952,500000147,2026-03-01,16:52:23,IMPS,49497,Zomato,Kolkata,Mobile,No,Normal Transaction
909953,500000100,2026-10-07,14:38:59,NEFT,83510,Amazon,Bengaluru,POS,No,Normal Transaction
909954,500000045,2026-06-09,18:46:14,UPI,69850,Amazon,Hyderabad,POS,No,Normal Transaction
909955,500000094,2026-02-01,16:30:24,RTGS,51526,Swiggy,Delhi,ATM,No,Normal Transaction
909956,500000038,2026-12-18,17:20:01,Debit Card,56524,Swiggy,Hyderabad,ATM,No,Normal Transaction
909957,500000115,2026-12-16,04:49:56,Debit Card,49978,DMart,Bengaluru,POS,No,Normal Transaction
909958,500000006,2026-11-21,10:41:06,Debit Card,45417,Swiggy,Lucknow,ATM,No,Normal Transaction
909959,500000142,2026-01-09,17:10:32,RTGS,59418,Paytm,Bengaluru,POS,No,Normal Transaction
909960,500000030,2026-01-02,12:08:51,Debit Card,90108,Reliance,Mumbai,Mobile,No,Normal Transaction
909961,500000029,2026-01-28,02:08:10,Debit Card,45741,Uber,Bengaluru,ATM,No,Normal Transaction
909962,500000016,2026-03-20,00:13:57,Debit Card,4297,PhonePe,Hyderabad,Laptop,No,Normal Transaction
909963,500000161,2026-11-01,15:47:46,Debit Card,49124,Amazon,Delhi,Laptop,No,Normal Transaction
909964,500000028,2026-03-02,17:32:03,UPI,79680,Paytm,Pune,ATM,No,Normal Transaction
909965,500000157,2026-12-03,19:21:32,Credit Card,42275,PhonePe,Hyderabad,POS,No,Normal Transaction
909966,500000046,2026-04-21,22:47:21,UPI,89554,Zomato,Bengaluru,Laptop,No,Normal Transaction
909967,500000114,2026-08-19,12:00:12,IMPS,11964,Flipkart,Pune,POS,No,Normal Transaction
909968,500000172,2026-09-26,17:25:18,RTGS,6524,Zomato,Bengaluru,Laptop,No,Normal Transaction
909969,500000081,2026-08-22,17:47:55,IMPS,35837,Reliance,Kolkata,Mobile,No,Normal Transaction
909970,500000068,2026-10-21,04:03:16,NEFT,84533,PhonePe,Bengaluru,Laptop,No,Normal Transaction
909971,500000143,2026-04-17,22:21:35,NEFT,25680,Paytm,Kolkata,Laptop,No,Normal Transaction
909972,500000175,2026-01-25,17:07:50,RTGS,44218,Paytm,Delhi,Mobile,No,Normal Transaction
909973,500000058,2026-12-15,20:36:57,Credit Card,59714,DMart,Mumbai,ATM,No,Normal Transaction
909974,500000075,2026-04-02,17:55:07,NEFT,45621,Swiggy,Kolkata,ATM,No,Normal Transaction
909975,500000129,2026-06-22,03:14:09,Credit Card,33960,Reliance,Mumbai,POS,No,Normal Transaction
909976,500000162,2026-12-24,11:13:05,RTGS,57350,Uber,Mumbai,ATM,No,Normal Transaction
909977,500000066,2026-06-10,20:28:57,NEFT,23579,Reliance,Mumbai,Mobile,No,Normal Transaction
909978,500000066,2026-08-06,14:22:40,ATM,76424,Amazon,Lucknow,Laptop,No,Normal Transaction
909979,500000033,2026-08-30,13:10:09,IMPS,62441,PhonePe,Delhi,Laptop,No,Normal Transaction
909980,500000044,2026-05-21,19:55:35,IMPS,1908,Uber,Pune,Mobile,No,Normal Transaction
909981,500000111,2026-04-01,11:52:16,UPI,80729,Uber,Mumbai,Laptop,No,Normal Transaction
909982,500000119,2026-02-24,00:51:00,Credit Card,72449,Uber,Bengaluru,POS,No,Normal Transaction
909983,500000044,2026-09-15,02:25:10,ATM,82645,Reliance,Pune,ATM,No,Normal Transaction
909984,500000044,2026-03-13,12:22:31,IMPS,61980,Swiggy,Kolkata,ATM,No,Normal Transaction
909985,500000017,2026-11-26,12:21:30,Credit Card,29823,Flipkart,Kolkata,ATM,No,Normal Transaction
909986,500000053,2026-05-30,04:10:50,IMPS,90384,PhonePe,Kolkata,Laptop,No,Normal Transaction
909987,500000068,2026-12-18,02:00:31,NEFT,33317,Paytm,Bengaluru,ATM,No,Normal Transaction
909988,500000093,2026-12-11,04:25:06,Debit Card,46685,DMart,Lucknow,Mobile,No,Normal Transaction
909989,500000037,2026-03-08,16:21:46,Credit Card,33321,DMart,Delhi,Mobile,No,Normal Transaction
909990,500000008,2026-12-16,14:54:54,ATM,30448,Flipkart,Bengaluru,POS,No,Normal Transaction
909991,500000031,2026-04-13,19:04:39,ATM,45785,Paytm,Bengaluru,ATM,No,Normal Transaction
909992,500000151,2026-06-26,02:32:01,RTGS,57927,Paytm,Bengaluru,Mobile,No,Normal Transaction
909993,500000093,2026-12-31,05:36:05,Credit Card,50390,Paytm,Lucknow,Mobile,No,Normal Transaction
909994,500000083,2026-06-25,07:24:20,UPI,32722,Zomato,Delhi,Laptop,No,Normal Transaction
909995,500000173,2026-03-03,04:27:07,NEFT,97217,Amazon,Bengaluru,POS,No,Normal Transaction
909996,500000143,2026-05-11,06:36:06,RTGS,31611,Swiggy,Pune,ATM,No,Normal Transaction
909997,500000074,2026-06-06,19:02:14,NEFT,91641,Amazon,Delhi,POS,No,Normal Transaction
909998,500000010,2026-08-25,04:23:35,Credit Card,30394,IRCTC,Delhi,POS,No,Normal Transaction
909999,500000152,2026-01-30,05:40:01,NEFT,5686,DMart,Mumbai,ATM,No,Normal Transaction
910000,500000153,2026-01-24,18:04:52,UPI,42502,Swiggy,Hyderabad,ATM,No,Normal Transaction
